STRUCTURE,STRUCTURE_ID,STRUCTURE_NAME,ACTION,REF_AREA,Reference area,FREQ,Frequency of observation,MEASURE,Measure,UNIT_MEASURE,Unit of measure,FINANCING_SCHEME,Financing scheme,FINANCING_SCHEME_REV,Revenues of financing schemes,FUNCTION,Health function,MODE_PROVISION,Mode of provision,PROVIDER,Health care provider,FACTOR_PROVISION,Factor of provision,ASSET_TYPE,Asset type,PRICE_BASE,Price base,TIME_PERIOD,Time period,OBS_VALUE,Observation value,BASE_PER,Base period,CURRENCY,Currency,OBS_STATUS,Observation status,OBS_STATUS2,Observation status 2,OBS_STATUS3,Observation status 3,UNIT_MULT,Unit multiplier,DECIMALS,Decimals
DATAFLOW,OECD.ELS.HD:DSD_SHA@DF_SHA(1.0),Health expenditure and financing,I,BEL,Belgium,A,Annual,EXP_HEALTH,Expenditure,PT_B1GQ,Percentage of GDP,_T,Total,_Z,Not application,_T,Total,_T,Total,_T,Total,_Z,Not applicable,_Z,Not applicable,_Z,Not applicable,2009,,10.319,,,,,,,,,,,,0,Units,1,One
DATAFLOW,OECD.ELS.HD:DSD_SHA@DF_SHA(1.0),Health expenditure and financing,I,JPN,Japan,A,Annual,EXP_HEALTH,Expenditure,PT_B1GQ,Percentage of GDP,_T,Total,_Z,Not application,_T,Total,_T,Total,_T,Total,_Z,Not applicable,_Z,Not applicable,_Z,Not applicable,2021,,11.19,,,,,,,,,,,,0,Units,1,One
DATAFLOW,OECD.ELS.HD:DSD_SHA@DF_SHA(1.0),Health expenditure and financing,I,JPN,Japan,A,Annual,EXP_HEALTH,Expenditure,PT_B1GQ,Percentage of GDP,_T,Total,_Z,Not application,_T,Total,_T,Total,_T,Total,_Z,Not applicable,_Z,Not applicable,_Z,Not applicable,1996,,6.012,,,,,,,,,,,,0,Units,1,One
DATAFLOW,OECD.ELS.HD:DSD_SHA@DF_SHA(1.0),Health expenditure and financing,I,TUR,Türkiye,A,Annual,EXP_HEALTH,Expenditure,PT_B1GQ,Percentage of GDP,_T,Total,_Z,Not application,_T,Total,_T,Total,_T,Total,_Z,Not applicable,_Z,Not applicable,_Z,Not applicable,2015,,4.117,,,,,,,,,,,,0,Units,1,One
DATAFLOW,OECD.ELS.HD:DSD_SHA@DF_SHA(1.0),Health expenditure and financing,I,JPN,Japan,A,Annual,EXP_HEALTH,Expenditure,PT_B1GQ,Percentage of GDP,_T,Total,_Z,Not application,_T,Total,_T,Total,_T,Total,_Z,Not applicable,_Z,Not applicable,_Z,Not applicable,2012,,10.672,,,,,,,,,,,,0,Units,1,One
DATAFLOW,OECD.ELS.HD:DSD_SHA@DF_SHA(1.0),Health expenditure and financing,I,JPN,Japan,A,Annual,EXP_HEALTH,Expenditure,PT_B1GQ,Percentage of GDP,_T,Total,_Z,Not application,_T,Total,_T,Total,_T,Total,_Z,Not applicable,_Z,Not applicable,_Z,Not applicable,2013,,10.674,,,,,,,,,,,,0,Units,1,One
DATAFLOW,OECD.ELS.HD:DSD_SHA@DF_SHA(1.0),Health expenditure and financing,I,JPN,Japan,A,Annual,EXP_HEALTH,Expenditure,PT_B1GQ,Percentage of GDP,_T,Total,_Z,Not application,_T,Total,_T,Total,_T,Total,_Z,Not applicable,_Z,Not applicable,_Z,Not applicable,2014,,10.729,,,,,,,,,,,,0,Units,1,One
DATAFLOW,OECD.ELS.HD:DSD_SHA@DF_SHA(1.0),Health expenditure and financing,I,JPN,Japan,A,Annual,EXP_HEALTH,Expenditure,PT_B1GQ,Percentage of GDP,_T,Total,_Z,Not application,_T,Total,_T,Total,_T,Total,_Z,Not applicable,_Z,Not applicable,_Z,Not applicable,2015,,10.75,,,,,,,,,,,,0,Units,1,One
DATAFLOW,OECD.ELS.HD:DSD_SHA@DF_SHA(1.0),Health expenditure and financing,I,JPN,Japan,A,Annual,EXP_HEALTH,Expenditure,PT_B1GQ,Percentage of GDP,_T,Total,_Z,Not application,_T,Total,_T,Total,_T,Total,_Z,Not applicable,_Z,Not applicable,_Z,Not applicable,2016,,10.659,,,,,,,,,,,,0,Units,1,One
DATAFLOW,OECD.ELS.HD:DSD_SHA@DF_SHA(1.0),Health expenditure and financing,I,JPN,Japan,A,Annual,EXP_HEALTH,Expenditure,PT_B1GQ,Percentage of GDP,_T,Total,_Z,Not application,_T,Total,_T,Total,_T,Total,_Z,Not applicable,_Z,Not applicable,_Z,Not applicable,2017,,10.656,,,,,,,,,,,,0,Units,1,One
DATAFLOW,OECD.ELS.HD:DSD_SHA@DF_SHA(1.0),Health expenditure and financing,I,JPN,Japan,A,Annual,EXP_HEALTH,Expenditure,PT_B1GQ,Percentage of GDP,_T,Total,_Z,Not application,_T,Total,_T,Total,_T,Total,_Z,Not applicable,_Z,Not applicable,_Z,Not applicable,2018,,10.74,,,,,,,,,,,,0,Units,1,One
DATAFLOW,OECD.ELS.HD:DSD_SHA@DF_SHA(1.0),Health expenditure and financing,I,CZE,Czechia,A,Annual,EXP_HEALTH,Expenditure,PT_B1GQ,Percentage of GDP,_T,Total,_Z,Not application,_T,Total,_T,Total,_T,Total,_Z,Not applicable,_Z,Not applicable,_Z,Not applicable,2020,,9.157,,,,,,,,,,,,0,Units,1,One
DATAFLOW,OECD.ELS.HD:DSD_SHA@DF_SHA(1.0),Health expenditure and financing,I,CZE,Czechia,A,Annual,EXP_HEALTH,Expenditure,PT_B1GQ,Percentage of GDP,_T,Total,_Z,Not application,_T,Total,_T,Total,_T,Total,_Z,Not applicable,_Z,Not applicable,_Z,Not applicable,2021,,9.452,,,,,,,,,,,,0,Units,1,One
DATAFLOW,OECD.ELS.HD:DSD_SHA@DF_SHA(1.0),Health expenditure and financing,I,ISR,Israel,A,Annual,EXP_HEALTH,Expenditure,PT_B1GQ,Percentage of GDP,_T,Total,_Z,Not application,_T,Total,_T,Total,_T,Total,_Z,Not applicable,_Z,Not applicable,_Z,Not applicable,2018,,7.258,,,,,,,,,,,,0,Units,1,One
DATAFLOW,OECD.ELS.HD:DSD_SHA@DF_SHA(1.0),Health expenditure and financing,I,ISR,Israel,A,Annual,EXP_HEALTH,Expenditure,PT_B1GQ,Percentage of GDP,_T,Total,_Z,Not application,_T,Total,_T,Total,_T,Total,_Z,Not applicable,_Z,Not applicable,_Z,Not applicable,2019,,7.225,,,,,,,,,,,,0,Units,1,One
DATAFLOW,OECD.ELS.HD:DSD_SHA@DF_SHA(1.0),Health expenditure and financing,I,JPN,Japan,A,Annual,EXP_HEALTH,Expenditure,PT_B1GQ,Percentage of GDP,_T,Total,_Z,Not application,_T,Total,_T,Total,_T,Total,_Z,Not applicable,_Z,Not applicable,_Z,Not applicable,1994,,6.463,,,,,,D,Definition differs,,,,,0,Units,1,One
DATAFLOW,OECD.ELS.HD:DSD_SHA@DF_SHA(1.0),Health expenditure and financing,I,JPN,Japan,A,Annual,EXP_HEALTH,Expenditure,PT_B1GQ,Percentage of GDP,_T,Total,_Z,Not application,_T,Total,_T,Total,_T,Total,_Z,Not applicable,_Z,Not applicable,_Z,Not applicable,1992,,5.916,,,,,,D,Definition differs,,,,,0,Units,1,One
DATAFLOW,OECD.ELS.HD:DSD_SHA@DF_SHA(1.0),Health expenditure and financing,I,JPN,Japan,A,Annual,EXP_HEALTH,Expenditure,PT_B1GQ,Percentage of GDP,_T,Total,_Z,Not application,_T,Total,_T,Total,_T,Total,_Z,Not applicable,_Z,Not applicable,_Z,Not applicable,1993,,6.216,,,,,,D,Definition differs,,,,,0,Units,1,One
DATAFLOW,OECD.ELS.HD:DSD_SHA@DF_SHA(1.0),Health expenditure and financing,I,JPN,Japan,A,Annual,EXP_HEALTH,Expenditure,PT_B1GQ,Percentage of GDP,_T,Total,_Z,Not application,_T,Total,_T,Total,_T,Total,_Z,Not applicable,_Z,Not applicable,_Z,Not applicable,2011,,10.488,,,,,,B,Time series break,,,,,0,Units,1,One
DATAFLOW,OECD.ELS.HD:DSD_SHA@DF_SHA(1.0),Health expenditure and financing,I,JPN,Japan,A,Annual,EXP_HEALTH,Expenditure,PT_B1GQ,Percentage of GDP,_T,Total,_Z,Not application,_T,Total,_T,Total,_T,Total,_Z,Not applicable,_Z,Not applicable,_Z,Not applicable,1999,,6.865,,,,,,,,,,,,0,Units,1,One
DATAFLOW,OECD.ELS.HD:DSD_SHA@DF_SHA(1.0),Health expenditure and financing,I,JPN,Japan,A,Annual,EXP_HEALTH,Expenditure,PT_B1GQ,Percentage of GDP,_T,Total,_Z,Not application,_T,Total,_T,Total,_T,Total,_Z,Not applicable,_Z,Not applicable,_Z,Not applicable,2000,,7.035,,,,,,,,,,,,0,Units,1,One
DATAFLOW,OECD.ELS.HD:DSD_SHA@DF_SHA(1.0),Health expenditure and financing,I,JPN,Japan,A,Annual,EXP_HEALTH,Expenditure,PT_B1GQ,Percentage of GDP,_T,Total,_Z,Not application,_T,Total,_T,Total,_T,Total,_Z,Not applicable,_Z,Not applicable,_Z,Not applicable,2001,,7.239,,,,,,,,,,,,0,Units,1,One
DATAFLOW,OECD.ELS.HD:DSD_SHA@DF_SHA(1.0),Health expenditure and financing,I,JPN,Japan,A,Annual,EXP_HEALTH,Expenditure,PT_B1GQ,Percentage of GDP,_T,Total,_Z,Not application,_T,Total,_T,Total,_T,Total,_Z,Not applicable,_Z,Not applicable,_Z,Not applicable,2002,,7.352,,,,,,,,,,,,0,Units,1,One
DATAFLOW,OECD.ELS.HD:DSD_SHA@DF_SHA(1.0),Health expenditure and financing,I,JPN,Japan,A,Annual,EXP_HEALTH,Expenditure,PT_B1GQ,Percentage of GDP,_T,Total,_Z,Not application,_T,Total,_T,Total,_T,Total,_Z,Not applicable,_Z,Not applicable,_Z,Not applicable,2003,,7.487,,,,,,,,,,,,0,Units,1,One
DATAFLOW,OECD.ELS.HD:DSD_SHA@DF_SHA(1.0),Health expenditure and financing,I,JPN,Japan,A,Annual,EXP_HEALTH,Expenditure,PT_B1GQ,Percentage of GDP,_T,Total,_Z,Not application,_T,Total,_T,Total,_T,Total,_Z,Not applicable,_Z,Not applicable,_Z,Not applicable,2004,,7.535,,,,,,,,,,,,0,Units,1,One
DATAFLOW,OECD.ELS.HD:DSD_SHA@DF_SHA(1.0),Health expenditure and financing,I,JPN,Japan,A,Annual,EXP_HEALTH,Expenditure,PT_B1GQ,Percentage of GDP,_T,Total,_Z,Not application,_T,Total,_T,Total,_T,Total,_Z,Not applicable,_Z,Not applicable,_Z,Not applicable,2005,,7.658,,,,,,,,,,,,0,Units,1,One
DATAFLOW,OECD.ELS.HD:DSD_SHA@DF_SHA(1.0),Health expenditure and financing,I,JPN,Japan,A,Annual,EXP_HEALTH,Expenditure,PT_B1GQ,Percentage of GDP,_T,Total,_Z,Not application,_T,Total,_T,Total,_T,Total,_Z,Not applicable,_Z,Not applicable,_Z,Not applicable,2006,,7.687,,,,,,,,,,,,0,Units,1,One
DATAFLOW,OECD.ELS.HD:DSD_SHA@DF_SHA(1.0),Health expenditure and financing,I,JPN,Japan,A,Annual,EXP_HEALTH,Expenditure,PT_B1GQ,Percentage of GDP,_T,Total,_Z,Not application,_T,Total,_T,Total,_T,Total,_Z,Not applicable,_Z,Not applicable,_Z,Not applicable,1995,,6.173,,,,,,,,,,,,0,Units,1,One
DATAFLOW,OECD.ELS.HD:DSD_SHA@DF_SHA(1.0),Health expenditure and financing,I,JPN,Japan,A,Annual,EXP_HEALTH,Expenditure,PT_B1GQ,Percentage of GDP,_T,Total,_Z,Not application,_T,Total,_T,Total,_T,Total,_Z,Not applicable,_Z,Not applicable,_Z,Not applicable,2022,,11.422,,,,,,P,Provisional value,,,,,0,Units,1,One
DATAFLOW,OECD.ELS.HD:DSD_SHA@DF_SHA(1.0),Health expenditure and financing,I,JPN,Japan,A,Annual,EXP_HEALTH,Expenditure,PT_B1GQ,Percentage of GDP,_T,Total,_Z,Not application,_T,Total,_T,Total,_T,Total,_Z,Not applicable,_Z,Not applicable,_Z,Not applicable,2023,,11.087,,,,,,E,Estimated value,,,,,0,Units,1,One
DATAFLOW,OECD.ELS.HD:DSD_SHA@DF_SHA(1.0),Health expenditure and financing,I,JPN,Japan,A,Annual,EXP_HEALTH,Expenditure,PT_B1GQ,Percentage of GDP,_T,Total,_Z,Not application,_T,Total,_T,Total,_T,Total,_Z,Not applicable,_Z,Not applicable,_Z,Not applicable,2007,,7.779,,,,,,,,,,,,0,Units,1,One
DATAFLOW,OECD.ELS.HD:DSD_SHA@DF_SHA(1.0),Health expenditure and financing,I,JPN,Japan,A,Annual,EXP_HEALTH,Expenditure,PT_B1GQ,Percentage of GDP,_T,Total,_Z,Not application,_T,Total,_T,Total,_T,Total,_Z,Not applicable,_Z,Not applicable,_Z,Not applicable,1997,,6.289,,,,,,,,,,,,0,Units,1,One
DATAFLOW,OECD.ELS.HD:DSD_SHA@DF_SHA(1.0),Health expenditure and financing,I,JPN,Japan,A,Annual,EXP_HEALTH,Expenditure,PT_B1GQ,Percentage of GDP,_T,Total,_Z,Not application,_T,Total,_T,Total,_T,Total,_Z,Not applicable,_Z,Not applicable,_Z,Not applicable,1998,,6.509,,,,,,,,,,,,0,Units,1,One
DATAFLOW,OECD.ELS.HD:DSD_SHA@DF_SHA(1.0),Health expenditure and financing,I,JPN,Japan,A,Annual,EXP_HEALTH,Expenditure,PT_B1GQ,Percentage of GDP,_T,Total,_Z,Not application,_T,Total,_T,Total,_T,Total,_Z,Not applicable,_Z,Not applicable,_Z,Not applicable,2010,,9.063,,,,,,,,,,,,0,Units,1,One
DATAFLOW,OECD.ELS.HD:DSD_SHA@DF_SHA(1.0),Health expenditure and financing,I,AUT,Austria,A,Annual,EXP_HEALTH,Expenditure,PT_B1GQ,Percentage of GDP,_T,Total,_Z,Not application,_T,Total,_T,Total,_T,Total,_Z,Not applicable,_Z,Not applicable,_Z,Not applicable,2015,,10.368,,,,,,,,,,,,0,Units,1,One
DATAFLOW,OECD.ELS.HD:DSD_SHA@DF_SHA(1.0),Health expenditure and financing,I,AUT,Austria,A,Annual,EXP_HEALTH,Expenditure,PT_B1GQ,Percentage of GDP,_T,Total,_Z,Not application,_T,Total,_T,Total,_T,Total,_Z,Not applicable,_Z,Not applicable,_Z,Not applicable,2019,,10.488,,,,,,,,,,,,0,Units,1,One
DATAFLOW,OECD.ELS.HD:DSD_SHA@DF_SHA(1.0),Health expenditure and financing,I,AUT,Austria,A,Annual,EXP_HEALTH,Expenditure,PT_B1GQ,Percentage of GDP,_T,Total,_Z,Not application,_T,Total,_T,Total,_T,Total,_Z,Not applicable,_Z,Not applicable,_Z,Not applicable,2020,,11.316,,,,,,,,,,,,0,Units,1,One
DATAFLOW,OECD.ELS.HD:DSD_SHA@DF_SHA(1.0),Health expenditure and financing,I,AUT,Austria,A,Annual,EXP_HEALTH,Expenditure,PT_B1GQ,Percentage of GDP,_T,Total,_Z,Not application,_T,Total,_T,Total,_T,Total,_Z,Not applicable,_Z,Not applicable,_Z,Not applicable,2021,,12.152,,,,,,,,,,,,0,Units,1,One
DATAFLOW,OECD.ELS.HD:DSD_SHA@DF_SHA(1.0),Health expenditure and financing,I,AUT,Austria,A,Annual,EXP_HEALTH,Expenditure,PT_B1GQ,Percentage of GDP,_T,Total,_Z,Not application,_T,Total,_T,Total,_T,Total,_Z,Not applicable,_Z,Not applicable,_Z,Not applicable,2022,,11.157,,,,,,,,,,,,0,Units,1,One
DATAFLOW,OECD.ELS.HD:DSD_SHA@DF_SHA(1.0),Health expenditure and financing,I,AUT,Austria,A,Annual,EXP_HEALTH,Expenditure,PT_B1GQ,Percentage of GDP,_T,Total,_Z,Not application,_T,Total,_T,Total,_T,Total,_Z,Not applicable,_Z,Not applicable,_Z,Not applicable,1992,,8.077,,,,,,,,,,,,0,Units,1,One
DATAFLOW,OECD.ELS.HD:DSD_SHA@DF_SHA(1.0),Health expenditure and financing,I,AUT,Austria,A,Annual,EXP_HEALTH,Expenditure,PT_B1GQ,Percentage of GDP,_T,Total,_Z,Not application,_T,Total,_T,Total,_T,Total,_Z,Not applicable,_Z,Not applicable,_Z,Not applicable,1993,,8.601,,,,,,,,,,,,0,Units,1,One
DATAFLOW,OECD.ELS.HD:DSD_SHA@DF_SHA(1.0),Health expenditure and financing,I,AUT,Austria,A,Annual,EXP_HEALTH,Expenditure,PT_B1GQ,Percentage of GDP,_T,Total,_Z,Not application,_T,Total,_T,Total,_T,Total,_Z,Not applicable,_Z,Not applicable,_Z,Not applicable,1994,,8.99,,,,,,,,,,,,0,Units,1,One
DATAFLOW,OECD.ELS.HD:DSD_SHA@DF_SHA(1.0),Health expenditure and financing,I,AUT,Austria,A,Annual,EXP_HEALTH,Expenditure,PT_B1GQ,Percentage of GDP,_T,Total,_Z,Not application,_T,Total,_T,Total,_T,Total,_Z,Not applicable,_Z,Not applicable,_Z,Not applicable,1995,,8.924,,,,,,,,,,,,0,Units,1,One
DATAFLOW,OECD.ELS.HD:DSD_SHA@DF_SHA(1.0),Health expenditure and financing,I,AUT,Austria,A,Annual,EXP_HEALTH,Expenditure,PT_B1GQ,Percentage of GDP,_T,Total,_Z,Not application,_T,Total,_T,Total,_T,Total,_Z,Not applicable,_Z,Not applicable,_Z,Not applicable,1996,,8.884,,,,,,,,,,,,0,Units,1,One
DATAFLOW,OECD.ELS.HD:DSD_SHA@DF_SHA(1.0),Health expenditure and financing,I,AUT,Austria,A,Annual,EXP_HEALTH,Expenditure,PT_B1GQ,Percentage of GDP,_T,Total,_Z,Not application,_T,Total,_T,Total,_T,Total,_Z,Not applicable,_Z,Not applicable,_Z,Not applicable,1997,,8.984,,,,,,,,,,,,0,Units,1,One
DATAFLOW,OECD.ELS.HD:DSD_SHA@DF_SHA(1.0),Health expenditure and financing,I,AUT,Austria,A,Annual,EXP_HEALTH,Expenditure,PT_B1GQ,Percentage of GDP,_T,Total,_Z,Not application,_T,Total,_T,Total,_T,Total,_Z,Not applicable,_Z,Not applicable,_Z,Not applicable,1998,,9.15,,,,,,,,,,,,0,Units,1,One
DATAFLOW,OECD.ELS.HD:DSD_SHA@DF_SHA(1.0),Health expenditure and financing,I,AUT,Austria,A,Annual,EXP_HEALTH,Expenditure,PT_B1GQ,Percentage of GDP,_T,Total,_Z,Not application,_T,Total,_T,Total,_T,Total,_Z,Not applicable,_Z,Not applicable,_Z,Not applicable,1999,,9.302,,,,,,,,,,,,0,Units,1,One
DATAFLOW,OECD.ELS.HD:DSD_SHA@DF_SHA(1.0),Health expenditure and financing,I,ISR,Israel,A,Annual,EXP_HEALTH,Expenditure,PT_B1GQ,Percentage of GDP,_T,Total,_Z,Not application,_T,Total,_T,Total,_T,Total,_Z,Not applicable,_Z,Not applicable,_Z,Not applicable,2007,,6.695,,,,,,,,,,,,0,Units,1,One
DATAFLOW,OECD.ELS.HD:DSD_SHA@DF_SHA(1.0),Health expenditure and financing,I,ISR,Israel,A,Annual,EXP_HEALTH,Expenditure,PT_B1GQ,Percentage of GDP,_T,Total,_Z,Not application,_T,Total,_T,Total,_T,Total,_Z,Not applicable,_Z,Not applicable,_Z,Not applicable,2020,,7.73,,,,,,P,Provisional value,,,,,0,Units,1,One
DATAFLOW,OECD.ELS.HD:DSD_SHA@DF_SHA(1.0),Health expenditure and financing,I,ISR,Israel,A,Annual,EXP_HEALTH,Expenditure,PT_B1GQ,Percentage of GDP,_T,Total,_Z,Not application,_T,Total,_T,Total,_T,Total,_Z,Not applicable,_Z,Not applicable,_Z,Not applicable,2006,,6.708,,,,,,B,Time series break,,,,,0,Units,1,One
DATAFLOW,OECD.ELS.HD:DSD_SHA@DF_SHA(1.0),Health expenditure and financing,I,ISR,Israel,A,Annual,EXP_HEALTH,Expenditure,PT_B1GQ,Percentage of GDP,_T,Total,_Z,Not application,_T,Total,_T,Total,_T,Total,_Z,Not applicable,_Z,Not applicable,_Z,Not applicable,2022,,7.324,,,,,,D,Definition differs,P,Provisional value,,,0,Units,1,One
DATAFLOW,OECD.ELS.HD:DSD_SHA@DF_SHA(1.0),Health expenditure and financing,I,ISR,Israel,A,Annual,EXP_HEALTH,Expenditure,PT_B1GQ,Percentage of GDP,_T,Total,_Z,Not application,_T,Total,_T,Total,_T,Total,_Z,Not applicable,_Z,Not applicable,_Z,Not applicable,2021,,7.653,,,,,,,,,,,,0,Units,1,One
DATAFLOW,OECD.ELS.HD:DSD_SHA@DF_SHA(1.0),Health expenditure and financing,I,ISR,Israel,A,Annual,EXP_HEALTH,Expenditure,PT_B1GQ,Percentage of GDP,_T,Total,_Z,Not application,_T,Total,_T,Total,_T,Total,_Z,Not applicable,_Z,Not applicable,_Z,Not applicable,1992,,6.154,,,,,,,,,,,,0,Units,1,One
DATAFLOW,OECD.ELS.HD:DSD_SHA@DF_SHA(1.0),Health expenditure and financing,I,ISR,Israel,A,Annual,EXP_HEALTH,Expenditure,PT_B1GQ,Percentage of GDP,_T,Total,_Z,Not application,_T,Total,_T,Total,_T,Total,_Z,Not applicable,_Z,Not applicable,_Z,Not applicable,1993,,6.316,,,,,,,,,,,,0,Units,1,One
DATAFLOW,OECD.ELS.HD:DSD_SHA@DF_SHA(1.0),Health expenditure and financing,I,ISR,Israel,A,Annual,EXP_HEALTH,Expenditure,PT_B1GQ,Percentage of GDP,_T,Total,_Z,Not application,_T,Total,_T,Total,_T,Total,_Z,Not applicable,_Z,Not applicable,_Z,Not applicable,1994,,6.768,,,,,,,,,,,,0,Units,1,One
DATAFLOW,OECD.ELS.HD:DSD_SHA@DF_SHA(1.0),Health expenditure and financing,I,ISR,Israel,A,Annual,EXP_HEALTH,Expenditure,PT_B1GQ,Percentage of GDP,_T,Total,_Z,Not application,_T,Total,_T,Total,_T,Total,_Z,Not applicable,_Z,Not applicable,_Z,Not applicable,1995,,6.591,,,,,,,,,,,,0,Units,1,One
DATAFLOW,OECD.ELS.HD:DSD_SHA@DF_SHA(1.0),Health expenditure and financing,I,ISR,Israel,A,Annual,EXP_HEALTH,Expenditure,PT_B1GQ,Percentage of GDP,_T,Total,_Z,Not application,_T,Total,_T,Total,_T,Total,_Z,Not applicable,_Z,Not applicable,_Z,Not applicable,1996,,6.708,,,,,,,,,,,,0,Units,1,One
DATAFLOW,OECD.ELS.HD:DSD_SHA@DF_SHA(1.0),Health expenditure and financing,I,ISR,Israel,A,Annual,EXP_HEALTH,Expenditure,PT_B1GQ,Percentage of GDP,_T,Total,_Z,Not application,_T,Total,_T,Total,_T,Total,_Z,Not applicable,_Z,Not applicable,_Z,Not applicable,1997,,6.871,,,,,,,,,,,,0,Units,1,One
DATAFLOW,OECD.ELS.HD:DSD_SHA@DF_SHA(1.0),Health expenditure and financing,I,ISR,Israel,A,Annual,EXP_HEALTH,Expenditure,PT_B1GQ,Percentage of GDP,_T,Total,_Z,Not application,_T,Total,_T,Total,_T,Total,_Z,Not applicable,_Z,Not applicable,_Z,Not applicable,1998,,6.826,,,,,,,,,,,,0,Units,1,One
DATAFLOW,OECD.ELS.HD:DSD_SHA@DF_SHA(1.0),Health expenditure and financing,I,ISR,Israel,A,Annual,EXP_HEALTH,Expenditure,PT_B1GQ,Percentage of GDP,_T,Total,_Z,Not application,_T,Total,_T,Total,_T,Total,_Z,Not applicable,_Z,Not applicable,_Z,Not applicable,1999,,6.562,,,,,,,,,,,,0,Units,1,One
DATAFLOW,OECD.ELS.HD:DSD_SHA@DF_SHA(1.0),Health expenditure and financing,I,ISR,Israel,A,Annual,EXP_HEALTH,Expenditure,PT_B1GQ,Percentage of GDP,_T,Total,_Z,Not application,_T,Total,_T,Total,_T,Total,_Z,Not applicable,_Z,Not applicable,_Z,Not applicable,2005,,6.902,,,,,,,,,,,,0,Units,1,One
DATAFLOW,OECD.ELS.HD:DSD_SHA@DF_SHA(1.0),Health expenditure and financing,I,ISR,Israel,A,Annual,EXP_HEALTH,Expenditure,PT_B1GQ,Percentage of GDP,_T,Total,_Z,Not application,_T,Total,_T,Total,_T,Total,_Z,Not applicable,_Z,Not applicable,_Z,Not applicable,2023,,7.626,,,,,,E,Estimated value,,,,,0,Units,1,One
DATAFLOW,OECD.ELS.HD:DSD_SHA@DF_SHA(1.0),Health expenditure and financing,I,ISR,Israel,A,Annual,EXP_HEALTH,Expenditure,PT_B1GQ,Percentage of GDP,_T,Total,_Z,Not application,_T,Total,_T,Total,_T,Total,_Z,Not applicable,_Z,Not applicable,_Z,Not applicable,2000,,6.608,,,,,,,,,,,,0,Units,1,One
DATAFLOW,OECD.ELS.HD:DSD_SHA@DF_SHA(1.0),Health expenditure and financing,I,ISR,Israel,A,Annual,EXP_HEALTH,Expenditure,PT_B1GQ,Percentage of GDP,_T,Total,_Z,Not application,_T,Total,_T,Total,_T,Total,_Z,Not applicable,_Z,Not applicable,_Z,Not applicable,2001,,7.019,,,,,,,,,,,,0,Units,1,One
DATAFLOW,OECD.ELS.HD:DSD_SHA@DF_SHA(1.0),Health expenditure and financing,I,ISR,Israel,A,Annual,EXP_HEALTH,Expenditure,PT_B1GQ,Percentage of GDP,_T,Total,_Z,Not application,_T,Total,_T,Total,_T,Total,_Z,Not applicable,_Z,Not applicable,_Z,Not applicable,2002,,6.923,,,,,,,,,,,,0,Units,1,One
DATAFLOW,OECD.ELS.HD:DSD_SHA@DF_SHA(1.0),Health expenditure and financing,I,ISR,Israel,A,Annual,EXP_HEALTH,Expenditure,PT_B1GQ,Percentage of GDP,_T,Total,_Z,Not application,_T,Total,_T,Total,_T,Total,_Z,Not applicable,_Z,Not applicable,_Z,Not applicable,2003,,6.855,,,,,,,,,,,,0,Units,1,One
DATAFLOW,OECD.ELS.HD:DSD_SHA@DF_SHA(1.0),Health expenditure and financing,I,ISR,Israel,A,Annual,EXP_HEALTH,Expenditure,PT_B1GQ,Percentage of GDP,_T,Total,_Z,Not application,_T,Total,_T,Total,_T,Total,_Z,Not applicable,_Z,Not applicable,_Z,Not applicable,2004,,6.804,,,,,,,,,,,,0,Units,1,One
DATAFLOW,OECD.ELS.HD:DSD_SHA@DF_SHA(1.0),Health expenditure and financing,I,ISR,Israel,A,Annual,EXP_HEALTH,Expenditure,PT_B1GQ,Percentage of GDP,_T,Total,_Z,Not application,_T,Total,_T,Total,_T,Total,_Z,Not applicable,_Z,Not applicable,_Z,Not applicable,2008,,6.828,,,,,,,,,,,,0,Units,1,One
DATAFLOW,OECD.ELS.HD:DSD_SHA@DF_SHA(1.0),Health expenditure and financing,I,ISR,Israel,A,Annual,EXP_HEALTH,Expenditure,PT_B1GQ,Percentage of GDP,_T,Total,_Z,Not application,_T,Total,_T,Total,_T,Total,_Z,Not applicable,_Z,Not applicable,_Z,Not applicable,2009,,6.901,,,,,,,,,,,,0,Units,1,One
DATAFLOW,OECD.ELS.HD:DSD_SHA@DF_SHA(1.0),Health expenditure and financing,I,ISR,Israel,A,Annual,EXP_HEALTH,Expenditure,PT_B1GQ,Percentage of GDP,_T,Total,_Z,Not application,_T,Total,_T,Total,_T,Total,_Z,Not applicable,_Z,Not applicable,_Z,Not applicable,2010,,6.872,,,,,,,,,,,,0,Units,1,One
DATAFLOW,OECD.ELS.HD:DSD_SHA@DF_SHA(1.0),Health expenditure and financing,I,ISR,Israel,A,Annual,EXP_HEALTH,Expenditure,PT_B1GQ,Percentage of GDP,_T,Total,_Z,Not application,_T,Total,_T,Total,_T,Total,_Z,Not applicable,_Z,Not applicable,_Z,Not applicable,2011,,6.823,,,,,,,,,,,,0,Units,1,One
DATAFLOW,OECD.ELS.HD:DSD_SHA@DF_SHA(1.0),Health expenditure and financing,I,ISR,Israel,A,Annual,EXP_HEALTH,Expenditure,PT_B1GQ,Percentage of GDP,_T,Total,_Z,Not application,_T,Total,_T,Total,_T,Total,_Z,Not applicable,_Z,Not applicable,_Z,Not applicable,2012,,6.96,,,,,,,,,,,,0,Units,1,One
DATAFLOW,OECD.ELS.HD:DSD_SHA@DF_SHA(1.0),Health expenditure and financing,I,ISR,Israel,A,Annual,EXP_HEALTH,Expenditure,PT_B1GQ,Percentage of GDP,_T,Total,_Z,Not application,_T,Total,_T,Total,_T,Total,_Z,Not applicable,_Z,Not applicable,_Z,Not applicable,2013,,6.96,,,,,,,,,,,,0,Units,1,One
DATAFLOW,OECD.ELS.HD:DSD_SHA@DF_SHA(1.0),Health expenditure and financing,I,ISR,Israel,A,Annual,EXP_HEALTH,Expenditure,PT_B1GQ,Percentage of GDP,_T,Total,_Z,Not application,_T,Total,_T,Total,_T,Total,_Z,Not applicable,_Z,Not applicable,_Z,Not applicable,2014,,7.051,,,,,,,,,,,,0,Units,1,One
DATAFLOW,OECD.ELS.HD:DSD_SHA@DF_SHA(1.0),Health expenditure and financing,I,JPN,Japan,A,Annual,EXP_HEALTH,Expenditure,PT_B1GQ,Percentage of GDP,_T,Total,_Z,Not application,_T,Total,_T,Total,_T,Total,_Z,Not applicable,_Z,Not applicable,_Z,Not applicable,2019,,10.97,,,,,,,,,,,,0,Units,1,One
DATAFLOW,OECD.ELS.HD:DSD_SHA@DF_SHA(1.0),Health expenditure and financing,I,JPN,Japan,A,Annual,EXP_HEALTH,Expenditure,PT_B1GQ,Percentage of GDP,_T,Total,_Z,Not application,_T,Total,_T,Total,_T,Total,_Z,Not applicable,_Z,Not applicable,_Z,Not applicable,2020,,11.209,,,,,,,,,,,,0,Units,1,One
DATAFLOW,OECD.ELS.HD:DSD_SHA@DF_SHA(1.0),Health expenditure and financing,I,ISR,Israel,A,Annual,EXP_HEALTH,Expenditure,PT_B1GQ,Percentage of GDP,_T,Total,_Z,Not application,_T,Total,_T,Total,_T,Total,_Z,Not applicable,_Z,Not applicable,_Z,Not applicable,2017,,7.196,,,,,,,,,,,,0,Units,1,One
DATAFLOW,OECD.ELS.HD:DSD_SHA@DF_SHA(1.0),Health expenditure and financing,I,ESP,Spain,A,Annual,EXP_HEALTH,Expenditure,PT_B1GQ,Percentage of GDP,_T,Total,_Z,Not application,_T,Total,_T,Total,_T,Total,_Z,Not applicable,_Z,Not applicable,_Z,Not applicable,2021,,10.309,,,,,,,,,,,,0,Units,1,One
DATAFLOW,OECD.ELS.HD:DSD_SHA@DF_SHA(1.0),Health expenditure and financing,I,ESP,Spain,A,Annual,EXP_HEALTH,Expenditure,PT_B1GQ,Percentage of GDP,_T,Total,_Z,Not application,_T,Total,_T,Total,_T,Total,_Z,Not applicable,_Z,Not applicable,_Z,Not applicable,2022,,9.738,,,,,,,,,,,,0,Units,1,One
DATAFLOW,OECD.ELS.HD:DSD_SHA@DF_SHA(1.0),Health expenditure and financing,I,AUS,Australia,A,Annual,EXP_HEALTH,Expenditure,PT_B1GQ,Percentage of GDP,_T,Total,_Z,Not application,_T,Total,_T,Total,_T,Total,_Z,Not applicable,_Z,Not applicable,_Z,Not applicable,2022,,9.927,,,,,,P,Provisional value,,,,,0,Units,1,One
DATAFLOW,OECD.ELS.HD:DSD_SHA@DF_SHA(1.0),Health expenditure and financing,I,AUS,Australia,A,Annual,EXP_HEALTH,Expenditure,PT_B1GQ,Percentage of GDP,_T,Total,_Z,Not application,_T,Total,_T,Total,_T,Total,_Z,Not applicable,_Z,Not applicable,_Z,Not applicable,2023,,9.748,,,,,,E,Estimated value,,,,,0,Units,1,One
DATAFLOW,OECD.ELS.HD:DSD_SHA@DF_SHA(1.0),Health expenditure and financing,I,ESP,Spain,A,Annual,EXP_HEALTH,Expenditure,PT_B1GQ,Percentage of GDP,_T,Total,_Z,Not application,_T,Total,_T,Total,_T,Total,_Z,Not applicable,_Z,Not applicable,_Z,Not applicable,2023,,9.621,,,,,,E,Estimated value,,,,,0,Units,1,One
DATAFLOW,OECD.ELS.HD:DSD_SHA@DF_SHA(1.0),Health expenditure and financing,I,AUS,Australia,A,Annual,EXP_HEALTH,Expenditure,PT_B1GQ,Percentage of GDP,_T,Total,_Z,Not application,_T,Total,_T,Total,_T,Total,_Z,Not applicable,_Z,Not applicable,_Z,Not applicable,2005,,7.965,,,,,,D,Definition differs,,,,,0,Units,1,One
DATAFLOW,OECD.ELS.HD:DSD_SHA@DF_SHA(1.0),Health expenditure and financing,I,AUS,Australia,A,Annual,EXP_HEALTH,Expenditure,PT_B1GQ,Percentage of GDP,_T,Total,_Z,Not application,_T,Total,_T,Total,_T,Total,_Z,Not applicable,_Z,Not applicable,_Z,Not applicable,2006,,7.972,,,,,,D,Definition differs,,,,,0,Units,1,One
DATAFLOW,OECD.ELS.HD:DSD_SHA@DF_SHA(1.0),Health expenditure and financing,I,AUS,Australia,A,Annual,EXP_HEALTH,Expenditure,PT_B1GQ,Percentage of GDP,_T,Total,_Z,Not application,_T,Total,_T,Total,_T,Total,_Z,Not applicable,_Z,Not applicable,_Z,Not applicable,2007,,8.052,,,,,,D,Definition differs,,,,,0,Units,1,One
DATAFLOW,OECD.ELS.HD:DSD_SHA@DF_SHA(1.0),Health expenditure and financing,I,AUS,Australia,A,Annual,EXP_HEALTH,Expenditure,PT_B1GQ,Percentage of GDP,_T,Total,_Z,Not application,_T,Total,_T,Total,_T,Total,_Z,Not applicable,_Z,Not applicable,_Z,Not applicable,2008,,8.247,,,,,,D,Definition differs,,,,,0,Units,1,One
DATAFLOW,OECD.ELS.HD:DSD_SHA@DF_SHA(1.0),Health expenditure and financing,I,AUS,Australia,A,Annual,EXP_HEALTH,Expenditure,PT_B1GQ,Percentage of GDP,_T,Total,_Z,Not application,_T,Total,_T,Total,_T,Total,_Z,Not applicable,_Z,Not applicable,_Z,Not applicable,1997,,7.075,,,,,,,,,,,,0,Units,1,One
DATAFLOW,OECD.ELS.HD:DSD_SHA@DF_SHA(1.0),Health expenditure and financing,I,AUS,Australia,A,Annual,EXP_HEALTH,Expenditure,PT_B1GQ,Percentage of GDP,_T,Total,_Z,Not application,_T,Total,_T,Total,_T,Total,_Z,Not applicable,_Z,Not applicable,_Z,Not applicable,2014,,9.825,,,,,,,,,,,,0,Units,1,One
DATAFLOW,OECD.ELS.HD:DSD_SHA@DF_SHA(1.0),Health expenditure and financing,I,AUS,Australia,A,Annual,EXP_HEALTH,Expenditure,PT_B1GQ,Percentage of GDP,_T,Total,_Z,Not application,_T,Total,_T,Total,_T,Total,_Z,Not applicable,_Z,Not applicable,_Z,Not applicable,2015,,10.174,,,,,,,,,,,,0,Units,1,One
DATAFLOW,OECD.ELS.HD:DSD_SHA@DF_SHA(1.0),Health expenditure and financing,I,AUS,Australia,A,Annual,EXP_HEALTH,Expenditure,PT_B1GQ,Percentage of GDP,_T,Total,_Z,Not application,_T,Total,_T,Total,_T,Total,_Z,Not applicable,_Z,Not applicable,_Z,Not applicable,2016,,10.09,,,,,,,,,,,,0,Units,1,One
DATAFLOW,OECD.ELS.HD:DSD_SHA@DF_SHA(1.0),Health expenditure and financing,I,AUS,Australia,A,Annual,EXP_HEALTH,Expenditure,PT_B1GQ,Percentage of GDP,_T,Total,_Z,Not application,_T,Total,_T,Total,_T,Total,_Z,Not applicable,_Z,Not applicable,_Z,Not applicable,2017,,10.112,,,,,,,,,,,,0,Units,1,One
DATAFLOW,OECD.ELS.HD:DSD_SHA@DF_SHA(1.0),Health expenditure and financing,I,AUS,Australia,A,Annual,EXP_HEALTH,Expenditure,PT_B1GQ,Percentage of GDP,_T,Total,_Z,Not application,_T,Total,_T,Total,_T,Total,_Z,Not applicable,_Z,Not applicable,_Z,Not applicable,2018,,10.052,,,,,,,,,,,,0,Units,1,One
DATAFLOW,OECD.ELS.HD:DSD_SHA@DF_SHA(1.0),Health expenditure and financing,I,AUS,Australia,A,Annual,EXP_HEALTH,Expenditure,PT_B1GQ,Percentage of GDP,_T,Total,_Z,Not application,_T,Total,_T,Total,_T,Total,_Z,Not applicable,_Z,Not applicable,_Z,Not applicable,1992,,6.828,,,,,,,,,,,,0,Units,1,One
DATAFLOW,OECD.ELS.HD:DSD_SHA@DF_SHA(1.0),Health expenditure and financing,I,AUS,Australia,A,Annual,EXP_HEALTH,Expenditure,PT_B1GQ,Percentage of GDP,_T,Total,_Z,Not application,_T,Total,_T,Total,_T,Total,_Z,Not applicable,_Z,Not applicable,_Z,Not applicable,1993,,6.844,,,,,,,,,,,,0,Units,1,One
DATAFLOW,OECD.ELS.HD:DSD_SHA@DF_SHA(1.0),Health expenditure and financing,I,AUS,Australia,A,Annual,EXP_HEALTH,Expenditure,PT_B1GQ,Percentage of GDP,_T,Total,_Z,Not application,_T,Total,_T,Total,_T,Total,_Z,Not applicable,_Z,Not applicable,_Z,Not applicable,1994,,6.871,,,,,,,,,,,,0,Units,1,One
DATAFLOW,OECD.ELS.HD:DSD_SHA@DF_SHA(1.0),Health expenditure and financing,I,AUS,Australia,A,Annual,EXP_HEALTH,Expenditure,PT_B1GQ,Percentage of GDP,_T,Total,_Z,Not application,_T,Total,_T,Total,_T,Total,_Z,Not applicable,_Z,Not applicable,_Z,Not applicable,1995,,6.917,,,,,,,,,,,,0,Units,1,One
DATAFLOW,OECD.ELS.HD:DSD_SHA@DF_SHA(1.0),Health expenditure and financing,I,AUS,Australia,A,Annual,EXP_HEALTH,Expenditure,PT_B1GQ,Percentage of GDP,_T,Total,_Z,Not application,_T,Total,_T,Total,_T,Total,_Z,Not applicable,_Z,Not applicable,_Z,Not applicable,1996,,7.056,,,,,,,,,,,,0,Units,1,One
DATAFLOW,OECD.ELS.HD:DSD_SHA@DF_SHA(1.0),Health expenditure and financing,I,AUS,Australia,A,Annual,EXP_HEALTH,Expenditure,PT_B1GQ,Percentage of GDP,_T,Total,_Z,Not application,_T,Total,_T,Total,_T,Total,_Z,Not applicable,_Z,Not applicable,_Z,Not applicable,2019,,10.213,,,,,,,,,,,,0,Units,1,One
DATAFLOW,OECD.ELS.HD:DSD_SHA@DF_SHA(1.0),Health expenditure and financing,I,AUS,Australia,A,Annual,EXP_HEALTH,Expenditure,PT_B1GQ,Percentage of GDP,_T,Total,_Z,Not application,_T,Total,_T,Total,_T,Total,_Z,Not applicable,_Z,Not applicable,_Z,Not applicable,2020,,10.66,,,,,,,,,,,,0,Units,1,One
DATAFLOW,OECD.ELS.HD:DSD_SHA@DF_SHA(1.0),Health expenditure and financing,I,AUS,Australia,A,Annual,EXP_HEALTH,Expenditure,PT_B1GQ,Percentage of GDP,_T,Total,_Z,Not application,_T,Total,_T,Total,_T,Total,_Z,Not applicable,_Z,Not applicable,_Z,Not applicable,2021,,10.425,,,,,,,,,,,,0,Units,1,One
DATAFLOW,OECD.ELS.HD:DSD_SHA@DF_SHA(1.0),Health expenditure and financing,I,ESP,Spain,A,Annual,EXP_HEALTH,Expenditure,PT_B1GQ,Percentage of GDP,_T,Total,_Z,Not application,_T,Total,_T,Total,_T,Total,_Z,Not applicable,_Z,Not applicable,_Z,Not applicable,1992,,6.645,,,,,,,,,,,,0,Units,1,One
DATAFLOW,OECD.ELS.HD:DSD_SHA@DF_SHA(1.0),Health expenditure and financing,I,ESP,Spain,A,Annual,EXP_HEALTH,Expenditure,PT_B1GQ,Percentage of GDP,_T,Total,_Z,Not application,_T,Total,_T,Total,_T,Total,_Z,Not applicable,_Z,Not applicable,_Z,Not applicable,1993,,6.948,,,,,,,,,,,,0,Units,1,One
DATAFLOW,OECD.ELS.HD:DSD_SHA@DF_SHA(1.0),Health expenditure and financing,I,ESP,Spain,A,Annual,EXP_HEALTH,Expenditure,PT_B1GQ,Percentage of GDP,_T,Total,_Z,Not application,_T,Total,_T,Total,_T,Total,_Z,Not applicable,_Z,Not applicable,_Z,Not applicable,1994,,6.874,,,,,,,,,,,,0,Units,1,One
DATAFLOW,OECD.ELS.HD:DSD_SHA@DF_SHA(1.0),Health expenditure and financing,I,ESP,Spain,A,Annual,EXP_HEALTH,Expenditure,PT_B1GQ,Percentage of GDP,_T,Total,_Z,Not application,_T,Total,_T,Total,_T,Total,_Z,Not applicable,_Z,Not applicable,_Z,Not applicable,1995,,7.029,,,,,,,,,,,,0,Units,1,One
DATAFLOW,OECD.ELS.HD:DSD_SHA@DF_SHA(1.0),Health expenditure and financing,I,ESP,Spain,A,Annual,EXP_HEALTH,Expenditure,PT_B1GQ,Percentage of GDP,_T,Total,_Z,Not application,_T,Total,_T,Total,_T,Total,_Z,Not applicable,_Z,Not applicable,_Z,Not applicable,1996,,7.052,,,,,,,,,,,,0,Units,1,One
DATAFLOW,OECD.ELS.HD:DSD_SHA@DF_SHA(1.0),Health expenditure and financing,I,ESP,Spain,A,Annual,EXP_HEALTH,Expenditure,PT_B1GQ,Percentage of GDP,_T,Total,_Z,Not application,_T,Total,_T,Total,_T,Total,_Z,Not applicable,_Z,Not applicable,_Z,Not applicable,1997,,6.936,,,,,,,,,,,,0,Units,1,One
DATAFLOW,OECD.ELS.HD:DSD_SHA@DF_SHA(1.0),Health expenditure and financing,I,ESP,Spain,A,Annual,EXP_HEALTH,Expenditure,PT_B1GQ,Percentage of GDP,_T,Total,_Z,Not application,_T,Total,_T,Total,_T,Total,_Z,Not applicable,_Z,Not applicable,_Z,Not applicable,1998,,6.892,,,,,,,,,,,,0,Units,1,One
DATAFLOW,OECD.ELS.HD:DSD_SHA@DF_SHA(1.0),Health expenditure and financing,I,ESP,Spain,A,Annual,EXP_HEALTH,Expenditure,PT_B1GQ,Percentage of GDP,_T,Total,_Z,Not application,_T,Total,_T,Total,_T,Total,_Z,Not applicable,_Z,Not applicable,_Z,Not applicable,2000,,6.799,,,,,,,,,,,,0,Units,1,One
DATAFLOW,OECD.ELS.HD:DSD_SHA@DF_SHA(1.0),Health expenditure and financing,I,ESP,Spain,A,Annual,EXP_HEALTH,Expenditure,PT_B1GQ,Percentage of GDP,_T,Total,_Z,Not application,_T,Total,_T,Total,_T,Total,_Z,Not applicable,_Z,Not applicable,_Z,Not applicable,2001,,6.769,,,,,,,,,,,,0,Units,1,One
DATAFLOW,OECD.ELS.HD:DSD_SHA@DF_SHA(1.0),Health expenditure and financing,I,ESP,Spain,A,Annual,EXP_HEALTH,Expenditure,PT_B1GQ,Percentage of GDP,_T,Total,_Z,Not application,_T,Total,_T,Total,_T,Total,_Z,Not applicable,_Z,Not applicable,_Z,Not applicable,2002,,6.801,,,,,,,,,,,,0,Units,1,One
DATAFLOW,OECD.ELS.HD:DSD_SHA@DF_SHA(1.0),Health expenditure and financing,I,ESP,Spain,A,Annual,EXP_HEALTH,Expenditure,PT_B1GQ,Percentage of GDP,_T,Total,_Z,Not application,_T,Total,_T,Total,_T,Total,_Z,Not applicable,_Z,Not applicable,_Z,Not applicable,2004,,7.65,,,,,,,,,,,,0,Units,1,One
DATAFLOW,OECD.ELS.HD:DSD_SHA@DF_SHA(1.0),Health expenditure and financing,I,ESP,Spain,A,Annual,EXP_HEALTH,Expenditure,PT_B1GQ,Percentage of GDP,_T,Total,_Z,Not application,_T,Total,_T,Total,_T,Total,_Z,Not applicable,_Z,Not applicable,_Z,Not applicable,2005,,7.74,,,,,,,,,,,,0,Units,1,One
DATAFLOW,OECD.ELS.HD:DSD_SHA@DF_SHA(1.0),Health expenditure and financing,I,ESP,Spain,A,Annual,EXP_HEALTH,Expenditure,PT_B1GQ,Percentage of GDP,_T,Total,_Z,Not application,_T,Total,_T,Total,_T,Total,_Z,Not applicable,_Z,Not applicable,_Z,Not applicable,2006,,7.829,,,,,,,,,,,,0,Units,1,One
DATAFLOW,OECD.ELS.HD:DSD_SHA@DF_SHA(1.0),Health expenditure and financing,I,ESP,Spain,A,Annual,EXP_HEALTH,Expenditure,PT_B1GQ,Percentage of GDP,_T,Total,_Z,Not application,_T,Total,_T,Total,_T,Total,_Z,Not applicable,_Z,Not applicable,_Z,Not applicable,2007,,7.919,,,,,,,,,,,,0,Units,1,One
DATAFLOW,OECD.ELS.HD:DSD_SHA@DF_SHA(1.0),Health expenditure and financing,I,LUX,Luxembourg,A,Annual,EXP_HEALTH,Expenditure,PT_B1GQ,Percentage of GDP,_T,Total,_Z,Not application,_T,Total,_T,Total,_T,Total,_Z,Not applicable,_Z,Not applicable,_Z,Not applicable,1998,,5.443,,,,,,D,Definition differs,,,,,0,Units,1,One
DATAFLOW,OECD.ELS.HD:DSD_SHA@DF_SHA(1.0),Health expenditure and financing,I,LUX,Luxembourg,A,Annual,EXP_HEALTH,Expenditure,PT_B1GQ,Percentage of GDP,_T,Total,_Z,Not application,_T,Total,_T,Total,_T,Total,_Z,Not applicable,_Z,Not applicable,_Z,Not applicable,2000,,5.925,,,,,,B,Time series break,,,,,0,Units,1,One
DATAFLOW,OECD.ELS.HD:DSD_SHA@DF_SHA(1.0),Health expenditure and financing,I,LUX,Luxembourg,A,Annual,EXP_HEALTH,Expenditure,PT_B1GQ,Percentage of GDP,_T,Total,_Z,Not application,_T,Total,_T,Total,_T,Total,_Z,Not applicable,_Z,Not applicable,_Z,Not applicable,2012,,5.294,,,,,,B,Time series break,,,,,0,Units,1,One
DATAFLOW,OECD.ELS.HD:DSD_SHA@DF_SHA(1.0),Health expenditure and financing,I,LUX,Luxembourg,A,Annual,EXP_HEALTH,Expenditure,PT_B1GQ,Percentage of GDP,_T,Total,_Z,Not application,_T,Total,_T,Total,_T,Total,_Z,Not applicable,_Z,Not applicable,_Z,Not applicable,1994,,5.273,,,,,,B,Time series break,D,Definition differs,,,0,Units,1,One
DATAFLOW,OECD.ELS.HD:DSD_SHA@DF_SHA(1.0),Health expenditure and financing,I,LUX,Luxembourg,A,Annual,EXP_HEALTH,Expenditure,PT_B1GQ,Percentage of GDP,_T,Total,_Z,Not application,_T,Total,_T,Total,_T,Total,_Z,Not applicable,_Z,Not applicable,_Z,Not applicable,2002,,6.76,,,,,,,,,,,,0,Units,1,One
DATAFLOW,OECD.ELS.HD:DSD_SHA@DF_SHA(1.0),Health expenditure and financing,I,LUX,Luxembourg,A,Annual,EXP_HEALTH,Expenditure,PT_B1GQ,Percentage of GDP,_T,Total,_Z,Not application,_T,Total,_T,Total,_T,Total,_Z,Not applicable,_Z,Not applicable,_Z,Not applicable,2003,,6.961,,,,,,,,,,,,0,Units,1,One
DATAFLOW,OECD.ELS.HD:DSD_SHA@DF_SHA(1.0),Health expenditure and financing,I,LUX,Luxembourg,A,Annual,EXP_HEALTH,Expenditure,PT_B1GQ,Percentage of GDP,_T,Total,_Z,Not application,_T,Total,_T,Total,_T,Total,_Z,Not applicable,_Z,Not applicable,_Z,Not applicable,2004,,7.28,,,,,,,,,,,,0,Units,1,One
DATAFLOW,OECD.ELS.HD:DSD_SHA@DF_SHA(1.0),Health expenditure and financing,I,LUX,Luxembourg,A,Annual,EXP_HEALTH,Expenditure,PT_B1GQ,Percentage of GDP,_T,Total,_Z,Not application,_T,Total,_T,Total,_T,Total,_Z,Not applicable,_Z,Not applicable,_Z,Not applicable,2023,,5.783,,,,,,P,Provisional value,,,,,0,Units,1,One
DATAFLOW,OECD.ELS.HD:DSD_SHA@DF_SHA(1.0),Health expenditure and financing,I,LUX,Luxembourg,A,Annual,EXP_HEALTH,Expenditure,PT_B1GQ,Percentage of GDP,_T,Total,_Z,Not application,_T,Total,_T,Total,_T,Total,_Z,Not applicable,_Z,Not applicable,_Z,Not applicable,2011,,5.952,,,,,,B,Time series break,,,,,0,Units,1,One
DATAFLOW,OECD.ELS.HD:DSD_SHA@DF_SHA(1.0),Health expenditure and financing,I,LUX,Luxembourg,A,Annual,EXP_HEALTH,Expenditure,PT_B1GQ,Percentage of GDP,_T,Total,_Z,Not application,_T,Total,_T,Total,_T,Total,_Z,Not applicable,_Z,Not applicable,_Z,Not applicable,1992,,5.344,,,,,,D,Definition differs,,,,,0,Units,1,One
DATAFLOW,OECD.ELS.HD:DSD_SHA@DF_SHA(1.0),Health expenditure and financing,I,LUX,Luxembourg,A,Annual,EXP_HEALTH,Expenditure,PT_B1GQ,Percentage of GDP,_T,Total,_Z,Not application,_T,Total,_T,Total,_T,Total,_Z,Not applicable,_Z,Not applicable,_Z,Not applicable,1993,,5.412,,,,,,D,Definition differs,,,,,0,Units,1,One
DATAFLOW,OECD.ELS.HD:DSD_SHA@DF_SHA(1.0),Health expenditure and financing,I,LUX,Luxembourg,A,Annual,EXP_HEALTH,Expenditure,PT_B1GQ,Percentage of GDP,_T,Total,_Z,Not application,_T,Total,_T,Total,_T,Total,_Z,Not applicable,_Z,Not applicable,_Z,Not applicable,1995,,5.519,,,,,,D,Definition differs,,,,,0,Units,1,One
DATAFLOW,OECD.ELS.HD:DSD_SHA@DF_SHA(1.0),Health expenditure and financing,I,LUX,Luxembourg,A,Annual,EXP_HEALTH,Expenditure,PT_B1GQ,Percentage of GDP,_T,Total,_Z,Not application,_T,Total,_T,Total,_T,Total,_Z,Not applicable,_Z,Not applicable,_Z,Not applicable,1996,,5.567,,,,,,D,Definition differs,,,,,0,Units,1,One
DATAFLOW,OECD.ELS.HD:DSD_SHA@DF_SHA(1.0),Health expenditure and financing,I,LUX,Luxembourg,A,Annual,EXP_HEALTH,Expenditure,PT_B1GQ,Percentage of GDP,_T,Total,_Z,Not application,_T,Total,_T,Total,_T,Total,_Z,Not applicable,_Z,Not applicable,_Z,Not applicable,1997,,5.294,,,,,,D,Definition differs,,,,,0,Units,1,One
DATAFLOW,OECD.ELS.HD:DSD_SHA@DF_SHA(1.0),Health expenditure and financing,I,LUX,Luxembourg,A,Annual,EXP_HEALTH,Expenditure,PT_B1GQ,Percentage of GDP,_T,Total,_Z,Not application,_T,Total,_T,Total,_T,Total,_Z,Not applicable,_Z,Not applicable,_Z,Not applicable,2005,,7.125,,,,,,,,,,,,0,Units,1,One
DATAFLOW,OECD.ELS.HD:DSD_SHA@DF_SHA(1.0),Health expenditure and financing,I,LUX,Luxembourg,A,Annual,EXP_HEALTH,Expenditure,PT_B1GQ,Percentage of GDP,_T,Total,_Z,Not application,_T,Total,_T,Total,_T,Total,_Z,Not applicable,_Z,Not applicable,_Z,Not applicable,2006,,6.638,,,,,,,,,,,,0,Units,1,One
DATAFLOW,OECD.ELS.HD:DSD_SHA@DF_SHA(1.0),Health expenditure and financing,I,LUX,Luxembourg,A,Annual,EXP_HEALTH,Expenditure,PT_B1GQ,Percentage of GDP,_T,Total,_Z,Not application,_T,Total,_T,Total,_T,Total,_Z,Not applicable,_Z,Not applicable,_Z,Not applicable,2007,,6.158,,,,,,,,,,,,0,Units,1,One
DATAFLOW,OECD.ELS.HD:DSD_SHA@DF_SHA(1.0),Health expenditure and financing,I,LUX,Luxembourg,A,Annual,EXP_HEALTH,Expenditure,PT_B1GQ,Percentage of GDP,_T,Total,_Z,Not application,_T,Total,_T,Total,_T,Total,_Z,Not applicable,_Z,Not applicable,_Z,Not applicable,2008,,6.231,,,,,,,,,,,,0,Units,1,One
DATAFLOW,OECD.ELS.HD:DSD_SHA@DF_SHA(1.0),Health expenditure and financing,I,LUX,Luxembourg,A,Annual,EXP_HEALTH,Expenditure,PT_B1GQ,Percentage of GDP,_T,Total,_Z,Not application,_T,Total,_T,Total,_T,Total,_Z,Not applicable,_Z,Not applicable,_Z,Not applicable,2009,,6.95,,,,,,,,,,,,0,Units,1,One
DATAFLOW,OECD.ELS.HD:DSD_SHA@DF_SHA(1.0),Health expenditure and financing,I,LUX,Luxembourg,A,Annual,EXP_HEALTH,Expenditure,PT_B1GQ,Percentage of GDP,_T,Total,_Z,Not application,_T,Total,_T,Total,_T,Total,_Z,Not applicable,_Z,Not applicable,_Z,Not applicable,2010,,6.662,,,,,,,,,,,,0,Units,1,One
DATAFLOW,OECD.ELS.HD:DSD_SHA@DF_SHA(1.0),Health expenditure and financing,I,LUX,Luxembourg,A,Annual,EXP_HEALTH,Expenditure,PT_B1GQ,Percentage of GDP,_T,Total,_Z,Not application,_T,Total,_T,Total,_T,Total,_Z,Not applicable,_Z,Not applicable,_Z,Not applicable,2013,,5.236,,,,,,,,,,,,0,Units,1,One
DATAFLOW,OECD.ELS.HD:DSD_SHA@DF_SHA(1.0),Health expenditure and financing,I,LUX,Luxembourg,A,Annual,EXP_HEALTH,Expenditure,PT_B1GQ,Percentage of GDP,_T,Total,_Z,Not application,_T,Total,_T,Total,_T,Total,_Z,Not applicable,_Z,Not applicable,_Z,Not applicable,2014,,5.23,,,,,,,,,,,,0,Units,1,One
DATAFLOW,OECD.ELS.HD:DSD_SHA@DF_SHA(1.0),Health expenditure and financing,I,LUX,Luxembourg,A,Annual,EXP_HEALTH,Expenditure,PT_B1GQ,Percentage of GDP,_T,Total,_Z,Not application,_T,Total,_T,Total,_T,Total,_Z,Not applicable,_Z,Not applicable,_Z,Not applicable,2015,,5.081,,,,,,,,,,,,0,Units,1,One
DATAFLOW,OECD.ELS.HD:DSD_SHA@DF_SHA(1.0),Health expenditure and financing,I,LUX,Luxembourg,A,Annual,EXP_HEALTH,Expenditure,PT_B1GQ,Percentage of GDP,_T,Total,_Z,Not application,_T,Total,_T,Total,_T,Total,_Z,Not applicable,_Z,Not applicable,_Z,Not applicable,2016,,5.071,,,,,,,,,,,,0,Units,1,One
DATAFLOW,OECD.ELS.HD:DSD_SHA@DF_SHA(1.0),Health expenditure and financing,I,LUX,Luxembourg,A,Annual,EXP_HEALTH,Expenditure,PT_B1GQ,Percentage of GDP,_T,Total,_Z,Not application,_T,Total,_T,Total,_T,Total,_Z,Not applicable,_Z,Not applicable,_Z,Not applicable,2017,,5.135,,,,,,,,,,,,0,Units,1,One
DATAFLOW,OECD.ELS.HD:DSD_SHA@DF_SHA(1.0),Health expenditure and financing,I,LUX,Luxembourg,A,Annual,EXP_HEALTH,Expenditure,PT_B1GQ,Percentage of GDP,_T,Total,_Z,Not application,_T,Total,_T,Total,_T,Total,_Z,Not applicable,_Z,Not applicable,_Z,Not applicable,2018,,5.28,,,,,,,,,,,,0,Units,1,One
DATAFLOW,OECD.ELS.HD:DSD_SHA@DF_SHA(1.0),Health expenditure and financing,I,LUX,Luxembourg,A,Annual,EXP_HEALTH,Expenditure,PT_B1GQ,Percentage of GDP,_T,Total,_Z,Not application,_T,Total,_T,Total,_T,Total,_Z,Not applicable,_Z,Not applicable,_Z,Not applicable,2019,,5.465,,,,,,,,,,,,0,Units,1,One
DATAFLOW,OECD.ELS.HD:DSD_SHA@DF_SHA(1.0),Health expenditure and financing,I,LUX,Luxembourg,A,Annual,EXP_HEALTH,Expenditure,PT_B1GQ,Percentage of GDP,_T,Total,_Z,Not application,_T,Total,_T,Total,_T,Total,_Z,Not applicable,_Z,Not applicable,_Z,Not applicable,2020,,5.765,,,,,,,,,,,,0,Units,1,One
DATAFLOW,OECD.ELS.HD:DSD_SHA@DF_SHA(1.0),Health expenditure and financing,I,LUX,Luxembourg,A,Annual,EXP_HEALTH,Expenditure,PT_B1GQ,Percentage of GDP,_T,Total,_Z,Not application,_T,Total,_T,Total,_T,Total,_Z,Not applicable,_Z,Not applicable,_Z,Not applicable,2021,,5.661,,,,,,,,,,,,0,Units,1,One
DATAFLOW,OECD.ELS.HD:DSD_SHA@DF_SHA(1.0),Health expenditure and financing,I,LUX,Luxembourg,A,Annual,EXP_HEALTH,Expenditure,PT_B1GQ,Percentage of GDP,_T,Total,_Z,Not application,_T,Total,_T,Total,_T,Total,_Z,Not applicable,_Z,Not applicable,_Z,Not applicable,2022,,5.552,,,,,,,,,,,,0,Units,1,One
DATAFLOW,OECD.ELS.HD:DSD_SHA@DF_SHA(1.0),Health expenditure and financing,I,LUX,Luxembourg,A,Annual,EXP_HEALTH,Expenditure,PT_B1GQ,Percentage of GDP,_T,Total,_Z,Not application,_T,Total,_T,Total,_T,Total,_Z,Not applicable,_Z,Not applicable,_Z,Not applicable,1999,,5.613,,,,,,,,,,,,0,Units,1,One
DATAFLOW,OECD.ELS.HD:DSD_SHA@DF_SHA(1.0),Health expenditure and financing,I,LUX,Luxembourg,A,Annual,EXP_HEALTH,Expenditure,PT_B1GQ,Percentage of GDP,_T,Total,_Z,Not application,_T,Total,_T,Total,_T,Total,_Z,Not applicable,_Z,Not applicable,_Z,Not applicable,2001,,6.381,,,,,,,,,,,,0,Units,1,One
DATAFLOW,OECD.ELS.HD:DSD_SHA@DF_SHA(1.0),Health expenditure and financing,I,AUT,Austria,A,Annual,EXP_HEALTH,Expenditure,PT_B1GQ,Percentage of GDP,_T,Total,_Z,Not application,_T,Total,_T,Total,_T,Total,_Z,Not applicable,_Z,Not applicable,_Z,Not applicable,2017,,10.384,,,,,,,,,,,,0,Units,1,One
DATAFLOW,OECD.ELS.HD:DSD_SHA@DF_SHA(1.0),Health expenditure and financing,I,AUT,Austria,A,Annual,EXP_HEALTH,Expenditure,PT_B1GQ,Percentage of GDP,_T,Total,_Z,Not application,_T,Total,_T,Total,_T,Total,_Z,Not applicable,_Z,Not applicable,_Z,Not applicable,2018,,10.349,,,,,,,,,,,,0,Units,1,One
DATAFLOW,OECD.ELS.HD:DSD_SHA@DF_SHA(1.0),Health expenditure and financing,I,AUT,Austria,A,Annual,EXP_HEALTH,Expenditure,PT_B1GQ,Percentage of GDP,_T,Total,_Z,Not application,_T,Total,_T,Total,_T,Total,_Z,Not applicable,_Z,Not applicable,_Z,Not applicable,2023,,10.954,,,,,,P,Provisional value,,,,,0,Units,1,One
DATAFLOW,OECD.ELS.HD:DSD_SHA@DF_SHA(1.0),Health expenditure and financing,I,AUT,Austria,A,Annual,EXP_HEALTH,Expenditure,PT_B1GQ,Percentage of GDP,_T,Total,_Z,Not application,_T,Total,_T,Total,_T,Total,_Z,Not applicable,_Z,Not applicable,_Z,Not applicable,2004,,9.709,,,,,,B,Time series break,,,,,0,Units,1,One
DATAFLOW,OECD.ELS.HD:DSD_SHA@DF_SHA(1.0),Health expenditure and financing,I,AUT,Austria,A,Annual,EXP_HEALTH,Expenditure,PT_B1GQ,Percentage of GDP,_T,Total,_Z,Not application,_T,Total,_T,Total,_T,Total,_Z,Not applicable,_Z,Not applicable,_Z,Not applicable,2000,,9.204,,,,,,,,,,,,0,Units,1,One
DATAFLOW,OECD.ELS.HD:DSD_SHA@DF_SHA(1.0),Health expenditure and financing,I,AUT,Austria,A,Annual,EXP_HEALTH,Expenditure,PT_B1GQ,Percentage of GDP,_T,Total,_Z,Not application,_T,Total,_T,Total,_T,Total,_Z,Not applicable,_Z,Not applicable,_Z,Not applicable,2001,,9.269,,,,,,,,,,,,0,Units,1,One
DATAFLOW,OECD.ELS.HD:DSD_SHA@DF_SHA(1.0),Health expenditure and financing,I,AUT,Austria,A,Annual,EXP_HEALTH,Expenditure,PT_B1GQ,Percentage of GDP,_T,Total,_Z,Not application,_T,Total,_T,Total,_T,Total,_Z,Not applicable,_Z,Not applicable,_Z,Not applicable,2002,,9.395,,,,,,,,,,,,0,Units,1,One
DATAFLOW,OECD.ELS.HD:DSD_SHA@DF_SHA(1.0),Health expenditure and financing,I,AUT,Austria,A,Annual,EXP_HEALTH,Expenditure,PT_B1GQ,Percentage of GDP,_T,Total,_Z,Not application,_T,Total,_T,Total,_T,Total,_Z,Not applicable,_Z,Not applicable,_Z,Not applicable,2003,,9.547,,,,,,,,,,,,0,Units,1,One
DATAFLOW,OECD.ELS.HD:DSD_SHA@DF_SHA(1.0),Health expenditure and financing,I,AUT,Austria,A,Annual,EXP_HEALTH,Expenditure,PT_B1GQ,Percentage of GDP,_T,Total,_Z,Not application,_T,Total,_T,Total,_T,Total,_Z,Not applicable,_Z,Not applicable,_Z,Not applicable,2005,,9.627,,,,,,,,,,,,0,Units,1,One
DATAFLOW,OECD.ELS.HD:DSD_SHA@DF_SHA(1.0),Health expenditure and financing,I,AUT,Austria,A,Annual,EXP_HEALTH,Expenditure,PT_B1GQ,Percentage of GDP,_T,Total,_Z,Not application,_T,Total,_T,Total,_T,Total,_Z,Not applicable,_Z,Not applicable,_Z,Not applicable,2006,,9.531,,,,,,,,,,,,0,Units,1,One
DATAFLOW,OECD.ELS.HD:DSD_SHA@DF_SHA(1.0),Health expenditure and financing,I,AUT,Austria,A,Annual,EXP_HEALTH,Expenditure,PT_B1GQ,Percentage of GDP,_T,Total,_Z,Not application,_T,Total,_T,Total,_T,Total,_Z,Not applicable,_Z,Not applicable,_Z,Not applicable,2007,,9.532,,,,,,,,,,,,0,Units,1,One
DATAFLOW,OECD.ELS.HD:DSD_SHA@DF_SHA(1.0),Health expenditure and financing,I,AUT,Austria,A,Annual,EXP_HEALTH,Expenditure,PT_B1GQ,Percentage of GDP,_T,Total,_Z,Not application,_T,Total,_T,Total,_T,Total,_Z,Not applicable,_Z,Not applicable,_Z,Not applicable,2008,,9.726,,,,,,,,,,,,0,Units,1,One
DATAFLOW,OECD.ELS.HD:DSD_SHA@DF_SHA(1.0),Health expenditure and financing,I,AUT,Austria,A,Annual,EXP_HEALTH,Expenditure,PT_B1GQ,Percentage of GDP,_T,Total,_Z,Not application,_T,Total,_T,Total,_T,Total,_Z,Not applicable,_Z,Not applicable,_Z,Not applicable,2009,,10.226,,,,,,,,,,,,0,Units,1,One
DATAFLOW,OECD.ELS.HD:DSD_SHA@DF_SHA(1.0),Health expenditure and financing,I,AUT,Austria,A,Annual,EXP_HEALTH,Expenditure,PT_B1GQ,Percentage of GDP,_T,Total,_Z,Not application,_T,Total,_T,Total,_T,Total,_Z,Not applicable,_Z,Not applicable,_Z,Not applicable,2016,,10.352,,,,,,,,,,,,0,Units,1,One
DATAFLOW,OECD.ELS.HD:DSD_SHA@DF_SHA(1.0),Health expenditure and financing,I,JPN,Japan,A,Annual,EXP_HEALTH,Expenditure,PT_B1GQ,Percentage of GDP,_T,Total,_Z,Not application,_T,Total,_T,Total,_T,Total,_Z,Not applicable,_Z,Not applicable,_Z,Not applicable,2008,,8.089,,,,,,,,,,,,0,Units,1,One
DATAFLOW,OECD.ELS.HD:DSD_SHA@DF_SHA(1.0),Health expenditure and financing,I,JPN,Japan,A,Annual,EXP_HEALTH,Expenditure,PT_B1GQ,Percentage of GDP,_T,Total,_Z,Not application,_T,Total,_T,Total,_T,Total,_Z,Not applicable,_Z,Not applicable,_Z,Not applicable,2009,,8.959,,,,,,,,,,,,0,Units,1,One
DATAFLOW,OECD.ELS.HD:DSD_SHA@DF_SHA(1.0),Health expenditure and financing,I,AUT,Austria,A,Annual,EXP_HEALTH,Expenditure,PT_B1GQ,Percentage of GDP,_T,Total,_Z,Not application,_T,Total,_T,Total,_T,Total,_Z,Not applicable,_Z,Not applicable,_Z,Not applicable,2012,,10.199,,,,,,,,,,,,0,Units,1,One
DATAFLOW,OECD.ELS.HD:DSD_SHA@DF_SHA(1.0),Health expenditure and financing,I,AUT,Austria,A,Annual,EXP_HEALTH,Expenditure,PT_B1GQ,Percentage of GDP,_T,Total,_Z,Not application,_T,Total,_T,Total,_T,Total,_Z,Not applicable,_Z,Not applicable,_Z,Not applicable,2013,,10.286,,,,,,,,,,,,0,Units,1,One
DATAFLOW,OECD.ELS.HD:DSD_SHA@DF_SHA(1.0),Health expenditure and financing,I,AUT,Austria,A,Annual,EXP_HEALTH,Expenditure,PT_B1GQ,Percentage of GDP,_T,Total,_Z,Not application,_T,Total,_T,Total,_T,Total,_Z,Not applicable,_Z,Not applicable,_Z,Not applicable,2014,,10.368,,,,,,,,,,,,0,Units,1,One
DATAFLOW,OECD.ELS.HD:DSD_SHA@DF_SHA(1.0),Health expenditure and financing,I,SWE,Sweden,A,Annual,EXP_HEALTH,Expenditure,PT_B1GQ,Percentage of GDP,_T,Total,_Z,Not application,_T,Total,_T,Total,_T,Total,_Z,Not applicable,_Z,Not applicable,_Z,Not applicable,2000,,7.327,,,,,,,,,,,,0,Units,1,One
DATAFLOW,OECD.ELS.HD:DSD_SHA@DF_SHA(1.0),Health expenditure and financing,I,SWE,Sweden,A,Annual,EXP_HEALTH,Expenditure,PT_B1GQ,Percentage of GDP,_T,Total,_Z,Not application,_T,Total,_T,Total,_T,Total,_Z,Not applicable,_Z,Not applicable,_Z,Not applicable,2001,,7.9,,,,,,,,,,,,0,Units,1,One
DATAFLOW,OECD.ELS.HD:DSD_SHA@DF_SHA(1.0),Health expenditure and financing,I,SWE,Sweden,A,Annual,EXP_HEALTH,Expenditure,PT_B1GQ,Percentage of GDP,_T,Total,_Z,Not application,_T,Total,_T,Total,_T,Total,_Z,Not applicable,_Z,Not applicable,_Z,Not applicable,2008,,8.208,,,,,,,,,,,,0,Units,1,One
DATAFLOW,OECD.ELS.HD:DSD_SHA@DF_SHA(1.0),Health expenditure and financing,I,SWE,Sweden,A,Annual,EXP_HEALTH,Expenditure,PT_B1GQ,Percentage of GDP,_T,Total,_Z,Not application,_T,Total,_T,Total,_T,Total,_Z,Not applicable,_Z,Not applicable,_Z,Not applicable,2009,,8.77,,,,,,,,,,,,0,Units,1,One
DATAFLOW,OECD.ELS.HD:DSD_SHA@DF_SHA(1.0),Health expenditure and financing,I,SWE,Sweden,A,Annual,EXP_HEALTH,Expenditure,PT_B1GQ,Percentage of GDP,_T,Total,_Z,Not application,_T,Total,_T,Total,_T,Total,_Z,Not applicable,_Z,Not applicable,_Z,Not applicable,2010,,8.32,,,,,,,,,,,,0,Units,1,One
DATAFLOW,OECD.ELS.HD:DSD_SHA@DF_SHA(1.0),Health expenditure and financing,I,FRA,France,A,Annual,EXP_HEALTH,Expenditure,PT_B1GQ,Percentage of GDP,_T,Total,_Z,Not application,_T,Total,_T,Total,_T,Total,_Z,Not applicable,_Z,Not applicable,_Z,Not applicable,2006,,10.386,,,,,,B,Time series break,,,,,0,Units,1,One
DATAFLOW,OECD.ELS.HD:DSD_SHA@DF_SHA(1.0),Health expenditure and financing,I,FRA,France,A,Annual,EXP_HEALTH,Expenditure,PT_B1GQ,Percentage of GDP,_T,Total,_Z,Not application,_T,Total,_T,Total,_T,Total,_Z,Not applicable,_Z,Not applicable,_Z,Not applicable,2013,,11.396,,,,,,B,Time series break,,,,,0,Units,1,One
DATAFLOW,OECD.ELS.HD:DSD_SHA@DF_SHA(1.0),Health expenditure and financing,I,FRA,France,A,Annual,EXP_HEALTH,Expenditure,PT_B1GQ,Percentage of GDP,_T,Total,_Z,Not application,_T,Total,_T,Total,_T,Total,_Z,Not applicable,_Z,Not applicable,_Z,Not applicable,1995,,9.884,,,,,,B,Time series break,,,,,0,Units,1,One
DATAFLOW,OECD.ELS.HD:DSD_SHA@DF_SHA(1.0),Health expenditure and financing,I,FRA,France,A,Annual,EXP_HEALTH,Expenditure,PT_B1GQ,Percentage of GDP,_T,Total,_Z,Not application,_T,Total,_T,Total,_T,Total,_Z,Not applicable,_Z,Not applicable,_Z,Not applicable,2003,,10.083,,,,,,B,Time series break,,,,,0,Units,1,One
DATAFLOW,OECD.ELS.HD:DSD_SHA@DF_SHA(1.0),Health expenditure and financing,I,FRA,France,A,Annual,EXP_HEALTH,Expenditure,PT_B1GQ,Percentage of GDP,_T,Total,_Z,Not application,_T,Total,_T,Total,_T,Total,_Z,Not applicable,_Z,Not applicable,_Z,Not applicable,1999,,9.66,,,,,,,,,,,,0,Units,1,One
DATAFLOW,OECD.ELS.HD:DSD_SHA@DF_SHA(1.0),Health expenditure and financing,I,FRA,France,A,Annual,EXP_HEALTH,Expenditure,PT_B1GQ,Percentage of GDP,_T,Total,_Z,Not application,_T,Total,_T,Total,_T,Total,_Z,Not applicable,_Z,Not applicable,_Z,Not applicable,2000,,9.584,,,,,,,,,,,,0,Units,1,One
DATAFLOW,OECD.ELS.HD:DSD_SHA@DF_SHA(1.0),Health expenditure and financing,I,FRA,France,A,Annual,EXP_HEALTH,Expenditure,PT_B1GQ,Percentage of GDP,_T,Total,_Z,Not application,_T,Total,_T,Total,_T,Total,_Z,Not applicable,_Z,Not applicable,_Z,Not applicable,2001,,9.706,,,,,,,,,,,,0,Units,1,One
DATAFLOW,OECD.ELS.HD:DSD_SHA@DF_SHA(1.0),Health expenditure and financing,I,FRA,France,A,Annual,EXP_HEALTH,Expenditure,PT_B1GQ,Percentage of GDP,_T,Total,_Z,Not application,_T,Total,_T,Total,_T,Total,_Z,Not applicable,_Z,Not applicable,_Z,Not applicable,2002,,10.022,,,,,,,,,,,,0,Units,1,One
DATAFLOW,OECD.ELS.HD:DSD_SHA@DF_SHA(1.0),Health expenditure and financing,I,FRA,France,A,Annual,EXP_HEALTH,Expenditure,PT_B1GQ,Percentage of GDP,_T,Total,_Z,Not application,_T,Total,_T,Total,_T,Total,_Z,Not applicable,_Z,Not applicable,_Z,Not applicable,2004,,10.164,,,,,,,,,,,,0,Units,1,One
DATAFLOW,OECD.ELS.HD:DSD_SHA@DF_SHA(1.0),Health expenditure and financing,I,FRA,France,A,Annual,EXP_HEALTH,Expenditure,PT_B1GQ,Percentage of GDP,_T,Total,_Z,Not application,_T,Total,_T,Total,_T,Total,_Z,Not applicable,_Z,Not applicable,_Z,Not applicable,2005,,10.215,,,,,,,,,,,,0,Units,1,One
DATAFLOW,OECD.ELS.HD:DSD_SHA@DF_SHA(1.0),Health expenditure and financing,I,FRA,France,A,Annual,EXP_HEALTH,Expenditure,PT_B1GQ,Percentage of GDP,_T,Total,_Z,Not application,_T,Total,_T,Total,_T,Total,_Z,Not applicable,_Z,Not applicable,_Z,Not applicable,2007,,10.316,,,,,,,,,,,,0,Units,1,One
DATAFLOW,OECD.ELS.HD:DSD_SHA@DF_SHA(1.0),Health expenditure and financing,I,FRA,France,A,Annual,EXP_HEALTH,Expenditure,PT_B1GQ,Percentage of GDP,_T,Total,_Z,Not application,_T,Total,_T,Total,_T,Total,_Z,Not applicable,_Z,Not applicable,_Z,Not applicable,2008,,10.501,,,,,,,,,,,,0,Units,1,One
DATAFLOW,OECD.ELS.HD:DSD_SHA@DF_SHA(1.0),Health expenditure and financing,I,FRA,France,A,Annual,EXP_HEALTH,Expenditure,PT_B1GQ,Percentage of GDP,_T,Total,_Z,Not application,_T,Total,_T,Total,_T,Total,_Z,Not applicable,_Z,Not applicable,_Z,Not applicable,2009,,11.288,,,,,,,,,,,,0,Units,1,One
DATAFLOW,OECD.ELS.HD:DSD_SHA@DF_SHA(1.0),Health expenditure and financing,I,FRA,France,A,Annual,EXP_HEALTH,Expenditure,PT_B1GQ,Percentage of GDP,_T,Total,_Z,Not application,_T,Total,_T,Total,_T,Total,_Z,Not applicable,_Z,Not applicable,_Z,Not applicable,2023,,11.592,,,,,,P,Provisional value,,,,,0,Units,1,One
DATAFLOW,OECD.ELS.HD:DSD_SHA@DF_SHA(1.0),Health expenditure and financing,I,FRA,France,A,Annual,EXP_HEALTH,Expenditure,PT_B1GQ,Percentage of GDP,_T,Total,_Z,Not application,_T,Total,_T,Total,_T,Total,_Z,Not applicable,_Z,Not applicable,_Z,Not applicable,2010,,11.226,,,,,,,,,,,,0,Units,1,One
DATAFLOW,OECD.ELS.HD:DSD_SHA@DF_SHA(1.0),Health expenditure and financing,I,FRA,France,A,Annual,EXP_HEALTH,Expenditure,PT_B1GQ,Percentage of GDP,_T,Total,_Z,Not application,_T,Total,_T,Total,_T,Total,_Z,Not applicable,_Z,Not applicable,_Z,Not applicable,2011,,11.185,,,,,,,,,,,,0,Units,1,One
DATAFLOW,OECD.ELS.HD:DSD_SHA@DF_SHA(1.0),Health expenditure and financing,I,FRA,France,A,Annual,EXP_HEALTH,Expenditure,PT_B1GQ,Percentage of GDP,_T,Total,_Z,Not application,_T,Total,_T,Total,_T,Total,_Z,Not applicable,_Z,Not applicable,_Z,Not applicable,2012,,11.297,,,,,,,,,,,,0,Units,1,One
DATAFLOW,OECD.ELS.HD:DSD_SHA@DF_SHA(1.0),Health expenditure and financing,I,FRA,France,A,Annual,EXP_HEALTH,Expenditure,PT_B1GQ,Percentage of GDP,_T,Total,_Z,Not application,_T,Total,_T,Total,_T,Total,_Z,Not applicable,_Z,Not applicable,_Z,Not applicable,2014,,11.525,,,,,,,,,,,,0,Units,1,One
DATAFLOW,OECD.ELS.HD:DSD_SHA@DF_SHA(1.0),Health expenditure and financing,I,FRA,France,A,Annual,EXP_HEALTH,Expenditure,PT_B1GQ,Percentage of GDP,_T,Total,_Z,Not application,_T,Total,_T,Total,_T,Total,_Z,Not applicable,_Z,Not applicable,_Z,Not applicable,2015,,11.44,,,,,,,,,,,,0,Units,1,One
DATAFLOW,OECD.ELS.HD:DSD_SHA@DF_SHA(1.0),Health expenditure and financing,I,FRA,France,A,Annual,EXP_HEALTH,Expenditure,PT_B1GQ,Percentage of GDP,_T,Total,_Z,Not application,_T,Total,_T,Total,_T,Total,_Z,Not applicable,_Z,Not applicable,_Z,Not applicable,2016,,11.49,,,,,,,,,,,,0,Units,1,One
DATAFLOW,OECD.ELS.HD:DSD_SHA@DF_SHA(1.0),Health expenditure and financing,I,FRA,France,A,Annual,EXP_HEALTH,Expenditure,PT_B1GQ,Percentage of GDP,_T,Total,_Z,Not application,_T,Total,_T,Total,_T,Total,_Z,Not applicable,_Z,Not applicable,_Z,Not applicable,2017,,11.371,,,,,,,,,,,,0,Units,1,One
DATAFLOW,OECD.ELS.HD:DSD_SHA@DF_SHA(1.0),Health expenditure and financing,I,FRA,France,A,Annual,EXP_HEALTH,Expenditure,PT_B1GQ,Percentage of GDP,_T,Total,_Z,Not application,_T,Total,_T,Total,_T,Total,_Z,Not applicable,_Z,Not applicable,_Z,Not applicable,2018,,11.21,,,,,,,,,,,,0,Units,1,One
DATAFLOW,OECD.ELS.HD:DSD_SHA@DF_SHA(1.0),Health expenditure and financing,I,FRA,France,A,Annual,EXP_HEALTH,Expenditure,PT_B1GQ,Percentage of GDP,_T,Total,_Z,Not application,_T,Total,_T,Total,_T,Total,_Z,Not applicable,_Z,Not applicable,_Z,Not applicable,2019,,11.099,,,,,,,,,,,,0,Units,1,One
DATAFLOW,OECD.ELS.HD:DSD_SHA@DF_SHA(1.0),Health expenditure and financing,I,FRA,France,A,Annual,EXP_HEALTH,Expenditure,PT_B1GQ,Percentage of GDP,_T,Total,_Z,Not application,_T,Total,_T,Total,_T,Total,_Z,Not applicable,_Z,Not applicable,_Z,Not applicable,2020,,12.072,,,,,,,,,,,,0,Units,1,One
DATAFLOW,OECD.ELS.HD:DSD_SHA@DF_SHA(1.0),Health expenditure and financing,I,FRA,France,A,Annual,EXP_HEALTH,Expenditure,PT_B1GQ,Percentage of GDP,_T,Total,_Z,Not application,_T,Total,_T,Total,_T,Total,_Z,Not applicable,_Z,Not applicable,_Z,Not applicable,2021,,12.292,,,,,,,,,,,,0,Units,1,One
DATAFLOW,OECD.ELS.HD:DSD_SHA@DF_SHA(1.0),Health expenditure and financing,I,FRA,France,A,Annual,EXP_HEALTH,Expenditure,PT_B1GQ,Percentage of GDP,_T,Total,_Z,Not application,_T,Total,_T,Total,_T,Total,_Z,Not applicable,_Z,Not applicable,_Z,Not applicable,2022,,11.882,,,,,,,,,,,,0,Units,1,One
DATAFLOW,OECD.ELS.HD:DSD_SHA@DF_SHA(1.0),Health expenditure and financing,I,FRA,France,A,Annual,EXP_HEALTH,Expenditure,PT_B1GQ,Percentage of GDP,_T,Total,_Z,Not application,_T,Total,_T,Total,_T,Total,_Z,Not applicable,_Z,Not applicable,_Z,Not applicable,1992,,8.446,,,,,,,,,,,,0,Units,1,One
DATAFLOW,OECD.ELS.HD:DSD_SHA@DF_SHA(1.0),Health expenditure and financing,I,FRA,France,A,Annual,EXP_HEALTH,Expenditure,PT_B1GQ,Percentage of GDP,_T,Total,_Z,Not application,_T,Total,_T,Total,_T,Total,_Z,Not applicable,_Z,Not applicable,_Z,Not applicable,1993,,8.857,,,,,,,,,,,,0,Units,1,One
DATAFLOW,OECD.ELS.HD:DSD_SHA@DF_SHA(1.0),Health expenditure and financing,I,FRA,France,A,Annual,EXP_HEALTH,Expenditure,PT_B1GQ,Percentage of GDP,_T,Total,_Z,Not application,_T,Total,_T,Total,_T,Total,_Z,Not applicable,_Z,Not applicable,_Z,Not applicable,1994,,8.841,,,,,,,,,,,,0,Units,1,One
DATAFLOW,OECD.ELS.HD:DSD_SHA@DF_SHA(1.0),Health expenditure and financing,I,FRA,France,A,Annual,EXP_HEALTH,Expenditure,PT_B1GQ,Percentage of GDP,_T,Total,_Z,Not application,_T,Total,_T,Total,_T,Total,_Z,Not applicable,_Z,Not applicable,_Z,Not applicable,1996,,9.886,,,,,,,,,,,,0,Units,1,One
DATAFLOW,OECD.ELS.HD:DSD_SHA@DF_SHA(1.0),Health expenditure and financing,I,FRA,France,A,Annual,EXP_HEALTH,Expenditure,PT_B1GQ,Percentage of GDP,_T,Total,_Z,Not application,_T,Total,_T,Total,_T,Total,_Z,Not applicable,_Z,Not applicable,_Z,Not applicable,1997,,9.761,,,,,,,,,,,,0,Units,1,One
DATAFLOW,OECD.ELS.HD:DSD_SHA@DF_SHA(1.0),Health expenditure and financing,I,FRA,France,A,Annual,EXP_HEALTH,Expenditure,PT_B1GQ,Percentage of GDP,_T,Total,_Z,Not application,_T,Total,_T,Total,_T,Total,_Z,Not applicable,_Z,Not applicable,_Z,Not applicable,1998,,9.659,,,,,,,,,,,,0,Units,1,One
DATAFLOW,OECD.ELS.HD:DSD_SHA@DF_SHA(1.0),Health expenditure and financing,I,CHE,Switzerland,A,Annual,EXP_HEALTH,Expenditure,PT_B1GQ,Percentage of GDP,_T,Total,_Z,Not application,_T,Total,_T,Total,_T,Total,_Z,Not applicable,_Z,Not applicable,_Z,Not applicable,2021,,12.005,,,,,,,,,,,,0,Units,1,One
DATAFLOW,OECD.ELS.HD:DSD_SHA@DF_SHA(1.0),Health expenditure and financing,I,CHE,Switzerland,A,Annual,EXP_HEALTH,Expenditure,PT_B1GQ,Percentage of GDP,_T,Total,_Z,Not application,_T,Total,_T,Total,_T,Total,_Z,Not applicable,_Z,Not applicable,_Z,Not applicable,2022,,11.707,,,,,,,,,,,,0,Units,1,One
DATAFLOW,OECD.ELS.HD:DSD_SHA@DF_SHA(1.0),Health expenditure and financing,I,CHE,Switzerland,A,Annual,EXP_HEALTH,Expenditure,PT_B1GQ,Percentage of GDP,_T,Total,_Z,Not application,_T,Total,_T,Total,_T,Total,_Z,Not applicable,_Z,Not applicable,_Z,Not applicable,2023,,11.972,,,,,,E,Estimated value,,,,,0,Units,1,One
DATAFLOW,OECD.ELS.HD:DSD_SHA@DF_SHA(1.0),Health expenditure and financing,I,CHE,Switzerland,A,Annual,EXP_HEALTH,Expenditure,PT_B1GQ,Percentage of GDP,_T,Total,_Z,Not application,_T,Total,_T,Total,_T,Total,_Z,Not applicable,_Z,Not applicable,_Z,Not applicable,1995,,8.642,,,,,,B,Time series break,,,,,0,Units,1,One
DATAFLOW,OECD.ELS.HD:DSD_SHA@DF_SHA(1.0),Health expenditure and financing,I,CHE,Switzerland,A,Annual,EXP_HEALTH,Expenditure,PT_B1GQ,Percentage of GDP,_T,Total,_Z,Not application,_T,Total,_T,Total,_T,Total,_Z,Not applicable,_Z,Not applicable,_Z,Not applicable,2011,,10.119,,,,,,,,,,,,0,Units,1,One
DATAFLOW,OECD.ELS.HD:DSD_SHA@DF_SHA(1.0),Health expenditure and financing,I,CHE,Switzerland,A,Annual,EXP_HEALTH,Expenditure,PT_B1GQ,Percentage of GDP,_T,Total,_Z,Not application,_T,Total,_T,Total,_T,Total,_Z,Not applicable,_Z,Not applicable,_Z,Not applicable,2012,,10.348,,,,,,,,,,,,0,Units,1,One
DATAFLOW,OECD.ELS.HD:DSD_SHA@DF_SHA(1.0),Health expenditure and financing,I,CHE,Switzerland,A,Annual,EXP_HEALTH,Expenditure,PT_B1GQ,Percentage of GDP,_T,Total,_Z,Not application,_T,Total,_T,Total,_T,Total,_Z,Not applicable,_Z,Not applicable,_Z,Not applicable,2013,,10.615,,,,,,,,,,,,0,Units,1,One
DATAFLOW,OECD.ELS.HD:DSD_SHA@DF_SHA(1.0),Health expenditure and financing,I,CHE,Switzerland,A,Annual,EXP_HEALTH,Expenditure,PT_B1GQ,Percentage of GDP,_T,Total,_Z,Not application,_T,Total,_T,Total,_T,Total,_Z,Not applicable,_Z,Not applicable,_Z,Not applicable,2014,,10.7,,,,,,,,,,,,0,Units,1,One
DATAFLOW,OECD.ELS.HD:DSD_SHA@DF_SHA(1.0),Health expenditure and financing,I,CHE,Switzerland,A,Annual,EXP_HEALTH,Expenditure,PT_B1GQ,Percentage of GDP,_T,Total,_Z,Not application,_T,Total,_T,Total,_T,Total,_Z,Not applicable,_Z,Not applicable,_Z,Not applicable,2015,,11.004,,,,,,,,,,,,0,Units,1,One
DATAFLOW,OECD.ELS.HD:DSD_SHA@DF_SHA(1.0),Health expenditure and financing,I,CHE,Switzerland,A,Annual,EXP_HEALTH,Expenditure,PT_B1GQ,Percentage of GDP,_T,Total,_Z,Not application,_T,Total,_T,Total,_T,Total,_Z,Not applicable,_Z,Not applicable,_Z,Not applicable,2016,,11.229,,,,,,,,,,,,0,Units,1,One
DATAFLOW,OECD.ELS.HD:DSD_SHA@DF_SHA(1.0),Health expenditure and financing,I,CHE,Switzerland,A,Annual,EXP_HEALTH,Expenditure,PT_B1GQ,Percentage of GDP,_T,Total,_Z,Not application,_T,Total,_T,Total,_T,Total,_Z,Not applicable,_Z,Not applicable,_Z,Not applicable,2017,,11.413,,,,,,,,,,,,0,Units,1,One
DATAFLOW,OECD.ELS.HD:DSD_SHA@DF_SHA(1.0),Health expenditure and financing,I,CHE,Switzerland,A,Annual,EXP_HEALTH,Expenditure,PT_B1GQ,Percentage of GDP,_T,Total,_Z,Not application,_T,Total,_T,Total,_T,Total,_Z,Not applicable,_Z,Not applicable,_Z,Not applicable,2018,,11.199,,,,,,,,,,,,0,Units,1,One
DATAFLOW,OECD.ELS.HD:DSD_SHA@DF_SHA(1.0),Health expenditure and financing,I,CHE,Switzerland,A,Annual,EXP_HEALTH,Expenditure,PT_B1GQ,Percentage of GDP,_T,Total,_Z,Not application,_T,Total,_T,Total,_T,Total,_Z,Not applicable,_Z,Not applicable,_Z,Not applicable,2019,,11.426,,,,,,,,,,,,0,Units,1,One
DATAFLOW,OECD.ELS.HD:DSD_SHA@DF_SHA(1.0),Health expenditure and financing,I,CHE,Switzerland,A,Annual,EXP_HEALTH,Expenditure,PT_B1GQ,Percentage of GDP,_T,Total,_Z,Not application,_T,Total,_T,Total,_T,Total,_Z,Not applicable,_Z,Not applicable,_Z,Not applicable,2020,,12.004,,,,,,,,,,,,0,Units,1,One
DATAFLOW,OECD.ELS.HD:DSD_SHA@DF_SHA(1.0),Health expenditure and financing,I,CHE,Switzerland,A,Annual,EXP_HEALTH,Expenditure,PT_B1GQ,Percentage of GDP,_T,Total,_Z,Not application,_T,Total,_T,Total,_T,Total,_Z,Not applicable,_Z,Not applicable,_Z,Not applicable,1996,,8.986,,,,,,,,,,,,0,Units,1,One
DATAFLOW,OECD.ELS.HD:DSD_SHA@DF_SHA(1.0),Health expenditure and financing,I,CHE,Switzerland,A,Annual,EXP_HEALTH,Expenditure,PT_B1GQ,Percentage of GDP,_T,Total,_Z,Not application,_T,Total,_T,Total,_T,Total,_Z,Not applicable,_Z,Not applicable,_Z,Not applicable,1997,,9.009,,,,,,,,,,,,0,Units,1,One
DATAFLOW,OECD.ELS.HD:DSD_SHA@DF_SHA(1.0),Health expenditure and financing,I,CHE,Switzerland,A,Annual,EXP_HEALTH,Expenditure,PT_B1GQ,Percentage of GDP,_T,Total,_Z,Not application,_T,Total,_T,Total,_T,Total,_Z,Not applicable,_Z,Not applicable,_Z,Not applicable,1998,,9.109,,,,,,,,,,,,0,Units,1,One
DATAFLOW,OECD.ELS.HD:DSD_SHA@DF_SHA(1.0),Health expenditure and financing,I,CHE,Switzerland,A,Annual,EXP_HEALTH,Expenditure,PT_B1GQ,Percentage of GDP,_T,Total,_Z,Not application,_T,Total,_T,Total,_T,Total,_Z,Not applicable,_Z,Not applicable,_Z,Not applicable,1999,,9.237,,,,,,,,,,,,0,Units,1,One
DATAFLOW,OECD.ELS.HD:DSD_SHA@DF_SHA(1.0),Health expenditure and financing,I,CHE,Switzerland,A,Annual,EXP_HEALTH,Expenditure,PT_B1GQ,Percentage of GDP,_T,Total,_Z,Not application,_T,Total,_T,Total,_T,Total,_Z,Not applicable,_Z,Not applicable,_Z,Not applicable,2000,,9.134,,,,,,,,,,,,0,Units,1,One
DATAFLOW,OECD.ELS.HD:DSD_SHA@DF_SHA(1.0),Health expenditure and financing,I,CHE,Switzerland,A,Annual,EXP_HEALTH,Expenditure,PT_B1GQ,Percentage of GDP,_T,Total,_Z,Not application,_T,Total,_T,Total,_T,Total,_Z,Not applicable,_Z,Not applicable,_Z,Not applicable,2001,,9.46,,,,,,,,,,,,0,Units,1,One
DATAFLOW,OECD.ELS.HD:DSD_SHA@DF_SHA(1.0),Health expenditure and financing,I,CHE,Switzerland,A,Annual,EXP_HEALTH,Expenditure,PT_B1GQ,Percentage of GDP,_T,Total,_Z,Not application,_T,Total,_T,Total,_T,Total,_Z,Not applicable,_Z,Not applicable,_Z,Not applicable,2002,,9.88,,,,,,,,,,,,0,Units,1,One
DATAFLOW,OECD.ELS.HD:DSD_SHA@DF_SHA(1.0),Health expenditure and financing,I,CHE,Switzerland,A,Annual,EXP_HEALTH,Expenditure,PT_B1GQ,Percentage of GDP,_T,Total,_Z,Not application,_T,Total,_T,Total,_T,Total,_Z,Not applicable,_Z,Not applicable,_Z,Not applicable,2003,,10.137,,,,,,,,,,,,0,Units,1,One
DATAFLOW,OECD.ELS.HD:DSD_SHA@DF_SHA(1.0),Health expenditure and financing,I,CHE,Switzerland,A,Annual,EXP_HEALTH,Expenditure,PT_B1GQ,Percentage of GDP,_T,Total,_Z,Not application,_T,Total,_T,Total,_T,Total,_Z,Not applicable,_Z,Not applicable,_Z,Not applicable,2004,,10.226,,,,,,,,,,,,0,Units,1,One
DATAFLOW,OECD.ELS.HD:DSD_SHA@DF_SHA(1.0),Health expenditure and financing,I,CHE,Switzerland,A,Annual,EXP_HEALTH,Expenditure,PT_B1GQ,Percentage of GDP,_T,Total,_Z,Not application,_T,Total,_T,Total,_T,Total,_Z,Not applicable,_Z,Not applicable,_Z,Not applicable,2005,,10.058,,,,,,,,,,,,0,Units,1,One
DATAFLOW,OECD.ELS.HD:DSD_SHA@DF_SHA(1.0),Health expenditure and financing,I,CHE,Switzerland,A,Annual,EXP_HEALTH,Expenditure,PT_B1GQ,Percentage of GDP,_T,Total,_Z,Not application,_T,Total,_T,Total,_T,Total,_Z,Not applicable,_Z,Not applicable,_Z,Not applicable,2006,,9.58,,,,,,,,,,,,0,Units,1,One
DATAFLOW,OECD.ELS.HD:DSD_SHA@DF_SHA(1.0),Health expenditure and financing,I,CHE,Switzerland,A,Annual,EXP_HEALTH,Expenditure,PT_B1GQ,Percentage of GDP,_T,Total,_Z,Not application,_T,Total,_T,Total,_T,Total,_Z,Not applicable,_Z,Not applicable,_Z,Not applicable,2007,,9.417,,,,,,,,,,,,0,Units,1,One
DATAFLOW,OECD.ELS.HD:DSD_SHA@DF_SHA(1.0),Health expenditure and financing,I,CHE,Switzerland,A,Annual,EXP_HEALTH,Expenditure,PT_B1GQ,Percentage of GDP,_T,Total,_Z,Not application,_T,Total,_T,Total,_T,Total,_Z,Not applicable,_Z,Not applicable,_Z,Not applicable,2008,,9.532,,,,,,,,,,,,0,Units,1,One
DATAFLOW,OECD.ELS.HD:DSD_SHA@DF_SHA(1.0),Health expenditure and financing,I,CHE,Switzerland,A,Annual,EXP_HEALTH,Expenditure,PT_B1GQ,Percentage of GDP,_T,Total,_Z,Not application,_T,Total,_T,Total,_T,Total,_Z,Not applicable,_Z,Not applicable,_Z,Not applicable,1992,,8.602,,,,,,,,,,,,0,Units,1,One
DATAFLOW,OECD.ELS.HD:DSD_SHA@DF_SHA(1.0),Health expenditure and financing,I,CHE,Switzerland,A,Annual,EXP_HEALTH,Expenditure,PT_B1GQ,Percentage of GDP,_T,Total,_Z,Not application,_T,Total,_T,Total,_T,Total,_Z,Not applicable,_Z,Not applicable,_Z,Not applicable,1993,,8.702,,,,,,,,,,,,0,Units,1,One
DATAFLOW,OECD.ELS.HD:DSD_SHA@DF_SHA(1.0),Health expenditure and financing,I,CHE,Switzerland,A,Annual,EXP_HEALTH,Expenditure,PT_B1GQ,Percentage of GDP,_T,Total,_Z,Not application,_T,Total,_T,Total,_T,Total,_Z,Not applicable,_Z,Not applicable,_Z,Not applicable,1994,,8.827,,,,,,,,,,,,0,Units,1,One
DATAFLOW,OECD.ELS.HD:DSD_SHA@DF_SHA(1.0),Health expenditure and financing,I,CHE,Switzerland,A,Annual,EXP_HEALTH,Expenditure,PT_B1GQ,Percentage of GDP,_T,Total,_Z,Not application,_T,Total,_T,Total,_T,Total,_Z,Not applicable,_Z,Not applicable,_Z,Not applicable,2009,,10.142,,,,,,,,,,,,0,Units,1,One
DATAFLOW,OECD.ELS.HD:DSD_SHA@DF_SHA(1.0),Health expenditure and financing,I,CHE,Switzerland,A,Annual,EXP_HEALTH,Expenditure,PT_B1GQ,Percentage of GDP,_T,Total,_Z,Not application,_T,Total,_T,Total,_T,Total,_Z,Not applicable,_Z,Not applicable,_Z,Not applicable,2010,,10.005,,,,,,,,,,,,0,Units,1,One
DATAFLOW,OECD.ELS.HD:DSD_SHA@DF_SHA(1.0),Health expenditure and financing,I,AUS,Australia,A,Annual,EXP_HEALTH,Expenditure,PT_B1GQ,Percentage of GDP,_T,Total,_Z,Not application,_T,Total,_T,Total,_T,Total,_Z,Not applicable,_Z,Not applicable,_Z,Not applicable,2003,,7.877,,,,,,D,Definition differs,,,,,0,Units,1,One
DATAFLOW,OECD.ELS.HD:DSD_SHA@DF_SHA(1.0),Health expenditure and financing,I,AUS,Australia,A,Annual,EXP_HEALTH,Expenditure,PT_B1GQ,Percentage of GDP,_T,Total,_Z,Not application,_T,Total,_T,Total,_T,Total,_Z,Not applicable,_Z,Not applicable,_Z,Not applicable,2004,,8.083,,,,,,D,Definition differs,,,,,0,Units,1,One
DATAFLOW,OECD.ELS.HD:DSD_SHA@DF_SHA(1.0),Health expenditure and financing,I,ESP,Spain,A,Annual,EXP_HEALTH,Expenditure,PT_B1GQ,Percentage of GDP,_T,Total,_Z,Not application,_T,Total,_T,Total,_T,Total,_Z,Not applicable,_Z,Not applicable,_Z,Not applicable,1999,,6.906,,,,,,B,Time series break,,,,,0,Units,1,One
DATAFLOW,OECD.ELS.HD:DSD_SHA@DF_SHA(1.0),Health expenditure and financing,I,ESP,Spain,A,Annual,EXP_HEALTH,Expenditure,PT_B1GQ,Percentage of GDP,_T,Total,_Z,Not application,_T,Total,_T,Total,_T,Total,_Z,Not applicable,_Z,Not applicable,_Z,Not applicable,2003,,7.563,,,,,,B,Time series break,,,,,0,Units,1,One
DATAFLOW,OECD.ELS.HD:DSD_SHA@DF_SHA(1.0),Health expenditure and financing,I,AUS,Australia,A,Annual,EXP_HEALTH,Expenditure,PT_B1GQ,Percentage of GDP,_T,Total,_Z,Not application,_T,Total,_T,Total,_T,Total,_Z,Not applicable,_Z,Not applicable,_Z,Not applicable,2009,,8.542,,,,,,D,Definition differs,,,,,0,Units,1,One
DATAFLOW,OECD.ELS.HD:DSD_SHA@DF_SHA(1.0),Health expenditure and financing,I,AUS,Australia,A,Annual,EXP_HEALTH,Expenditure,PT_B1GQ,Percentage of GDP,_T,Total,_Z,Not application,_T,Total,_T,Total,_T,Total,_Z,Not applicable,_Z,Not applicable,_Z,Not applicable,2010,,8.419,,,,,,D,Definition differs,,,,,0,Units,1,One
DATAFLOW,OECD.ELS.HD:DSD_SHA@DF_SHA(1.0),Health expenditure and financing,I,AUS,Australia,A,Annual,EXP_HEALTH,Expenditure,PT_B1GQ,Percentage of GDP,_T,Total,_Z,Not application,_T,Total,_T,Total,_T,Total,_Z,Not applicable,_Z,Not applicable,_Z,Not applicable,2011,,8.534,,,,,,D,Definition differs,,,,,0,Units,1,One
DATAFLOW,OECD.ELS.HD:DSD_SHA@DF_SHA(1.0),Health expenditure and financing,I,AUS,Australia,A,Annual,EXP_HEALTH,Expenditure,PT_B1GQ,Percentage of GDP,_T,Total,_Z,Not application,_T,Total,_T,Total,_T,Total,_Z,Not applicable,_Z,Not applicable,_Z,Not applicable,2012,,8.669,,,,,,D,Definition differs,,,,,0,Units,1,One
DATAFLOW,OECD.ELS.HD:DSD_SHA@DF_SHA(1.0),Health expenditure and financing,I,AUS,Australia,A,Annual,EXP_HEALTH,Expenditure,PT_B1GQ,Percentage of GDP,_T,Total,_Z,Not application,_T,Total,_T,Total,_T,Total,_Z,Not applicable,_Z,Not applicable,_Z,Not applicable,2013,,8.745,,,,,,D,Definition differs,,,,,0,Units,1,One
DATAFLOW,OECD.ELS.HD:DSD_SHA@DF_SHA(1.0),Health expenditure and financing,I,AUS,Australia,A,Annual,EXP_HEALTH,Expenditure,PT_B1GQ,Percentage of GDP,_T,Total,_Z,Not application,_T,Total,_T,Total,_T,Total,_Z,Not applicable,_Z,Not applicable,_Z,Not applicable,1998,,7.225,,,,,,D,Definition differs,,,,,0,Units,1,One
DATAFLOW,OECD.ELS.HD:DSD_SHA@DF_SHA(1.0),Health expenditure and financing,I,AUS,Australia,A,Annual,EXP_HEALTH,Expenditure,PT_B1GQ,Percentage of GDP,_T,Total,_Z,Not application,_T,Total,_T,Total,_T,Total,_Z,Not applicable,_Z,Not applicable,_Z,Not applicable,1999,,7.314,,,,,,D,Definition differs,,,,,0,Units,1,One
DATAFLOW,OECD.ELS.HD:DSD_SHA@DF_SHA(1.0),Health expenditure and financing,I,AUS,Australia,A,Annual,EXP_HEALTH,Expenditure,PT_B1GQ,Percentage of GDP,_T,Total,_Z,Not application,_T,Total,_T,Total,_T,Total,_Z,Not applicable,_Z,Not applicable,_Z,Not applicable,2000,,7.589,,,,,,D,Definition differs,,,,,0,Units,1,One
DATAFLOW,OECD.ELS.HD:DSD_SHA@DF_SHA(1.0),Health expenditure and financing,I,AUS,Australia,A,Annual,EXP_HEALTH,Expenditure,PT_B1GQ,Percentage of GDP,_T,Total,_Z,Not application,_T,Total,_T,Total,_T,Total,_Z,Not applicable,_Z,Not applicable,_Z,Not applicable,2001,,7.674,,,,,,D,Definition differs,,,,,0,Units,1,One
DATAFLOW,OECD.ELS.HD:DSD_SHA@DF_SHA(1.0),Health expenditure and financing,I,AUS,Australia,A,Annual,EXP_HEALTH,Expenditure,PT_B1GQ,Percentage of GDP,_T,Total,_Z,Not application,_T,Total,_T,Total,_T,Total,_Z,Not applicable,_Z,Not applicable,_Z,Not applicable,2002,,7.872,,,,,,D,Definition differs,,,,,0,Units,1,One
DATAFLOW,OECD.ELS.HD:DSD_SHA@DF_SHA(1.0),Health expenditure and financing,I,ESP,Spain,A,Annual,EXP_HEALTH,Expenditure,PT_B1GQ,Percentage of GDP,_T,Total,_Z,Not application,_T,Total,_T,Total,_T,Total,_Z,Not applicable,_Z,Not applicable,_Z,Not applicable,2008,,8.382,,,,,,,,,,,,0,Units,1,One
DATAFLOW,OECD.ELS.HD:DSD_SHA@DF_SHA(1.0),Health expenditure and financing,I,ESP,Spain,A,Annual,EXP_HEALTH,Expenditure,PT_B1GQ,Percentage of GDP,_T,Total,_Z,Not application,_T,Total,_T,Total,_T,Total,_Z,Not applicable,_Z,Not applicable,_Z,Not applicable,2009,,9.108,,,,,,,,,,,,0,Units,1,One
DATAFLOW,OECD.ELS.HD:DSD_SHA@DF_SHA(1.0),Health expenditure and financing,I,ESP,Spain,A,Annual,EXP_HEALTH,Expenditure,PT_B1GQ,Percentage of GDP,_T,Total,_Z,Not application,_T,Total,_T,Total,_T,Total,_Z,Not applicable,_Z,Not applicable,_Z,Not applicable,2010,,9.119,,,,,,,,,,,,0,Units,1,One
DATAFLOW,OECD.ELS.HD:DSD_SHA@DF_SHA(1.0),Health expenditure and financing,I,ESP,Spain,A,Annual,EXP_HEALTH,Expenditure,PT_B1GQ,Percentage of GDP,_T,Total,_Z,Not application,_T,Total,_T,Total,_T,Total,_Z,Not applicable,_Z,Not applicable,_Z,Not applicable,2011,,9.168,,,,,,,,,,,,0,Units,1,One
DATAFLOW,OECD.ELS.HD:DSD_SHA@DF_SHA(1.0),Health expenditure and financing,I,ESP,Spain,A,Annual,EXP_HEALTH,Expenditure,PT_B1GQ,Percentage of GDP,_T,Total,_Z,Not application,_T,Total,_T,Total,_T,Total,_Z,Not applicable,_Z,Not applicable,_Z,Not applicable,2012,,9.156,,,,,,,,,,,,0,Units,1,One
DATAFLOW,OECD.ELS.HD:DSD_SHA@DF_SHA(1.0),Health expenditure and financing,I,ISR,Israel,A,Annual,EXP_HEALTH,Expenditure,PT_B1GQ,Percentage of GDP,_T,Total,_Z,Not application,_T,Total,_T,Total,_T,Total,_Z,Not applicable,_Z,Not applicable,_Z,Not applicable,2015,,7.038,,,,,,,,,,,,0,Units,1,One
DATAFLOW,OECD.ELS.HD:DSD_SHA@DF_SHA(1.0),Health expenditure and financing,I,ISR,Israel,A,Annual,EXP_HEALTH,Expenditure,PT_B1GQ,Percentage of GDP,_T,Total,_Z,Not application,_T,Total,_T,Total,_T,Total,_Z,Not applicable,_Z,Not applicable,_Z,Not applicable,2016,,7.121,,,,,,,,,,,,0,Units,1,One
DATAFLOW,OECD.ELS.HD:DSD_SHA@DF_SHA(1.0),Health expenditure and financing,I,ESP,Spain,A,Annual,EXP_HEALTH,Expenditure,PT_B1GQ,Percentage of GDP,_T,Total,_Z,Not application,_T,Total,_T,Total,_T,Total,_Z,Not applicable,_Z,Not applicable,_Z,Not applicable,2015,,9.124,,,,,,,,,,,,0,Units,1,One
DATAFLOW,OECD.ELS.HD:DSD_SHA@DF_SHA(1.0),Health expenditure and financing,I,ESP,Spain,A,Annual,EXP_HEALTH,Expenditure,PT_B1GQ,Percentage of GDP,_T,Total,_Z,Not application,_T,Total,_T,Total,_T,Total,_Z,Not applicable,_Z,Not applicable,_Z,Not applicable,2016,,8.949,,,,,,,,,,,,0,Units,1,One
DATAFLOW,OECD.ELS.HD:DSD_SHA@DF_SHA(1.0),Health expenditure and financing,I,ESP,Spain,A,Annual,EXP_HEALTH,Expenditure,PT_B1GQ,Percentage of GDP,_T,Total,_Z,Not application,_T,Total,_T,Total,_T,Total,_Z,Not applicable,_Z,Not applicable,_Z,Not applicable,2017,,8.947,,,,,,,,,,,,0,Units,1,One
DATAFLOW,OECD.ELS.HD:DSD_SHA@DF_SHA(1.0),Health expenditure and financing,I,ESP,Spain,A,Annual,EXP_HEALTH,Expenditure,PT_B1GQ,Percentage of GDP,_T,Total,_Z,Not application,_T,Total,_T,Total,_T,Total,_Z,Not applicable,_Z,Not applicable,_Z,Not applicable,2018,,8.999,,,,,,,,,,,,0,Units,1,One
DATAFLOW,OECD.ELS.HD:DSD_SHA@DF_SHA(1.0),Health expenditure and financing,I,ESP,Spain,A,Annual,EXP_HEALTH,Expenditure,PT_B1GQ,Percentage of GDP,_T,Total,_Z,Not application,_T,Total,_T,Total,_T,Total,_Z,Not applicable,_Z,Not applicable,_Z,Not applicable,2019,,9.135,,,,,,,,,,,,0,Units,1,One
DATAFLOW,OECD.ELS.HD:DSD_SHA@DF_SHA(1.0),Health expenditure and financing,I,ESP,Spain,A,Annual,EXP_HEALTH,Expenditure,PT_B1GQ,Percentage of GDP,_T,Total,_Z,Not application,_T,Total,_T,Total,_T,Total,_Z,Not applicable,_Z,Not applicable,_Z,Not applicable,2020,,10.732,,,,,,,,,,,,0,Units,1,One
DATAFLOW,OECD.ELS.HD:DSD_SHA@DF_SHA(1.0),Health expenditure and financing,I,POL,Poland,A,Annual,EXP_HEALTH,Expenditure,PT_B1GQ,Percentage of GDP,_T,Total,_Z,Not application,_T,Total,_T,Total,_T,Total,_Z,Not applicable,_Z,Not applicable,_Z,Not applicable,1997,,5.099,,,,,,,,,,,,0,Units,1,One
DATAFLOW,OECD.ELS.HD:DSD_SHA@DF_SHA(1.0),Health expenditure and financing,I,POL,Poland,A,Annual,EXP_HEALTH,Expenditure,PT_B1GQ,Percentage of GDP,_T,Total,_Z,Not application,_T,Total,_T,Total,_T,Total,_Z,Not applicable,_Z,Not applicable,_Z,Not applicable,1998,,5.022,,,,,,,,,,,,0,Units,1,One
DATAFLOW,OECD.ELS.HD:DSD_SHA@DF_SHA(1.0),Health expenditure and financing,I,POL,Poland,A,Annual,EXP_HEALTH,Expenditure,PT_B1GQ,Percentage of GDP,_T,Total,_Z,Not application,_T,Total,_T,Total,_T,Total,_Z,Not applicable,_Z,Not applicable,_Z,Not applicable,1999,,5.456,,,,,,,,,,,,0,Units,1,One
DATAFLOW,OECD.ELS.HD:DSD_SHA@DF_SHA(1.0),Health expenditure and financing,I,POL,Poland,A,Annual,EXP_HEALTH,Expenditure,PT_B1GQ,Percentage of GDP,_T,Total,_Z,Not application,_T,Total,_T,Total,_T,Total,_Z,Not applicable,_Z,Not applicable,_Z,Not applicable,2000,,5.288,,,,,,,,,,,,0,Units,1,One
DATAFLOW,OECD.ELS.HD:DSD_SHA@DF_SHA(1.0),Health expenditure and financing,I,POL,Poland,A,Annual,EXP_HEALTH,Expenditure,PT_B1GQ,Percentage of GDP,_T,Total,_Z,Not application,_T,Total,_T,Total,_T,Total,_Z,Not applicable,_Z,Not applicable,_Z,Not applicable,2001,,5.667,,,,,,,,,,,,0,Units,1,One
DATAFLOW,OECD.ELS.HD:DSD_SHA@DF_SHA(1.0),Health expenditure and financing,I,NOR,Norway,A,Annual,EXP_HEALTH,Expenditure,PT_B1GQ,Percentage of GDP,_T,Total,_Z,Not application,_T,Total,_T,Total,_T,Total,_Z,Not applicable,_Z,Not applicable,_Z,Not applicable,2023,,9.259,,,,,,E,Estimated value,,,,,0,Units,1,One
DATAFLOW,OECD.ELS.HD:DSD_SHA@DF_SHA(1.0),Health expenditure and financing,I,NOR,Norway,A,Annual,EXP_HEALTH,Expenditure,PT_B1GQ,Percentage of GDP,_T,Total,_Z,Not application,_T,Total,_T,Total,_T,Total,_Z,Not applicable,_Z,Not applicable,_Z,Not applicable,2001,,8.01,,,,,,B,Time series break,,,,,0,Units,1,One
DATAFLOW,OECD.ELS.HD:DSD_SHA@DF_SHA(1.0),Health expenditure and financing,I,NOR,Norway,A,Annual,EXP_HEALTH,Expenditure,PT_B1GQ,Percentage of GDP,_T,Total,_Z,Not application,_T,Total,_T,Total,_T,Total,_Z,Not applicable,_Z,Not applicable,_Z,Not applicable,1993,,7.38,,,,,,B,Time series break,,,,,0,Units,1,One
DATAFLOW,OECD.ELS.HD:DSD_SHA@DF_SHA(1.0),Health expenditure and financing,I,NOR,Norway,A,Annual,EXP_HEALTH,Expenditure,PT_B1GQ,Percentage of GDP,_T,Total,_Z,Not application,_T,Total,_T,Total,_T,Total,_Z,Not applicable,_Z,Not applicable,_Z,Not applicable,1997,,7.743,,,,,,B,Time series break,,,,,0,Units,1,One
DATAFLOW,OECD.ELS.HD:DSD_SHA@DF_SHA(1.0),Health expenditure and financing,I,NOR,Norway,A,Annual,EXP_HEALTH,Expenditure,PT_B1GQ,Percentage of GDP,_T,Total,_Z,Not application,_T,Total,_T,Total,_T,Total,_Z,Not applicable,_Z,Not applicable,_Z,Not applicable,2013,,8.874,,,,,,,,,,,,0,Units,1,One
DATAFLOW,OECD.ELS.HD:DSD_SHA@DF_SHA(1.0),Health expenditure and financing,I,NOR,Norway,A,Annual,EXP_HEALTH,Expenditure,PT_B1GQ,Percentage of GDP,_T,Total,_Z,Not application,_T,Total,_T,Total,_T,Total,_Z,Not applicable,_Z,Not applicable,_Z,Not applicable,2014,,9.283,,,,,,,,,,,,0,Units,1,One
DATAFLOW,OECD.ELS.HD:DSD_SHA@DF_SHA(1.0),Health expenditure and financing,I,NOR,Norway,A,Annual,EXP_HEALTH,Expenditure,PT_B1GQ,Percentage of GDP,_T,Total,_Z,Not application,_T,Total,_T,Total,_T,Total,_Z,Not applicable,_Z,Not applicable,_Z,Not applicable,2015,,10.07,,,,,,,,,,,,0,Units,1,One
DATAFLOW,OECD.ELS.HD:DSD_SHA@DF_SHA(1.0),Health expenditure and financing,I,NOR,Norway,A,Annual,EXP_HEALTH,Expenditure,PT_B1GQ,Percentage of GDP,_T,Total,_Z,Not application,_T,Total,_T,Total,_T,Total,_Z,Not applicable,_Z,Not applicable,_Z,Not applicable,2016,,10.53,,,,,,,,,,,,0,Units,1,One
DATAFLOW,OECD.ELS.HD:DSD_SHA@DF_SHA(1.0),Health expenditure and financing,I,NOR,Norway,A,Annual,EXP_HEALTH,Expenditure,PT_B1GQ,Percentage of GDP,_T,Total,_Z,Not application,_T,Total,_T,Total,_T,Total,_Z,Not applicable,_Z,Not applicable,_Z,Not applicable,2017,,10.23,,,,,,,,,,,,0,Units,1,One
DATAFLOW,OECD.ELS.HD:DSD_SHA@DF_SHA(1.0),Health expenditure and financing,I,NOR,Norway,A,Annual,EXP_HEALTH,Expenditure,PT_B1GQ,Percentage of GDP,_T,Total,_Z,Not application,_T,Total,_T,Total,_T,Total,_Z,Not applicable,_Z,Not applicable,_Z,Not applicable,2018,,9.96,,,,,,,,,,,,0,Units,1,One
DATAFLOW,OECD.ELS.HD:DSD_SHA@DF_SHA(1.0),Health expenditure and financing,I,NOR,Norway,A,Annual,EXP_HEALTH,Expenditure,PT_B1GQ,Percentage of GDP,_T,Total,_Z,Not application,_T,Total,_T,Total,_T,Total,_Z,Not applicable,_Z,Not applicable,_Z,Not applicable,2019,,10.438,,,,,,,,,,,,0,Units,1,One
DATAFLOW,OECD.ELS.HD:DSD_SHA@DF_SHA(1.0),Health expenditure and financing,I,NOR,Norway,A,Annual,EXP_HEALTH,Expenditure,PT_B1GQ,Percentage of GDP,_T,Total,_Z,Not application,_T,Total,_T,Total,_T,Total,_Z,Not applicable,_Z,Not applicable,_Z,Not applicable,2020,,11.424,,,,,,,,,,,,0,Units,1,One
DATAFLOW,OECD.ELS.HD:DSD_SHA@DF_SHA(1.0),Health expenditure and financing,I,NOR,Norway,A,Annual,EXP_HEALTH,Expenditure,PT_B1GQ,Percentage of GDP,_T,Total,_Z,Not application,_T,Total,_T,Total,_T,Total,_Z,Not applicable,_Z,Not applicable,_Z,Not applicable,2021,,9.814,,,,,,,,,,,,0,Units,1,One
DATAFLOW,OECD.ELS.HD:DSD_SHA@DF_SHA(1.0),Health expenditure and financing,I,NOR,Norway,A,Annual,EXP_HEALTH,Expenditure,PT_B1GQ,Percentage of GDP,_T,Total,_Z,Not application,_T,Total,_T,Total,_T,Total,_Z,Not applicable,_Z,Not applicable,_Z,Not applicable,2022,,7.943,,,,,,,,,,,,0,Units,1,One
DATAFLOW,OECD.ELS.HD:DSD_SHA@DF_SHA(1.0),Health expenditure and financing,I,NOR,Norway,A,Annual,EXP_HEALTH,Expenditure,PT_B1GQ,Percentage of GDP,_T,Total,_Z,Not application,_T,Total,_T,Total,_T,Total,_Z,Not applicable,_Z,Not applicable,_Z,Not applicable,1992,,7.501,,,,,,,,,,,,0,Units,1,One
DATAFLOW,OECD.ELS.HD:DSD_SHA@DF_SHA(1.0),Health expenditure and financing,I,NOR,Norway,A,Annual,EXP_HEALTH,Expenditure,PT_B1GQ,Percentage of GDP,_T,Total,_Z,Not application,_T,Total,_T,Total,_T,Total,_Z,Not applicable,_Z,Not applicable,_Z,Not applicable,1994,,7.293,,,,,,,,,,,,0,Units,1,One
DATAFLOW,OECD.ELS.HD:DSD_SHA@DF_SHA(1.0),Health expenditure and financing,I,NOR,Norway,A,Annual,EXP_HEALTH,Expenditure,PT_B1GQ,Percentage of GDP,_T,Total,_Z,Not application,_T,Total,_T,Total,_T,Total,_Z,Not applicable,_Z,Not applicable,_Z,Not applicable,1995,,7.273,,,,,,,,,,,,0,Units,1,One
DATAFLOW,OECD.ELS.HD:DSD_SHA@DF_SHA(1.0),Health expenditure and financing,I,NOR,Norway,A,Annual,EXP_HEALTH,Expenditure,PT_B1GQ,Percentage of GDP,_T,Total,_Z,Not application,_T,Total,_T,Total,_T,Total,_Z,Not applicable,_Z,Not applicable,_Z,Not applicable,1996,,7.189,,,,,,,,,,,,0,Units,1,One
DATAFLOW,OECD.ELS.HD:DSD_SHA@DF_SHA(1.0),Health expenditure and financing,I,NOR,Norway,A,Annual,EXP_HEALTH,Expenditure,PT_B1GQ,Percentage of GDP,_T,Total,_Z,Not application,_T,Total,_T,Total,_T,Total,_Z,Not applicable,_Z,Not applicable,_Z,Not applicable,1998,,8.424,,,,,,,,,,,,0,Units,1,One
DATAFLOW,OECD.ELS.HD:DSD_SHA@DF_SHA(1.0),Health expenditure and financing,I,NOR,Norway,A,Annual,EXP_HEALTH,Expenditure,PT_B1GQ,Percentage of GDP,_T,Total,_Z,Not application,_T,Total,_T,Total,_T,Total,_Z,Not applicable,_Z,Not applicable,_Z,Not applicable,1999,,8.43,,,,,,,,,,,,0,Units,1,One
DATAFLOW,OECD.ELS.HD:DSD_SHA@DF_SHA(1.0),Health expenditure and financing,I,NOR,Norway,A,Annual,EXP_HEALTH,Expenditure,PT_B1GQ,Percentage of GDP,_T,Total,_Z,Not application,_T,Total,_T,Total,_T,Total,_Z,Not applicable,_Z,Not applicable,_Z,Not applicable,2000,,7.703,,,,,,,,,,,,0,Units,1,One
DATAFLOW,OECD.ELS.HD:DSD_SHA@DF_SHA(1.0),Health expenditure and financing,I,NOR,Norway,A,Annual,EXP_HEALTH,Expenditure,PT_B1GQ,Percentage of GDP,_T,Total,_Z,Not application,_T,Total,_T,Total,_T,Total,_Z,Not applicable,_Z,Not applicable,_Z,Not applicable,2002,,8.983,,,,,,,,,,,,0,Units,1,One
DATAFLOW,OECD.ELS.HD:DSD_SHA@DF_SHA(1.0),Health expenditure and financing,I,NOR,Norway,A,Annual,EXP_HEALTH,Expenditure,PT_B1GQ,Percentage of GDP,_T,Total,_Z,Not application,_T,Total,_T,Total,_T,Total,_Z,Not applicable,_Z,Not applicable,_Z,Not applicable,2003,,9.194,,,,,,,,,,,,0,Units,1,One
DATAFLOW,OECD.ELS.HD:DSD_SHA@DF_SHA(1.0),Health expenditure and financing,I,NOR,Norway,A,Annual,EXP_HEALTH,Expenditure,PT_B1GQ,Percentage of GDP,_T,Total,_Z,Not application,_T,Total,_T,Total,_T,Total,_Z,Not applicable,_Z,Not applicable,_Z,Not applicable,2004,,8.796,,,,,,,,,,,,0,Units,1,One
DATAFLOW,OECD.ELS.HD:DSD_SHA@DF_SHA(1.0),Health expenditure and financing,I,NOR,Norway,A,Annual,EXP_HEALTH,Expenditure,PT_B1GQ,Percentage of GDP,_T,Total,_Z,Not application,_T,Total,_T,Total,_T,Total,_Z,Not applicable,_Z,Not applicable,_Z,Not applicable,2005,,8.299,,,,,,,,,,,,0,Units,1,One
DATAFLOW,OECD.ELS.HD:DSD_SHA@DF_SHA(1.0),Health expenditure and financing,I,NOR,Norway,A,Annual,EXP_HEALTH,Expenditure,PT_B1GQ,Percentage of GDP,_T,Total,_Z,Not application,_T,Total,_T,Total,_T,Total,_Z,Not applicable,_Z,Not applicable,_Z,Not applicable,2006,,7.882,,,,,,,,,,,,0,Units,1,One
DATAFLOW,OECD.ELS.HD:DSD_SHA@DF_SHA(1.0),Health expenditure and financing,I,NOR,Norway,A,Annual,EXP_HEALTH,Expenditure,PT_B1GQ,Percentage of GDP,_T,Total,_Z,Not application,_T,Total,_T,Total,_T,Total,_Z,Not applicable,_Z,Not applicable,_Z,Not applicable,2007,,8.017,,,,,,,,,,,,0,Units,1,One
DATAFLOW,OECD.ELS.HD:DSD_SHA@DF_SHA(1.0),Health expenditure and financing,I,NOR,Norway,A,Annual,EXP_HEALTH,Expenditure,PT_B1GQ,Percentage of GDP,_T,Total,_Z,Not application,_T,Total,_T,Total,_T,Total,_Z,Not applicable,_Z,Not applicable,_Z,Not applicable,2008,,7.915,,,,,,,,,,,,0,Units,1,One
DATAFLOW,OECD.ELS.HD:DSD_SHA@DF_SHA(1.0),Health expenditure and financing,I,NOR,Norway,A,Annual,EXP_HEALTH,Expenditure,PT_B1GQ,Percentage of GDP,_T,Total,_Z,Not application,_T,Total,_T,Total,_T,Total,_Z,Not applicable,_Z,Not applicable,_Z,Not applicable,2009,,9.033,,,,,,,,,,,,0,Units,1,One
DATAFLOW,OECD.ELS.HD:DSD_SHA@DF_SHA(1.0),Health expenditure and financing,I,NOR,Norway,A,Annual,EXP_HEALTH,Expenditure,PT_B1GQ,Percentage of GDP,_T,Total,_Z,Not application,_T,Total,_T,Total,_T,Total,_Z,Not applicable,_Z,Not applicable,_Z,Not applicable,2010,,8.858,,,,,,,,,,,,0,Units,1,One
DATAFLOW,OECD.ELS.HD:DSD_SHA@DF_SHA(1.0),Health expenditure and financing,I,NOR,Norway,A,Annual,EXP_HEALTH,Expenditure,PT_B1GQ,Percentage of GDP,_T,Total,_Z,Not application,_T,Total,_T,Total,_T,Total,_Z,Not applicable,_Z,Not applicable,_Z,Not applicable,2011,,8.735,,,,,,,,,,,,0,Units,1,One
DATAFLOW,OECD.ELS.HD:DSD_SHA@DF_SHA(1.0),Health expenditure and financing,I,NOR,Norway,A,Annual,EXP_HEALTH,Expenditure,PT_B1GQ,Percentage of GDP,_T,Total,_Z,Not application,_T,Total,_T,Total,_T,Total,_Z,Not applicable,_Z,Not applicable,_Z,Not applicable,2012,,8.722,,,,,,,,,,,,0,Units,1,One
DATAFLOW,OECD.ELS.HD:DSD_SHA@DF_SHA(1.0),Health expenditure and financing,I,NZL,New Zealand,A,Annual,EXP_HEALTH,Expenditure,PT_B1GQ,Percentage of GDP,_T,Total,_Z,Not application,_T,Total,_T,Total,_T,Total,_Z,Not applicable,_Z,Not applicable,_Z,Not applicable,2019,,9.072,,,,,,E,Estimated value,,,,,0,Units,1,One
DATAFLOW,OECD.ELS.HD:DSD_SHA@DF_SHA(1.0),Health expenditure and financing,I,NZL,New Zealand,A,Annual,EXP_HEALTH,Expenditure,PT_B1GQ,Percentage of GDP,_T,Total,_Z,Not application,_T,Total,_T,Total,_T,Total,_Z,Not applicable,_Z,Not applicable,_Z,Not applicable,2020,,9.732,,,,,,E,Estimated value,,,,,0,Units,1,One
DATAFLOW,OECD.ELS.HD:DSD_SHA@DF_SHA(1.0),Health expenditure and financing,I,NZL,New Zealand,A,Annual,EXP_HEALTH,Expenditure,PT_B1GQ,Percentage of GDP,_T,Total,_Z,Not application,_T,Total,_T,Total,_T,Total,_Z,Not applicable,_Z,Not applicable,_Z,Not applicable,2021,,10.224,,,,,,E,Estimated value,,,,,0,Units,1,One
DATAFLOW,OECD.ELS.HD:DSD_SHA@DF_SHA(1.0),Health expenditure and financing,I,NZL,New Zealand,A,Annual,EXP_HEALTH,Expenditure,PT_B1GQ,Percentage of GDP,_T,Total,_Z,Not application,_T,Total,_T,Total,_T,Total,_Z,Not applicable,_Z,Not applicable,_Z,Not applicable,2022,,11.322,,,,,,E,Estimated value,,,,,0,Units,1,One
DATAFLOW,OECD.ELS.HD:DSD_SHA@DF_SHA(1.0),Health expenditure and financing,I,NZL,New Zealand,A,Annual,EXP_HEALTH,Expenditure,PT_B1GQ,Percentage of GDP,_T,Total,_Z,Not application,_T,Total,_T,Total,_T,Total,_Z,Not applicable,_Z,Not applicable,_Z,Not applicable,2013,,9.36,,,,,,P,Provisional value,,,,,0,Units,1,One
DATAFLOW,OECD.ELS.HD:DSD_SHA@DF_SHA(1.0),Health expenditure and financing,I,NZL,New Zealand,A,Annual,EXP_HEALTH,Expenditure,PT_B1GQ,Percentage of GDP,_T,Total,_Z,Not application,_T,Total,_T,Total,_T,Total,_Z,Not applicable,_Z,Not applicable,_Z,Not applicable,2014,,9.402,,,,,,P,Provisional value,,,,,0,Units,1,One
DATAFLOW,OECD.ELS.HD:DSD_SHA@DF_SHA(1.0),Health expenditure and financing,I,NZL,New Zealand,A,Annual,EXP_HEALTH,Expenditure,PT_B1GQ,Percentage of GDP,_T,Total,_Z,Not application,_T,Total,_T,Total,_T,Total,_Z,Not applicable,_Z,Not applicable,_Z,Not applicable,2015,,9.283,,,,,,P,Provisional value,,,,,0,Units,1,One
DATAFLOW,OECD.ELS.HD:DSD_SHA@DF_SHA(1.0),Health expenditure and financing,I,NZL,New Zealand,A,Annual,EXP_HEALTH,Expenditure,PT_B1GQ,Percentage of GDP,_T,Total,_Z,Not application,_T,Total,_T,Total,_T,Total,_Z,Not applicable,_Z,Not applicable,_Z,Not applicable,2016,,9.244,,,,,,P,Provisional value,,,,,0,Units,1,One
DATAFLOW,OECD.ELS.HD:DSD_SHA@DF_SHA(1.0),Health expenditure and financing,I,NZL,New Zealand,A,Annual,EXP_HEALTH,Expenditure,PT_B1GQ,Percentage of GDP,_T,Total,_Z,Not application,_T,Total,_T,Total,_T,Total,_Z,Not applicable,_Z,Not applicable,_Z,Not applicable,2017,,8.97,,,,,,P,Provisional value,,,,,0,Units,1,One
DATAFLOW,OECD.ELS.HD:DSD_SHA@DF_SHA(1.0),Health expenditure and financing,I,NZL,New Zealand,A,Annual,EXP_HEALTH,Expenditure,PT_B1GQ,Percentage of GDP,_T,Total,_Z,Not application,_T,Total,_T,Total,_T,Total,_Z,Not applicable,_Z,Not applicable,_Z,Not applicable,2018,,9.038,,,,,,P,Provisional value,,,,,0,Units,1,One
DATAFLOW,OECD.ELS.HD:DSD_SHA@DF_SHA(1.0),Health expenditure and financing,I,NZL,New Zealand,A,Annual,EXP_HEALTH,Expenditure,PT_B1GQ,Percentage of GDP,_T,Total,_Z,Not application,_T,Total,_T,Total,_T,Total,_Z,Not applicable,_Z,Not applicable,_Z,Not applicable,2009,,9.621,,,,,,P,Provisional value,,,,,0,Units,1,One
DATAFLOW,OECD.ELS.HD:DSD_SHA@DF_SHA(1.0),Health expenditure and financing,I,NZL,New Zealand,A,Annual,EXP_HEALTH,Expenditure,PT_B1GQ,Percentage of GDP,_T,Total,_Z,Not application,_T,Total,_T,Total,_T,Total,_Z,Not applicable,_Z,Not applicable,_Z,Not applicable,2010,,9.593,,,,,,P,Provisional value,,,,,0,Units,1,One
DATAFLOW,OECD.ELS.HD:DSD_SHA@DF_SHA(1.0),Health expenditure and financing,I,NZL,New Zealand,A,Annual,EXP_HEALTH,Expenditure,PT_B1GQ,Percentage of GDP,_T,Total,_Z,Not application,_T,Total,_T,Total,_T,Total,_Z,Not applicable,_Z,Not applicable,_Z,Not applicable,2011,,9.52,,,,,,P,Provisional value,,,,,0,Units,1,One
DATAFLOW,OECD.ELS.HD:DSD_SHA@DF_SHA(1.0),Health expenditure and financing,I,NZL,New Zealand,A,Annual,EXP_HEALTH,Expenditure,PT_B1GQ,Percentage of GDP,_T,Total,_Z,Not application,_T,Total,_T,Total,_T,Total,_Z,Not applicable,_Z,Not applicable,_Z,Not applicable,2012,,9.652,,,,,,P,Provisional value,,,,,0,Units,1,One
DATAFLOW,OECD.ELS.HD:DSD_SHA@DF_SHA(1.0),Health expenditure and financing,I,NZL,New Zealand,A,Annual,EXP_HEALTH,Expenditure,PT_B1GQ,Percentage of GDP,_T,Total,_Z,Not application,_T,Total,_T,Total,_T,Total,_Z,Not applicable,_Z,Not applicable,_Z,Not applicable,1992,,7.23,,,,,,,,,,,,0,Units,1,One
DATAFLOW,OECD.ELS.HD:DSD_SHA@DF_SHA(1.0),Health expenditure and financing,I,NZL,New Zealand,A,Annual,EXP_HEALTH,Expenditure,PT_B1GQ,Percentage of GDP,_T,Total,_Z,Not application,_T,Total,_T,Total,_T,Total,_Z,Not applicable,_Z,Not applicable,_Z,Not applicable,1993,,6.935,,,,,,,,,,,,0,Units,1,One
DATAFLOW,OECD.ELS.HD:DSD_SHA@DF_SHA(1.0),Health expenditure and financing,I,NZL,New Zealand,A,Annual,EXP_HEALTH,Expenditure,PT_B1GQ,Percentage of GDP,_T,Total,_Z,Not application,_T,Total,_T,Total,_T,Total,_Z,Not applicable,_Z,Not applicable,_Z,Not applicable,1994,,6.954,,,,,,,,,,,,0,Units,1,One
DATAFLOW,OECD.ELS.HD:DSD_SHA@DF_SHA(1.0),Health expenditure and financing,I,NZL,New Zealand,A,Annual,EXP_HEALTH,Expenditure,PT_B1GQ,Percentage of GDP,_T,Total,_Z,Not application,_T,Total,_T,Total,_T,Total,_Z,Not applicable,_Z,Not applicable,_Z,Not applicable,1995,,6.948,,,,,,,,,,,,0,Units,1,One
DATAFLOW,OECD.ELS.HD:DSD_SHA@DF_SHA(1.0),Health expenditure and financing,I,NZL,New Zealand,A,Annual,EXP_HEALTH,Expenditure,PT_B1GQ,Percentage of GDP,_T,Total,_Z,Not application,_T,Total,_T,Total,_T,Total,_Z,Not applicable,_Z,Not applicable,_Z,Not applicable,1996,,6.891,,,,,,,,,,,,0,Units,1,One
DATAFLOW,OECD.ELS.HD:DSD_SHA@DF_SHA(1.0),Health expenditure and financing,I,NZL,New Zealand,A,Annual,EXP_HEALTH,Expenditure,PT_B1GQ,Percentage of GDP,_T,Total,_Z,Not application,_T,Total,_T,Total,_T,Total,_Z,Not applicable,_Z,Not applicable,_Z,Not applicable,1997,,7.098,,,,,,,,,,,,0,Units,1,One
DATAFLOW,OECD.ELS.HD:DSD_SHA@DF_SHA(1.0),Health expenditure and financing,I,NZL,New Zealand,A,Annual,EXP_HEALTH,Expenditure,PT_B1GQ,Percentage of GDP,_T,Total,_Z,Not application,_T,Total,_T,Total,_T,Total,_Z,Not applicable,_Z,Not applicable,_Z,Not applicable,1998,,7.513,,,,,,,,,,,,0,Units,1,One
DATAFLOW,OECD.ELS.HD:DSD_SHA@DF_SHA(1.0),Health expenditure and financing,I,NZL,New Zealand,A,Annual,EXP_HEALTH,Expenditure,PT_B1GQ,Percentage of GDP,_T,Total,_Z,Not application,_T,Total,_T,Total,_T,Total,_Z,Not applicable,_Z,Not applicable,_Z,Not applicable,1999,,7.397,,,,,,,,,,,,0,Units,1,One
DATAFLOW,OECD.ELS.HD:DSD_SHA@DF_SHA(1.0),Health expenditure and financing,I,NZL,New Zealand,A,Annual,EXP_HEALTH,Expenditure,PT_B1GQ,Percentage of GDP,_T,Total,_Z,Not application,_T,Total,_T,Total,_T,Total,_Z,Not applicable,_Z,Not applicable,_Z,Not applicable,2000,,7.47,,,,,,,,,,,,0,Units,1,One
DATAFLOW,OECD.ELS.HD:DSD_SHA@DF_SHA(1.0),Health expenditure and financing,I,NZL,New Zealand,A,Annual,EXP_HEALTH,Expenditure,PT_B1GQ,Percentage of GDP,_T,Total,_Z,Not application,_T,Total,_T,Total,_T,Total,_Z,Not applicable,_Z,Not applicable,_Z,Not applicable,2001,,7.579,,,,,,,,,,,,0,Units,1,One
DATAFLOW,OECD.ELS.HD:DSD_SHA@DF_SHA(1.0),Health expenditure and financing,I,NZL,New Zealand,A,Annual,EXP_HEALTH,Expenditure,PT_B1GQ,Percentage of GDP,_T,Total,_Z,Not application,_T,Total,_T,Total,_T,Total,_Z,Not applicable,_Z,Not applicable,_Z,Not applicable,2002,,7.9,,,,,,,,,,,,0,Units,1,One
DATAFLOW,OECD.ELS.HD:DSD_SHA@DF_SHA(1.0),Health expenditure and financing,I,NZL,New Zealand,A,Annual,EXP_HEALTH,Expenditure,PT_B1GQ,Percentage of GDP,_T,Total,_Z,Not application,_T,Total,_T,Total,_T,Total,_Z,Not applicable,_Z,Not applicable,_Z,Not applicable,2003,,7.722,,,,,,,,,,,,0,Units,1,One
DATAFLOW,OECD.ELS.HD:DSD_SHA@DF_SHA(1.0),Health expenditure and financing,I,NZL,New Zealand,A,Annual,EXP_HEALTH,Expenditure,PT_B1GQ,Percentage of GDP,_T,Total,_Z,Not application,_T,Total,_T,Total,_T,Total,_Z,Not applicable,_Z,Not applicable,_Z,Not applicable,2004,,7.901,,,,,,,,,,,,0,Units,1,One
DATAFLOW,OECD.ELS.HD:DSD_SHA@DF_SHA(1.0),Health expenditure and financing,I,NZL,New Zealand,A,Annual,EXP_HEALTH,Expenditure,PT_B1GQ,Percentage of GDP,_T,Total,_Z,Not application,_T,Total,_T,Total,_T,Total,_Z,Not applicable,_Z,Not applicable,_Z,Not applicable,2005,,8.273,,,,,,,,,,,,0,Units,1,One
DATAFLOW,OECD.ELS.HD:DSD_SHA@DF_SHA(1.0),Health expenditure and financing,I,NZL,New Zealand,A,Annual,EXP_HEALTH,Expenditure,PT_B1GQ,Percentage of GDP,_T,Total,_Z,Not application,_T,Total,_T,Total,_T,Total,_Z,Not applicable,_Z,Not applicable,_Z,Not applicable,2006,,8.638,,,,,,,,,,,,0,Units,1,One
DATAFLOW,OECD.ELS.HD:DSD_SHA@DF_SHA(1.0),Health expenditure and financing,I,NZL,New Zealand,A,Annual,EXP_HEALTH,Expenditure,PT_B1GQ,Percentage of GDP,_T,Total,_Z,Not application,_T,Total,_T,Total,_T,Total,_Z,Not applicable,_Z,Not applicable,_Z,Not applicable,2007,,8.329,,,,,,,,,,,,0,Units,1,One
DATAFLOW,OECD.ELS.HD:DSD_SHA@DF_SHA(1.0),Health expenditure and financing,I,NZL,New Zealand,A,Annual,EXP_HEALTH,Expenditure,PT_B1GQ,Percentage of GDP,_T,Total,_Z,Not application,_T,Total,_T,Total,_T,Total,_Z,Not applicable,_Z,Not applicable,_Z,Not applicable,2008,,9.124,,,,,,,,,,,,0,Units,1,One
DATAFLOW,OECD.ELS.HD:DSD_SHA@DF_SHA(1.0),Health expenditure and financing,I,NZL,New Zealand,A,Annual,EXP_HEALTH,Expenditure,PT_B1GQ,Percentage of GDP,_T,Total,_Z,Not application,_T,Total,_T,Total,_T,Total,_Z,Not applicable,_Z,Not applicable,_Z,Not applicable,2023,,10.99,,,,,,E,Estimated value,,,,,0,Units,1,One
DATAFLOW,OECD.ELS.HD:DSD_SHA@DF_SHA(1.0),Health expenditure and financing,I,SWE,Sweden,A,Annual,EXP_HEALTH,Expenditure,PT_B1GQ,Percentage of GDP,_T,Total,_Z,Not application,_T,Total,_T,Total,_T,Total,_Z,Not applicable,_Z,Not applicable,_Z,Not applicable,2022,,10.522,,,,,,,,,,,,0,Units,1,One
DATAFLOW,OECD.ELS.HD:DSD_SHA@DF_SHA(1.0),Health expenditure and financing,I,SWE,Sweden,A,Annual,EXP_HEALTH,Expenditure,PT_B1GQ,Percentage of GDP,_T,Total,_Z,Not application,_T,Total,_T,Total,_T,Total,_Z,Not applicable,_Z,Not applicable,_Z,Not applicable,2023,,10.911,,,,,,P,Provisional value,,,,,0,Units,1,One
DATAFLOW,OECD.ELS.HD:DSD_SHA@DF_SHA(1.0),Health expenditure and financing,I,SWE,Sweden,A,Annual,EXP_HEALTH,Expenditure,PT_B1GQ,Percentage of GDP,_T,Total,_Z,Not application,_T,Total,_T,Total,_T,Total,_Z,Not applicable,_Z,Not applicable,_Z,Not applicable,1993,,7.662,,,,,,B,Time series break,,,,,0,Units,1,One
DATAFLOW,OECD.ELS.HD:DSD_SHA@DF_SHA(1.0),Health expenditure and financing,I,SWE,Sweden,A,Annual,EXP_HEALTH,Expenditure,PT_B1GQ,Percentage of GDP,_T,Total,_Z,Not application,_T,Total,_T,Total,_T,Total,_Z,Not applicable,_Z,Not applicable,_Z,Not applicable,2011,,10.416,,,,,,B,Time series break,,,,,0,Units,1,One
DATAFLOW,OECD.ELS.HD:DSD_SHA@DF_SHA(1.0),Health expenditure and financing,I,SWE,Sweden,A,Annual,EXP_HEALTH,Expenditure,PT_B1GQ,Percentage of GDP,_T,Total,_Z,Not application,_T,Total,_T,Total,_T,Total,_Z,Not applicable,_Z,Not applicable,_Z,Not applicable,2012,,10.735,,,,,,,,,,,,0,Units,1,One
DATAFLOW,OECD.ELS.HD:DSD_SHA@DF_SHA(1.0),Health expenditure and financing,I,SWE,Sweden,A,Annual,EXP_HEALTH,Expenditure,PT_B1GQ,Percentage of GDP,_T,Total,_Z,Not application,_T,Total,_T,Total,_T,Total,_Z,Not applicable,_Z,Not applicable,_Z,Not applicable,2013,,10.905,,,,,,,,,,,,0,Units,1,One
DATAFLOW,OECD.ELS.HD:DSD_SHA@DF_SHA(1.0),Health expenditure and financing,I,SWE,Sweden,A,Annual,EXP_HEALTH,Expenditure,PT_B1GQ,Percentage of GDP,_T,Total,_Z,Not application,_T,Total,_T,Total,_T,Total,_Z,Not applicable,_Z,Not applicable,_Z,Not applicable,2014,,10.948,,,,,,,,,,,,0,Units,1,One
DATAFLOW,OECD.ELS.HD:DSD_SHA@DF_SHA(1.0),Health expenditure and financing,I,SWE,Sweden,A,Annual,EXP_HEALTH,Expenditure,PT_B1GQ,Percentage of GDP,_T,Total,_Z,Not application,_T,Total,_T,Total,_T,Total,_Z,Not applicable,_Z,Not applicable,_Z,Not applicable,2015,,10.804,,,,,,,,,,,,0,Units,1,One
DATAFLOW,OECD.ELS.HD:DSD_SHA@DF_SHA(1.0),Health expenditure and financing,I,SWE,Sweden,A,Annual,EXP_HEALTH,Expenditure,PT_B1GQ,Percentage of GDP,_T,Total,_Z,Not application,_T,Total,_T,Total,_T,Total,_Z,Not applicable,_Z,Not applicable,_Z,Not applicable,2016,,10.852,,,,,,,,,,,,0,Units,1,One
DATAFLOW,OECD.ELS.HD:DSD_SHA@DF_SHA(1.0),Health expenditure and financing,I,SWE,Sweden,A,Annual,EXP_HEALTH,Expenditure,PT_B1GQ,Percentage of GDP,_T,Total,_Z,Not application,_T,Total,_T,Total,_T,Total,_Z,Not applicable,_Z,Not applicable,_Z,Not applicable,2017,,10.785,,,,,,,,,,,,0,Units,1,One
DATAFLOW,OECD.ELS.HD:DSD_SHA@DF_SHA(1.0),Health expenditure and financing,I,SWE,Sweden,A,Annual,EXP_HEALTH,Expenditure,PT_B1GQ,Percentage of GDP,_T,Total,_Z,Not application,_T,Total,_T,Total,_T,Total,_Z,Not applicable,_Z,Not applicable,_Z,Not applicable,2018,,10.941,,,,,,,,,,,,0,Units,1,One
DATAFLOW,OECD.ELS.HD:DSD_SHA@DF_SHA(1.0),Health expenditure and financing,I,SWE,Sweden,A,Annual,EXP_HEALTH,Expenditure,PT_B1GQ,Percentage of GDP,_T,Total,_Z,Not application,_T,Total,_T,Total,_T,Total,_Z,Not applicable,_Z,Not applicable,_Z,Not applicable,2019,,10.832,,,,,,,,,,,,0,Units,1,One
DATAFLOW,OECD.ELS.HD:DSD_SHA@DF_SHA(1.0),Health expenditure and financing,I,SWE,Sweden,A,Annual,EXP_HEALTH,Expenditure,PT_B1GQ,Percentage of GDP,_T,Total,_Z,Not application,_T,Total,_T,Total,_T,Total,_Z,Not applicable,_Z,Not applicable,_Z,Not applicable,2020,,11.333,,,,,,,,,,,,0,Units,1,One
DATAFLOW,OECD.ELS.HD:DSD_SHA@DF_SHA(1.0),Health expenditure and financing,I,SWE,Sweden,A,Annual,EXP_HEALTH,Expenditure,PT_B1GQ,Percentage of GDP,_T,Total,_Z,Not application,_T,Total,_T,Total,_T,Total,_Z,Not applicable,_Z,Not applicable,_Z,Not applicable,2021,,11.102,,,,,,,,,,,,0,Units,1,One
DATAFLOW,OECD.ELS.HD:DSD_SHA@DF_SHA(1.0),Health expenditure and financing,I,SWE,Sweden,A,Annual,EXP_HEALTH,Expenditure,PT_B1GQ,Percentage of GDP,_T,Total,_Z,Not application,_T,Total,_T,Total,_T,Total,_Z,Not applicable,_Z,Not applicable,_Z,Not applicable,2002,,8.21,,,,,,,,,,,,0,Units,1,One
DATAFLOW,OECD.ELS.HD:DSD_SHA@DF_SHA(1.0),Health expenditure and financing,I,SWE,Sweden,A,Annual,EXP_HEALTH,Expenditure,PT_B1GQ,Percentage of GDP,_T,Total,_Z,Not application,_T,Total,_T,Total,_T,Total,_Z,Not applicable,_Z,Not applicable,_Z,Not applicable,2003,,8.317,,,,,,,,,,,,0,Units,1,One
DATAFLOW,OECD.ELS.HD:DSD_SHA@DF_SHA(1.0),Health expenditure and financing,I,AUT,Austria,A,Annual,EXP_HEALTH,Expenditure,PT_B1GQ,Percentage of GDP,_T,Total,_Z,Not application,_T,Total,_T,Total,_T,Total,_Z,Not applicable,_Z,Not applicable,_Z,Not applicable,2010,,10.221,,,,,,,,,,,,0,Units,1,One
DATAFLOW,OECD.ELS.HD:DSD_SHA@DF_SHA(1.0),Health expenditure and financing,I,AUT,Austria,A,Annual,EXP_HEALTH,Expenditure,PT_B1GQ,Percentage of GDP,_T,Total,_Z,Not application,_T,Total,_T,Total,_T,Total,_Z,Not applicable,_Z,Not applicable,_Z,Not applicable,2011,,10.026,,,,,,,,,,,,0,Units,1,One
DATAFLOW,OECD.ELS.HD:DSD_SHA@DF_SHA(1.0),Health expenditure and financing,I,SWE,Sweden,A,Annual,EXP_HEALTH,Expenditure,PT_B1GQ,Percentage of GDP,_T,Total,_Z,Not application,_T,Total,_T,Total,_T,Total,_Z,Not applicable,_Z,Not applicable,_Z,Not applicable,2006,,8.052,,,,,,,,,,,,0,Units,1,One
DATAFLOW,OECD.ELS.HD:DSD_SHA@DF_SHA(1.0),Health expenditure and financing,I,SWE,Sweden,A,Annual,EXP_HEALTH,Expenditure,PT_B1GQ,Percentage of GDP,_T,Total,_Z,Not application,_T,Total,_T,Total,_T,Total,_Z,Not applicable,_Z,Not applicable,_Z,Not applicable,2007,,7.996,,,,,,,,,,,,0,Units,1,One
DATAFLOW,OECD.ELS.HD:DSD_SHA@DF_SHA(1.0),Health expenditure and financing,I,SWE,Sweden,A,Annual,EXP_HEALTH,Expenditure,PT_B1GQ,Percentage of GDP,_T,Total,_Z,Not application,_T,Total,_T,Total,_T,Total,_Z,Not applicable,_Z,Not applicable,_Z,Not applicable,1992,,7.422,,,,,,,,,,,,0,Units,1,One
DATAFLOW,OECD.ELS.HD:DSD_SHA@DF_SHA(1.0),Health expenditure and financing,I,SWE,Sweden,A,Annual,EXP_HEALTH,Expenditure,PT_B1GQ,Percentage of GDP,_T,Total,_Z,Not application,_T,Total,_T,Total,_T,Total,_Z,Not applicable,_Z,Not applicable,_Z,Not applicable,1994,,7.282,,,,,,,,,,,,0,Units,1,One
DATAFLOW,OECD.ELS.HD:DSD_SHA@DF_SHA(1.0),Health expenditure and financing,I,SWE,Sweden,A,Annual,EXP_HEALTH,Expenditure,PT_B1GQ,Percentage of GDP,_T,Total,_Z,Not application,_T,Total,_T,Total,_T,Total,_Z,Not applicable,_Z,Not applicable,_Z,Not applicable,1995,,7.203,,,,,,,,,,,,0,Units,1,One
DATAFLOW,OECD.ELS.HD:DSD_SHA@DF_SHA(1.0),Health expenditure and financing,I,SWE,Sweden,A,Annual,EXP_HEALTH,Expenditure,PT_B1GQ,Percentage of GDP,_T,Total,_Z,Not application,_T,Total,_T,Total,_T,Total,_Z,Not applicable,_Z,Not applicable,_Z,Not applicable,1996,,7.402,,,,,,,,,,,,0,Units,1,One
DATAFLOW,OECD.ELS.HD:DSD_SHA@DF_SHA(1.0),Health expenditure and financing,I,SWE,Sweden,A,Annual,EXP_HEALTH,Expenditure,PT_B1GQ,Percentage of GDP,_T,Total,_Z,Not application,_T,Total,_T,Total,_T,Total,_Z,Not applicable,_Z,Not applicable,_Z,Not applicable,1997,,7.218,,,,,,,,,,,,0,Units,1,One
DATAFLOW,OECD.ELS.HD:DSD_SHA@DF_SHA(1.0),Health expenditure and financing,I,SWE,Sweden,A,Annual,EXP_HEALTH,Expenditure,PT_B1GQ,Percentage of GDP,_T,Total,_Z,Not application,_T,Total,_T,Total,_T,Total,_Z,Not applicable,_Z,Not applicable,_Z,Not applicable,1998,,7.293,,,,,,,,,,,,0,Units,1,One
DATAFLOW,OECD.ELS.HD:DSD_SHA@DF_SHA(1.0),Health expenditure and financing,I,SWE,Sweden,A,Annual,EXP_HEALTH,Expenditure,PT_B1GQ,Percentage of GDP,_T,Total,_Z,Not application,_T,Total,_T,Total,_T,Total,_Z,Not applicable,_Z,Not applicable,_Z,Not applicable,1999,,7.327,,,,,,,,,,,,0,Units,1,One
DATAFLOW,OECD.ELS.HD:DSD_SHA@DF_SHA(1.0),Health expenditure and financing,I,DEU,Germany,A,Annual,EXP_HEALTH,Expenditure,PT_B1GQ,Percentage of GDP,_T,Total,_Z,Not application,_T,Total,_T,Total,_T,Total,_Z,Not applicable,_Z,Not applicable,_Z,Not applicable,2006,,10.18,,,,,,,,,,,,0,Units,1,One
DATAFLOW,OECD.ELS.HD:DSD_SHA@DF_SHA(1.0),Health expenditure and financing,I,DEU,Germany,A,Annual,EXP_HEALTH,Expenditure,PT_B1GQ,Percentage of GDP,_T,Total,_Z,Not application,_T,Total,_T,Total,_T,Total,_Z,Not applicable,_Z,Not applicable,_Z,Not applicable,2007,,10.051,,,,,,,,,,,,0,Units,1,One
DATAFLOW,OECD.ELS.HD:DSD_SHA@DF_SHA(1.0),Health expenditure and financing,I,DEU,Germany,A,Annual,EXP_HEALTH,Expenditure,PT_B1GQ,Percentage of GDP,_T,Total,_Z,Not application,_T,Total,_T,Total,_T,Total,_Z,Not applicable,_Z,Not applicable,_Z,Not applicable,2008,,10.251,,,,,,,,,,,,0,Units,1,One
DATAFLOW,OECD.ELS.HD:DSD_SHA@DF_SHA(1.0),Health expenditure and financing,I,DEU,Germany,A,Annual,EXP_HEALTH,Expenditure,PT_B1GQ,Percentage of GDP,_T,Total,_Z,Not application,_T,Total,_T,Total,_T,Total,_Z,Not applicable,_Z,Not applicable,_Z,Not applicable,2009,,11.238,,,,,,,,,,,,0,Units,1,One
DATAFLOW,OECD.ELS.HD:DSD_SHA@DF_SHA(1.0),Health expenditure and financing,I,DEU,Germany,A,Annual,EXP_HEALTH,Expenditure,PT_B1GQ,Percentage of GDP,_T,Total,_Z,Not application,_T,Total,_T,Total,_T,Total,_Z,Not applicable,_Z,Not applicable,_Z,Not applicable,2010,,11.096,,,,,,,,,,,,0,Units,1,One
DATAFLOW,OECD.ELS.HD:DSD_SHA@DF_SHA(1.0),Health expenditure and financing,I,HUN,Hungary,A,Annual,EXP_HEALTH,Expenditure,PT_B1GQ,Percentage of GDP,_T,Total,_Z,Not application,_T,Total,_T,Total,_T,Total,_Z,Not applicable,_Z,Not applicable,_Z,Not applicable,1997,,6.304,,,,,,,,,,,,0,Units,1,One
DATAFLOW,OECD.ELS.HD:DSD_SHA@DF_SHA(1.0),Health expenditure and financing,I,HUN,Hungary,A,Annual,EXP_HEALTH,Expenditure,PT_B1GQ,Percentage of GDP,_T,Total,_Z,Not application,_T,Total,_T,Total,_T,Total,_Z,Not applicable,_Z,Not applicable,_Z,Not applicable,2023,,6.362,,,,,,P,Provisional value,,,,,0,Units,1,One
DATAFLOW,OECD.ELS.HD:DSD_SHA@DF_SHA(1.0),Health expenditure and financing,I,HUN,Hungary,A,Annual,EXP_HEALTH,Expenditure,PT_B1GQ,Percentage of GDP,_T,Total,_Z,Not application,_T,Total,_T,Total,_T,Total,_Z,Not applicable,_Z,Not applicable,_Z,Not applicable,1998,,6.675,,,,,,B,Time series break,,,,,0,Units,1,One
DATAFLOW,OECD.ELS.HD:DSD_SHA@DF_SHA(1.0),Health expenditure and financing,I,HUN,Hungary,A,Annual,EXP_HEALTH,Expenditure,PT_B1GQ,Percentage of GDP,_T,Total,_Z,Not application,_T,Total,_T,Total,_T,Total,_Z,Not applicable,_Z,Not applicable,_Z,Not applicable,2003,,8.121,,,,,,B,Time series break,,,,,0,Units,1,One
DATAFLOW,OECD.ELS.HD:DSD_SHA@DF_SHA(1.0),Health expenditure and financing,I,HUN,Hungary,A,Annual,EXP_HEALTH,Expenditure,PT_B1GQ,Percentage of GDP,_T,Total,_Z,Not application,_T,Total,_T,Total,_T,Total,_Z,Not applicable,_Z,Not applicable,_Z,Not applicable,2018,,6.58,,,,,,,,,,,,0,Units,1,One
DATAFLOW,OECD.ELS.HD:DSD_SHA@DF_SHA(1.0),Health expenditure and financing,I,HUN,Hungary,A,Annual,EXP_HEALTH,Expenditure,PT_B1GQ,Percentage of GDP,_T,Total,_Z,Not application,_T,Total,_T,Total,_T,Total,_Z,Not applicable,_Z,Not applicable,_Z,Not applicable,2019,,6.282,,,,,,,,,,,,0,Units,1,One
DATAFLOW,OECD.ELS.HD:DSD_SHA@DF_SHA(1.0),Health expenditure and financing,I,HUN,Hungary,A,Annual,EXP_HEALTH,Expenditure,PT_B1GQ,Percentage of GDP,_T,Total,_Z,Not application,_T,Total,_T,Total,_T,Total,_Z,Not applicable,_Z,Not applicable,_Z,Not applicable,2020,,7.285,,,,,,,,,,,,0,Units,1,One
DATAFLOW,OECD.ELS.HD:DSD_SHA@DF_SHA(1.0),Health expenditure and financing,I,HUN,Hungary,A,Annual,EXP_HEALTH,Expenditure,PT_B1GQ,Percentage of GDP,_T,Total,_Z,Not application,_T,Total,_T,Total,_T,Total,_Z,Not applicable,_Z,Not applicable,_Z,Not applicable,2021,,7.382,,,,,,,,,,,,0,Units,1,One
DATAFLOW,OECD.ELS.HD:DSD_SHA@DF_SHA(1.0),Health expenditure and financing,I,HUN,Hungary,A,Annual,EXP_HEALTH,Expenditure,PT_B1GQ,Percentage of GDP,_T,Total,_Z,Not application,_T,Total,_T,Total,_T,Total,_Z,Not applicable,_Z,Not applicable,_Z,Not applicable,2022,,6.702,,,,,,,,,,,,0,Units,1,One
DATAFLOW,OECD.ELS.HD:DSD_SHA@DF_SHA(1.0),Health expenditure and financing,I,HUN,Hungary,A,Annual,EXP_HEALTH,Expenditure,PT_B1GQ,Percentage of GDP,_T,Total,_Z,Not application,_T,Total,_T,Total,_T,Total,_Z,Not applicable,_Z,Not applicable,_Z,Not applicable,1992,,6.845,,,,,,,,,,,,0,Units,1,One
DATAFLOW,OECD.ELS.HD:DSD_SHA@DF_SHA(1.0),Health expenditure and financing,I,HUN,Hungary,A,Annual,EXP_HEALTH,Expenditure,PT_B1GQ,Percentage of GDP,_T,Total,_Z,Not application,_T,Total,_T,Total,_T,Total,_Z,Not applicable,_Z,Not applicable,_Z,Not applicable,1993,,6.91,,,,,,,,,,,,0,Units,1,One
DATAFLOW,OECD.ELS.HD:DSD_SHA@DF_SHA(1.0),Health expenditure and financing,I,HUN,Hungary,A,Annual,EXP_HEALTH,Expenditure,PT_B1GQ,Percentage of GDP,_T,Total,_Z,Not application,_T,Total,_T,Total,_T,Total,_Z,Not applicable,_Z,Not applicable,_Z,Not applicable,1994,,7.385,,,,,,,,,,,,0,Units,1,One
DATAFLOW,OECD.ELS.HD:DSD_SHA@DF_SHA(1.0),Health expenditure and financing,I,HUN,Hungary,A,Annual,EXP_HEALTH,Expenditure,PT_B1GQ,Percentage of GDP,_T,Total,_Z,Not application,_T,Total,_T,Total,_T,Total,_Z,Not applicable,_Z,Not applicable,_Z,Not applicable,1995,,6.725,,,,,,,,,,,,0,Units,1,One
DATAFLOW,OECD.ELS.HD:DSD_SHA@DF_SHA(1.0),Health expenditure and financing,I,HUN,Hungary,A,Annual,EXP_HEALTH,Expenditure,PT_B1GQ,Percentage of GDP,_T,Total,_Z,Not application,_T,Total,_T,Total,_T,Total,_Z,Not applicable,_Z,Not applicable,_Z,Not applicable,1996,,6.643,,,,,,,,,,,,0,Units,1,One
DATAFLOW,OECD.ELS.HD:DSD_SHA@DF_SHA(1.0),Health expenditure and financing,I,HUN,Hungary,A,Annual,EXP_HEALTH,Expenditure,PT_B1GQ,Percentage of GDP,_T,Total,_Z,Not application,_T,Total,_T,Total,_T,Total,_Z,Not applicable,_Z,Not applicable,_Z,Not applicable,2006,,7.778,,,,,,,,,,,,0,Units,1,One
DATAFLOW,OECD.ELS.HD:DSD_SHA@DF_SHA(1.0),Health expenditure and financing,I,HUN,Hungary,A,Annual,EXP_HEALTH,Expenditure,PT_B1GQ,Percentage of GDP,_T,Total,_Z,Not application,_T,Total,_T,Total,_T,Total,_Z,Not applicable,_Z,Not applicable,_Z,Not applicable,2007,,7.204,,,,,,,,,,,,0,Units,1,One
DATAFLOW,OECD.ELS.HD:DSD_SHA@DF_SHA(1.0),Health expenditure and financing,I,HUN,Hungary,A,Annual,EXP_HEALTH,Expenditure,PT_B1GQ,Percentage of GDP,_T,Total,_Z,Not application,_T,Total,_T,Total,_T,Total,_Z,Not applicable,_Z,Not applicable,_Z,Not applicable,2008,,7.088,,,,,,,,,,,,0,Units,1,One
DATAFLOW,OECD.ELS.HD:DSD_SHA@DF_SHA(1.0),Health expenditure and financing,I,HUN,Hungary,A,Annual,EXP_HEALTH,Expenditure,PT_B1GQ,Percentage of GDP,_T,Total,_Z,Not application,_T,Total,_T,Total,_T,Total,_Z,Not applicable,_Z,Not applicable,_Z,Not applicable,2009,,7.222,,,,,,,,,,,,0,Units,1,One
DATAFLOW,OECD.ELS.HD:DSD_SHA@DF_SHA(1.0),Health expenditure and financing,I,HUN,Hungary,A,Annual,EXP_HEALTH,Expenditure,PT_B1GQ,Percentage of GDP,_T,Total,_Z,Not application,_T,Total,_T,Total,_T,Total,_Z,Not applicable,_Z,Not applicable,_Z,Not applicable,2010,,7.449,,,,,,,,,,,,0,Units,1,One
DATAFLOW,OECD.ELS.HD:DSD_SHA@DF_SHA(1.0),Health expenditure and financing,I,HUN,Hungary,A,Annual,EXP_HEALTH,Expenditure,PT_B1GQ,Percentage of GDP,_T,Total,_Z,Not application,_T,Total,_T,Total,_T,Total,_Z,Not applicable,_Z,Not applicable,_Z,Not applicable,2011,,7.481,,,,,,,,,,,,0,Units,1,One
DATAFLOW,OECD.ELS.HD:DSD_SHA@DF_SHA(1.0),Health expenditure and financing,I,HUN,Hungary,A,Annual,EXP_HEALTH,Expenditure,PT_B1GQ,Percentage of GDP,_T,Total,_Z,Not application,_T,Total,_T,Total,_T,Total,_Z,Not applicable,_Z,Not applicable,_Z,Not applicable,1999,,6.884,,,,,,,,,,,,0,Units,1,One
DATAFLOW,OECD.ELS.HD:DSD_SHA@DF_SHA(1.0),Health expenditure and financing,I,HUN,Hungary,A,Annual,EXP_HEALTH,Expenditure,PT_B1GQ,Percentage of GDP,_T,Total,_Z,Not application,_T,Total,_T,Total,_T,Total,_Z,Not applicable,_Z,Not applicable,_Z,Not applicable,2000,,6.778,,,,,,,,,,,,0,Units,1,One
DATAFLOW,OECD.ELS.HD:DSD_SHA@DF_SHA(1.0),Health expenditure and financing,I,HUN,Hungary,A,Annual,EXP_HEALTH,Expenditure,PT_B1GQ,Percentage of GDP,_T,Total,_Z,Not application,_T,Total,_T,Total,_T,Total,_Z,Not applicable,_Z,Not applicable,_Z,Not applicable,2001,,6.826,,,,,,,,,,,,0,Units,1,One
DATAFLOW,OECD.ELS.HD:DSD_SHA@DF_SHA(1.0),Health expenditure and financing,I,HUN,Hungary,A,Annual,EXP_HEALTH,Expenditure,PT_B1GQ,Percentage of GDP,_T,Total,_Z,Not application,_T,Total,_T,Total,_T,Total,_Z,Not applicable,_Z,Not applicable,_Z,Not applicable,2002,,7.121,,,,,,,,,,,,0,Units,1,One
DATAFLOW,OECD.ELS.HD:DSD_SHA@DF_SHA(1.0),Health expenditure and financing,I,HUN,Hungary,A,Annual,EXP_HEALTH,Expenditure,PT_B1GQ,Percentage of GDP,_T,Total,_Z,Not application,_T,Total,_T,Total,_T,Total,_Z,Not applicable,_Z,Not applicable,_Z,Not applicable,2004,,7.758,,,,,,,,,,,,0,Units,1,One
DATAFLOW,OECD.ELS.HD:DSD_SHA@DF_SHA(1.0),Health expenditure and financing,I,HUN,Hungary,A,Annual,EXP_HEALTH,Expenditure,PT_B1GQ,Percentage of GDP,_T,Total,_Z,Not application,_T,Total,_T,Total,_T,Total,_Z,Not applicable,_Z,Not applicable,_Z,Not applicable,2005,,7.985,,,,,,,,,,,,0,Units,1,One
DATAFLOW,OECD.ELS.HD:DSD_SHA@DF_SHA(1.0),Health expenditure and financing,I,HUN,Hungary,A,Annual,EXP_HEALTH,Expenditure,PT_B1GQ,Percentage of GDP,_T,Total,_Z,Not application,_T,Total,_T,Total,_T,Total,_Z,Not applicable,_Z,Not applicable,_Z,Not applicable,2012,,7.411,,,,,,,,,,,,0,Units,1,One
DATAFLOW,OECD.ELS.HD:DSD_SHA@DF_SHA(1.0),Health expenditure and financing,I,HUN,Hungary,A,Annual,EXP_HEALTH,Expenditure,PT_B1GQ,Percentage of GDP,_T,Total,_Z,Not application,_T,Total,_T,Total,_T,Total,_Z,Not applicable,_Z,Not applicable,_Z,Not applicable,2013,,7.234,,,,,,,,,,,,0,Units,1,One
DATAFLOW,OECD.ELS.HD:DSD_SHA@DF_SHA(1.0),Health expenditure and financing,I,HUN,Hungary,A,Annual,EXP_HEALTH,Expenditure,PT_B1GQ,Percentage of GDP,_T,Total,_Z,Not application,_T,Total,_T,Total,_T,Total,_Z,Not applicable,_Z,Not applicable,_Z,Not applicable,2014,,7.047,,,,,,,,,,,,0,Units,1,One
DATAFLOW,OECD.ELS.HD:DSD_SHA@DF_SHA(1.0),Health expenditure and financing,I,HUN,Hungary,A,Annual,EXP_HEALTH,Expenditure,PT_B1GQ,Percentage of GDP,_T,Total,_Z,Not application,_T,Total,_T,Total,_T,Total,_Z,Not applicable,_Z,Not applicable,_Z,Not applicable,2015,,6.854,,,,,,,,,,,,0,Units,1,One
DATAFLOW,OECD.ELS.HD:DSD_SHA@DF_SHA(1.0),Health expenditure and financing,I,HUN,Hungary,A,Annual,EXP_HEALTH,Expenditure,PT_B1GQ,Percentage of GDP,_T,Total,_Z,Not application,_T,Total,_T,Total,_T,Total,_Z,Not applicable,_Z,Not applicable,_Z,Not applicable,2016,,6.988,,,,,,,,,,,,0,Units,1,One
DATAFLOW,OECD.ELS.HD:DSD_SHA@DF_SHA(1.0),Health expenditure and financing,I,HUN,Hungary,A,Annual,EXP_HEALTH,Expenditure,PT_B1GQ,Percentage of GDP,_T,Total,_Z,Not application,_T,Total,_T,Total,_T,Total,_Z,Not applicable,_Z,Not applicable,_Z,Not applicable,2017,,6.744,,,,,,,,,,,,0,Units,1,One
DATAFLOW,OECD.ELS.HD:DSD_SHA@DF_SHA(1.0),Health expenditure and financing,I,PRT,Portugal,A,Annual,EXP_HEALTH,Expenditure,PT_B1GQ,Percentage of GDP,_T,Total,_Z,Not application,_T,Total,_T,Total,_T,Total,_Z,Not applicable,_Z,Not applicable,_Z,Not applicable,2022,,10.469,,,,,,,,,,,,0,Units,1,One
DATAFLOW,OECD.ELS.HD:DSD_SHA@DF_SHA(1.0),Health expenditure and financing,I,PRT,Portugal,A,Annual,EXP_HEALTH,Expenditure,PT_B1GQ,Percentage of GDP,_T,Total,_Z,Not application,_T,Total,_T,Total,_T,Total,_Z,Not applicable,_Z,Not applicable,_Z,Not applicable,2023,,10.003,,,,,,P,Provisional value,,,,,0,Units,1,One
DATAFLOW,OECD.ELS.HD:DSD_SHA@DF_SHA(1.0),Health expenditure and financing,I,PRT,Portugal,A,Annual,EXP_HEALTH,Expenditure,PT_B1GQ,Percentage of GDP,_T,Total,_Z,Not application,_T,Total,_T,Total,_T,Total,_Z,Not applicable,_Z,Not applicable,_Z,Not applicable,1995,,7.2,,,,,,B,Time series break,,,,,0,Units,1,One
DATAFLOW,OECD.ELS.HD:DSD_SHA@DF_SHA(1.0),Health expenditure and financing,I,PRT,Portugal,A,Annual,EXP_HEALTH,Expenditure,PT_B1GQ,Percentage of GDP,_T,Total,_Z,Not application,_T,Total,_T,Total,_T,Total,_Z,Not applicable,_Z,Not applicable,_Z,Not applicable,2000,,8.601,,,,,,B,Time series break,,,,,0,Units,1,One
DATAFLOW,OECD.ELS.HD:DSD_SHA@DF_SHA(1.0),Health expenditure and financing,I,PRT,Portugal,A,Annual,EXP_HEALTH,Expenditure,PT_B1GQ,Percentage of GDP,_T,Total,_Z,Not application,_T,Total,_T,Total,_T,Total,_Z,Not applicable,_Z,Not applicable,_Z,Not applicable,2006,,9.354,,,,,,,,,,,,0,Units,1,One
DATAFLOW,OECD.ELS.HD:DSD_SHA@DF_SHA(1.0),Health expenditure and financing,I,PRT,Portugal,A,Annual,EXP_HEALTH,Expenditure,PT_B1GQ,Percentage of GDP,_T,Total,_Z,Not application,_T,Total,_T,Total,_T,Total,_Z,Not applicable,_Z,Not applicable,_Z,Not applicable,2013,,9.405,,,,,,,,,,,,0,Units,1,One
DATAFLOW,OECD.ELS.HD:DSD_SHA@DF_SHA(1.0),Health expenditure and financing,I,PRT,Portugal,A,Annual,EXP_HEALTH,Expenditure,PT_B1GQ,Percentage of GDP,_T,Total,_Z,Not application,_T,Total,_T,Total,_T,Total,_Z,Not applicable,_Z,Not applicable,_Z,Not applicable,2014,,9.343,,,,,,,,,,,,0,Units,1,One
DATAFLOW,OECD.ELS.HD:DSD_SHA@DF_SHA(1.0),Health expenditure and financing,I,PRT,Portugal,A,Annual,EXP_HEALTH,Expenditure,PT_B1GQ,Percentage of GDP,_T,Total,_Z,Not application,_T,Total,_T,Total,_T,Total,_Z,Not applicable,_Z,Not applicable,_Z,Not applicable,2015,,9.316,,,,,,,,,,,,0,Units,1,One
DATAFLOW,OECD.ELS.HD:DSD_SHA@DF_SHA(1.0),Health expenditure and financing,I,PRT,Portugal,A,Annual,EXP_HEALTH,Expenditure,PT_B1GQ,Percentage of GDP,_T,Total,_Z,Not application,_T,Total,_T,Total,_T,Total,_Z,Not applicable,_Z,Not applicable,_Z,Not applicable,2016,,9.394,,,,,,,,,,,,0,Units,1,One
DATAFLOW,OECD.ELS.HD:DSD_SHA@DF_SHA(1.0),Health expenditure and financing,I,PRT,Portugal,A,Annual,EXP_HEALTH,Expenditure,PT_B1GQ,Percentage of GDP,_T,Total,_Z,Not application,_T,Total,_T,Total,_T,Total,_Z,Not applicable,_Z,Not applicable,_Z,Not applicable,2017,,9.306,,,,,,,,,,,,0,Units,1,One
DATAFLOW,OECD.ELS.HD:DSD_SHA@DF_SHA(1.0),Health expenditure and financing,I,PRT,Portugal,A,Annual,EXP_HEALTH,Expenditure,PT_B1GQ,Percentage of GDP,_T,Total,_Z,Not application,_T,Total,_T,Total,_T,Total,_Z,Not applicable,_Z,Not applicable,_Z,Not applicable,2018,,9.413,,,,,,,,,,,,0,Units,1,One
DATAFLOW,OECD.ELS.HD:DSD_SHA@DF_SHA(1.0),Health expenditure and financing,I,PRT,Portugal,A,Annual,EXP_HEALTH,Expenditure,PT_B1GQ,Percentage of GDP,_T,Total,_Z,Not application,_T,Total,_T,Total,_T,Total,_Z,Not applicable,_Z,Not applicable,_Z,Not applicable,2019,,9.514,,,,,,,,,,,,0,Units,1,One
DATAFLOW,OECD.ELS.HD:DSD_SHA@DF_SHA(1.0),Health expenditure and financing,I,PRT,Portugal,A,Annual,EXP_HEALTH,Expenditure,PT_B1GQ,Percentage of GDP,_T,Total,_Z,Not application,_T,Total,_T,Total,_T,Total,_Z,Not applicable,_Z,Not applicable,_Z,Not applicable,2020,,10.548,,,,,,,,,,,,0,Units,1,One
DATAFLOW,OECD.ELS.HD:DSD_SHA@DF_SHA(1.0),Health expenditure and financing,I,PRT,Portugal,A,Annual,EXP_HEALTH,Expenditure,PT_B1GQ,Percentage of GDP,_T,Total,_Z,Not application,_T,Total,_T,Total,_T,Total,_Z,Not applicable,_Z,Not applicable,_Z,Not applicable,2021,,11.124,,,,,,,,,,,,0,Units,1,One
DATAFLOW,OECD.ELS.HD:DSD_SHA@DF_SHA(1.0),Health expenditure and financing,I,PRT,Portugal,A,Annual,EXP_HEALTH,Expenditure,PT_B1GQ,Percentage of GDP,_T,Total,_Z,Not application,_T,Total,_T,Total,_T,Total,_Z,Not applicable,_Z,Not applicable,_Z,Not applicable,2007,,9.252,,,,,,,,,,,,0,Units,1,One
DATAFLOW,OECD.ELS.HD:DSD_SHA@DF_SHA(1.0),Health expenditure and financing,I,PRT,Portugal,A,Annual,EXP_HEALTH,Expenditure,PT_B1GQ,Percentage of GDP,_T,Total,_Z,Not application,_T,Total,_T,Total,_T,Total,_Z,Not applicable,_Z,Not applicable,_Z,Not applicable,2008,,9.583,,,,,,,,,,,,0,Units,1,One
DATAFLOW,OECD.ELS.HD:DSD_SHA@DF_SHA(1.0),Health expenditure and financing,I,PRT,Portugal,A,Annual,EXP_HEALTH,Expenditure,PT_B1GQ,Percentage of GDP,_T,Total,_Z,Not application,_T,Total,_T,Total,_T,Total,_Z,Not applicable,_Z,Not applicable,_Z,Not applicable,2009,,10.131,,,,,,,,,,,,0,Units,1,One
DATAFLOW,OECD.ELS.HD:DSD_SHA@DF_SHA(1.0),Health expenditure and financing,I,PRT,Portugal,A,Annual,EXP_HEALTH,Expenditure,PT_B1GQ,Percentage of GDP,_T,Total,_Z,Not application,_T,Total,_T,Total,_T,Total,_Z,Not applicable,_Z,Not applicable,_Z,Not applicable,2010,,10.033,,,,,,,,,,,,0,Units,1,One
DATAFLOW,OECD.ELS.HD:DSD_SHA@DF_SHA(1.0),Health expenditure and financing,I,PRT,Portugal,A,Annual,EXP_HEALTH,Expenditure,PT_B1GQ,Percentage of GDP,_T,Total,_Z,Not application,_T,Total,_T,Total,_T,Total,_Z,Not applicable,_Z,Not applicable,_Z,Not applicable,2011,,9.731,,,,,,,,,,,,0,Units,1,One
DATAFLOW,OECD.ELS.HD:DSD_SHA@DF_SHA(1.0),Health expenditure and financing,I,PRT,Portugal,A,Annual,EXP_HEALTH,Expenditure,PT_B1GQ,Percentage of GDP,_T,Total,_Z,Not application,_T,Total,_T,Total,_T,Total,_Z,Not applicable,_Z,Not applicable,_Z,Not applicable,2012,,9.654,,,,,,,,,,,,0,Units,1,One
DATAFLOW,OECD.ELS.HD:DSD_SHA@DF_SHA(1.0),Health expenditure and financing,I,PRT,Portugal,A,Annual,EXP_HEALTH,Expenditure,PT_B1GQ,Percentage of GDP,_T,Total,_Z,Not application,_T,Total,_T,Total,_T,Total,_Z,Not applicable,_Z,Not applicable,_Z,Not applicable,1992,,6.187,,,,,,,,,,,,0,Units,1,One
DATAFLOW,OECD.ELS.HD:DSD_SHA@DF_SHA(1.0),Health expenditure and financing,I,PRT,Portugal,A,Annual,EXP_HEALTH,Expenditure,PT_B1GQ,Percentage of GDP,_T,Total,_Z,Not application,_T,Total,_T,Total,_T,Total,_Z,Not applicable,_Z,Not applicable,_Z,Not applicable,1993,,6.453,,,,,,,,,,,,0,Units,1,One
DATAFLOW,OECD.ELS.HD:DSD_SHA@DF_SHA(1.0),Health expenditure and financing,I,PRT,Portugal,A,Annual,EXP_HEALTH,Expenditure,PT_B1GQ,Percentage of GDP,_T,Total,_Z,Not application,_T,Total,_T,Total,_T,Total,_Z,Not applicable,_Z,Not applicable,_Z,Not applicable,1994,,6.427,,,,,,,,,,,,0,Units,1,One
DATAFLOW,OECD.ELS.HD:DSD_SHA@DF_SHA(1.0),Health expenditure and financing,I,PRT,Portugal,A,Annual,EXP_HEALTH,Expenditure,PT_B1GQ,Percentage of GDP,_T,Total,_Z,Not application,_T,Total,_T,Total,_T,Total,_Z,Not applicable,_Z,Not applicable,_Z,Not applicable,1996,,7.452,,,,,,,,,,,,0,Units,1,One
DATAFLOW,OECD.ELS.HD:DSD_SHA@DF_SHA(1.0),Health expenditure and financing,I,PRT,Portugal,A,Annual,EXP_HEALTH,Expenditure,PT_B1GQ,Percentage of GDP,_T,Total,_Z,Not application,_T,Total,_T,Total,_T,Total,_Z,Not applicable,_Z,Not applicable,_Z,Not applicable,1997,,7.414,,,,,,,,,,,,0,Units,1,One
DATAFLOW,OECD.ELS.HD:DSD_SHA@DF_SHA(1.0),Health expenditure and financing,I,PRT,Portugal,A,Annual,EXP_HEALTH,Expenditure,PT_B1GQ,Percentage of GDP,_T,Total,_Z,Not application,_T,Total,_T,Total,_T,Total,_Z,Not applicable,_Z,Not applicable,_Z,Not applicable,1998,,7.383,,,,,,,,,,,,0,Units,1,One
DATAFLOW,OECD.ELS.HD:DSD_SHA@DF_SHA(1.0),Health expenditure and financing,I,PRT,Portugal,A,Annual,EXP_HEALTH,Expenditure,PT_B1GQ,Percentage of GDP,_T,Total,_Z,Not application,_T,Total,_T,Total,_T,Total,_Z,Not applicable,_Z,Not applicable,_Z,Not applicable,1999,,7.622,,,,,,,,,,,,0,Units,1,One
DATAFLOW,OECD.ELS.HD:DSD_SHA@DF_SHA(1.0),Health expenditure and financing,I,PRT,Portugal,A,Annual,EXP_HEALTH,Expenditure,PT_B1GQ,Percentage of GDP,_T,Total,_Z,Not application,_T,Total,_T,Total,_T,Total,_Z,Not applicable,_Z,Not applicable,_Z,Not applicable,2001,,8.628,,,,,,,,,,,,0,Units,1,One
DATAFLOW,OECD.ELS.HD:DSD_SHA@DF_SHA(1.0),Health expenditure and financing,I,PRT,Portugal,A,Annual,EXP_HEALTH,Expenditure,PT_B1GQ,Percentage of GDP,_T,Total,_Z,Not application,_T,Total,_T,Total,_T,Total,_Z,Not applicable,_Z,Not applicable,_Z,Not applicable,2002,,8.786,,,,,,,,,,,,0,Units,1,One
DATAFLOW,OECD.ELS.HD:DSD_SHA@DF_SHA(1.0),Health expenditure and financing,I,PRT,Portugal,A,Annual,EXP_HEALTH,Expenditure,PT_B1GQ,Percentage of GDP,_T,Total,_Z,Not application,_T,Total,_T,Total,_T,Total,_Z,Not applicable,_Z,Not applicable,_Z,Not applicable,2003,,9.124,,,,,,,,,,,,0,Units,1,One
DATAFLOW,OECD.ELS.HD:DSD_SHA@DF_SHA(1.0),Health expenditure and financing,I,PRT,Portugal,A,Annual,EXP_HEALTH,Expenditure,PT_B1GQ,Percentage of GDP,_T,Total,_Z,Not application,_T,Total,_T,Total,_T,Total,_Z,Not applicable,_Z,Not applicable,_Z,Not applicable,2004,,9.533,,,,,,,,,,,,0,Units,1,One
DATAFLOW,OECD.ELS.HD:DSD_SHA@DF_SHA(1.0),Health expenditure and financing,I,PRT,Portugal,A,Annual,EXP_HEALTH,Expenditure,PT_B1GQ,Percentage of GDP,_T,Total,_Z,Not application,_T,Total,_T,Total,_T,Total,_Z,Not applicable,_Z,Not applicable,_Z,Not applicable,2005,,9.653,,,,,,,,,,,,0,Units,1,One
DATAFLOW,OECD.ELS.HD:DSD_SHA@DF_SHA(1.0),Health expenditure and financing,I,POL,Poland,A,Annual,EXP_HEALTH,Expenditure,PT_B1GQ,Percentage of GDP,_T,Total,_Z,Not application,_T,Total,_T,Total,_T,Total,_Z,Not applicable,_Z,Not applicable,_Z,Not applicable,2014,,6.319,,,,,,,,,,,,0,Units,1,One
DATAFLOW,OECD.ELS.HD:DSD_SHA@DF_SHA(1.0),Health expenditure and financing,I,POL,Poland,A,Annual,EXP_HEALTH,Expenditure,PT_B1GQ,Percentage of GDP,_T,Total,_Z,Not application,_T,Total,_T,Total,_T,Total,_Z,Not applicable,_Z,Not applicable,_Z,Not applicable,2023,,6.988,,,,,,P,Provisional value,,,,,0,Units,1,One
DATAFLOW,OECD.ELS.HD:DSD_SHA@DF_SHA(1.0),Health expenditure and financing,I,POL,Poland,A,Annual,EXP_HEALTH,Expenditure,PT_B1GQ,Percentage of GDP,_T,Total,_Z,Not application,_T,Total,_T,Total,_T,Total,_Z,Not applicable,_Z,Not applicable,_Z,Not applicable,2002,,6.067,,,,,,B,Time series break,,,,,0,Units,1,One
DATAFLOW,OECD.ELS.HD:DSD_SHA@DF_SHA(1.0),Health expenditure and financing,I,POL,Poland,A,Annual,EXP_HEALTH,Expenditure,PT_B1GQ,Percentage of GDP,_T,Total,_Z,Not application,_T,Total,_T,Total,_T,Total,_Z,Not applicable,_Z,Not applicable,_Z,Not applicable,2010,,6.468,,,,,,B,Time series break,,,,,0,Units,1,One
DATAFLOW,OECD.ELS.HD:DSD_SHA@DF_SHA(1.0),Health expenditure and financing,I,POL,Poland,A,Annual,EXP_HEALTH,Expenditure,PT_B1GQ,Percentage of GDP,_T,Total,_Z,Not application,_T,Total,_T,Total,_T,Total,_Z,Not applicable,_Z,Not applicable,_Z,Not applicable,2003,,5.954,,,,,,,,,,,,0,Units,1,One
DATAFLOW,OECD.ELS.HD:DSD_SHA@DF_SHA(1.0),Health expenditure and financing,I,POL,Poland,A,Annual,EXP_HEALTH,Expenditure,PT_B1GQ,Percentage of GDP,_T,Total,_Z,Not application,_T,Total,_T,Total,_T,Total,_Z,Not applicable,_Z,Not applicable,_Z,Not applicable,2004,,5.868,,,,,,,,,,,,0,Units,1,One
DATAFLOW,OECD.ELS.HD:DSD_SHA@DF_SHA(1.0),Health expenditure and financing,I,POL,Poland,A,Annual,EXP_HEALTH,Expenditure,PT_B1GQ,Percentage of GDP,_T,Total,_Z,Not application,_T,Total,_T,Total,_T,Total,_Z,Not applicable,_Z,Not applicable,_Z,Not applicable,2005,,5.807,,,,,,,,,,,,0,Units,1,One
DATAFLOW,OECD.ELS.HD:DSD_SHA@DF_SHA(1.0),Health expenditure and financing,I,POL,Poland,A,Annual,EXP_HEALTH,Expenditure,PT_B1GQ,Percentage of GDP,_T,Total,_Z,Not application,_T,Total,_T,Total,_T,Total,_Z,Not applicable,_Z,Not applicable,_Z,Not applicable,2006,,5.803,,,,,,,,,,,,0,Units,1,One
DATAFLOW,OECD.ELS.HD:DSD_SHA@DF_SHA(1.0),Health expenditure and financing,I,POL,Poland,A,Annual,EXP_HEALTH,Expenditure,PT_B1GQ,Percentage of GDP,_T,Total,_Z,Not application,_T,Total,_T,Total,_T,Total,_Z,Not applicable,_Z,Not applicable,_Z,Not applicable,2007,,5.873,,,,,,,,,,,,0,Units,1,One
DATAFLOW,OECD.ELS.HD:DSD_SHA@DF_SHA(1.0),Health expenditure and financing,I,POL,Poland,A,Annual,EXP_HEALTH,Expenditure,PT_B1GQ,Percentage of GDP,_T,Total,_Z,Not application,_T,Total,_T,Total,_T,Total,_Z,Not applicable,_Z,Not applicable,_Z,Not applicable,2008,,6.376,,,,,,,,,,,,0,Units,1,One
DATAFLOW,OECD.ELS.HD:DSD_SHA@DF_SHA(1.0),Health expenditure and financing,I,POL,Poland,A,Annual,EXP_HEALTH,Expenditure,PT_B1GQ,Percentage of GDP,_T,Total,_Z,Not application,_T,Total,_T,Total,_T,Total,_Z,Not applicable,_Z,Not applicable,_Z,Not applicable,2009,,6.588,,,,,,,,,,,,0,Units,1,One
DATAFLOW,OECD.ELS.HD:DSD_SHA@DF_SHA(1.0),Health expenditure and financing,I,POL,Poland,A,Annual,EXP_HEALTH,Expenditure,PT_B1GQ,Percentage of GDP,_T,Total,_Z,Not application,_T,Total,_T,Total,_T,Total,_Z,Not applicable,_Z,Not applicable,_Z,Not applicable,2011,,6.287,,,,,,,,,,,,0,Units,1,One
DATAFLOW,OECD.ELS.HD:DSD_SHA@DF_SHA(1.0),Health expenditure and financing,I,POL,Poland,A,Annual,EXP_HEALTH,Expenditure,PT_B1GQ,Percentage of GDP,_T,Total,_Z,Not application,_T,Total,_T,Total,_T,Total,_Z,Not applicable,_Z,Not applicable,_Z,Not applicable,2012,,6.265,,,,,,,,,,,,0,Units,1,One
DATAFLOW,OECD.ELS.HD:DSD_SHA@DF_SHA(1.0),Health expenditure and financing,I,ESP,Spain,A,Annual,EXP_HEALTH,Expenditure,PT_B1GQ,Percentage of GDP,_T,Total,_Z,Not application,_T,Total,_T,Total,_T,Total,_Z,Not applicable,_Z,Not applicable,_Z,Not applicable,2013,,9.066,,,,,,,,,,,,0,Units,1,One
DATAFLOW,OECD.ELS.HD:DSD_SHA@DF_SHA(1.0),Health expenditure and financing,I,ESP,Spain,A,Annual,EXP_HEALTH,Expenditure,PT_B1GQ,Percentage of GDP,_T,Total,_Z,Not application,_T,Total,_T,Total,_T,Total,_Z,Not applicable,_Z,Not applicable,_Z,Not applicable,2014,,9.087,,,,,,,,,,,,0,Units,1,One
DATAFLOW,OECD.ELS.HD:DSD_SHA@DF_SHA(1.0),Health expenditure and financing,I,POL,Poland,A,Annual,EXP_HEALTH,Expenditure,PT_B1GQ,Percentage of GDP,_T,Total,_Z,Not application,_T,Total,_T,Total,_T,Total,_Z,Not applicable,_Z,Not applicable,_Z,Not applicable,2016,,6.571,,,,,,,,,,,,0,Units,1,One
DATAFLOW,OECD.ELS.HD:DSD_SHA@DF_SHA(1.0),Health expenditure and financing,I,POL,Poland,A,Annual,EXP_HEALTH,Expenditure,PT_B1GQ,Percentage of GDP,_T,Total,_Z,Not application,_T,Total,_T,Total,_T,Total,_Z,Not applicable,_Z,Not applicable,_Z,Not applicable,2017,,6.583,,,,,,,,,,,,0,Units,1,One
DATAFLOW,OECD.ELS.HD:DSD_SHA@DF_SHA(1.0),Health expenditure and financing,I,POL,Poland,A,Annual,EXP_HEALTH,Expenditure,PT_B1GQ,Percentage of GDP,_T,Total,_Z,Not application,_T,Total,_T,Total,_T,Total,_Z,Not applicable,_Z,Not applicable,_Z,Not applicable,2018,,6.313,,,,,,,,,,,,0,Units,1,One
DATAFLOW,OECD.ELS.HD:DSD_SHA@DF_SHA(1.0),Health expenditure and financing,I,POL,Poland,A,Annual,EXP_HEALTH,Expenditure,PT_B1GQ,Percentage of GDP,_T,Total,_Z,Not application,_T,Total,_T,Total,_T,Total,_Z,Not applicable,_Z,Not applicable,_Z,Not applicable,2019,,6.46,,,,,,,,,,,,0,Units,1,One
DATAFLOW,OECD.ELS.HD:DSD_SHA@DF_SHA(1.0),Health expenditure and financing,I,POL,Poland,A,Annual,EXP_HEALTH,Expenditure,PT_B1GQ,Percentage of GDP,_T,Total,_Z,Not application,_T,Total,_T,Total,_T,Total,_Z,Not applicable,_Z,Not applicable,_Z,Not applicable,2020,,6.497,,,,,,,,,,,,0,Units,1,One
DATAFLOW,OECD.ELS.HD:DSD_SHA@DF_SHA(1.0),Health expenditure and financing,I,POL,Poland,A,Annual,EXP_HEALTH,Expenditure,PT_B1GQ,Percentage of GDP,_T,Total,_Z,Not application,_T,Total,_T,Total,_T,Total,_Z,Not applicable,_Z,Not applicable,_Z,Not applicable,2021,,6.439,,,,,,,,,,,,0,Units,1,One
DATAFLOW,OECD.ELS.HD:DSD_SHA@DF_SHA(1.0),Health expenditure and financing,I,POL,Poland,A,Annual,EXP_HEALTH,Expenditure,PT_B1GQ,Percentage of GDP,_T,Total,_Z,Not application,_T,Total,_T,Total,_T,Total,_Z,Not applicable,_Z,Not applicable,_Z,Not applicable,2022,,6.381,,,,,,,,,,,,0,Units,1,One
DATAFLOW,OECD.ELS.HD:DSD_SHA@DF_SHA(1.0),Health expenditure and financing,I,POL,Poland,A,Annual,EXP_HEALTH,Expenditure,PT_B1GQ,Percentage of GDP,_T,Total,_Z,Not application,_T,Total,_T,Total,_T,Total,_Z,Not applicable,_Z,Not applicable,_Z,Not applicable,1992,,5.017,,,,,,,,,,,,0,Units,1,One
DATAFLOW,OECD.ELS.HD:DSD_SHA@DF_SHA(1.0),Health expenditure and financing,I,POL,Poland,A,Annual,EXP_HEALTH,Expenditure,PT_B1GQ,Percentage of GDP,_T,Total,_Z,Not application,_T,Total,_T,Total,_T,Total,_Z,Not applicable,_Z,Not applicable,_Z,Not applicable,1993,,5.116,,,,,,,,,,,,0,Units,1,One
DATAFLOW,OECD.ELS.HD:DSD_SHA@DF_SHA(1.0),Health expenditure and financing,I,POL,Poland,A,Annual,EXP_HEALTH,Expenditure,PT_B1GQ,Percentage of GDP,_T,Total,_Z,Not application,_T,Total,_T,Total,_T,Total,_Z,Not applicable,_Z,Not applicable,_Z,Not applicable,1994,,4.999,,,,,,,,,,,,0,Units,1,One
DATAFLOW,OECD.ELS.HD:DSD_SHA@DF_SHA(1.0),Health expenditure and financing,I,POL,Poland,A,Annual,EXP_HEALTH,Expenditure,PT_B1GQ,Percentage of GDP,_T,Total,_Z,Not application,_T,Total,_T,Total,_T,Total,_Z,Not applicable,_Z,Not applicable,_Z,Not applicable,1995,,4.918,,,,,,,,,,,,0,Units,1,One
DATAFLOW,OECD.ELS.HD:DSD_SHA@DF_SHA(1.0),Health expenditure and financing,I,POL,Poland,A,Annual,EXP_HEALTH,Expenditure,PT_B1GQ,Percentage of GDP,_T,Total,_Z,Not application,_T,Total,_T,Total,_T,Total,_Z,Not applicable,_Z,Not applicable,_Z,Not applicable,1996,,5.234,,,,,,,,,,,,0,Units,1,One
DATAFLOW,OECD.ELS.HD:DSD_SHA@DF_SHA(1.0),Health expenditure and financing,I,KOR,Korea,A,Annual,EXP_HEALTH,Expenditure,PT_B1GQ,Percentage of GDP,_T,Total,_Z,Not application,_T,Total,_T,Total,_T,Total,_Z,Not applicable,_Z,Not applicable,_Z,Not applicable,2001,,4.321,,,,,,,,,,,,0,Units,1,One
DATAFLOW,OECD.ELS.HD:DSD_SHA@DF_SHA(1.0),Health expenditure and financing,I,KOR,Korea,A,Annual,EXP_HEALTH,Expenditure,PT_B1GQ,Percentage of GDP,_T,Total,_Z,Not application,_T,Total,_T,Total,_T,Total,_Z,Not applicable,_Z,Not applicable,_Z,Not applicable,2008,,5.4,,,,,,,,,,,,0,Units,1,One
DATAFLOW,OECD.ELS.HD:DSD_SHA@DF_SHA(1.0),Health expenditure and financing,I,KOR,Korea,A,Annual,EXP_HEALTH,Expenditure,PT_B1GQ,Percentage of GDP,_T,Total,_Z,Not application,_T,Total,_T,Total,_T,Total,_Z,Not applicable,_Z,Not applicable,_Z,Not applicable,2009,,5.898,,,,,,,,,,,,0,Units,1,One
DATAFLOW,OECD.ELS.HD:DSD_SHA@DF_SHA(1.0),Health expenditure and financing,I,KOR,Korea,A,Annual,EXP_HEALTH,Expenditure,PT_B1GQ,Percentage of GDP,_T,Total,_Z,Not application,_T,Total,_T,Total,_T,Total,_Z,Not applicable,_Z,Not applicable,_Z,Not applicable,2010,,6.026,,,,,,,,,,,,0,Units,1,One
DATAFLOW,OECD.ELS.HD:DSD_SHA@DF_SHA(1.0),Health expenditure and financing,I,KOR,Korea,A,Annual,EXP_HEALTH,Expenditure,PT_B1GQ,Percentage of GDP,_T,Total,_Z,Not application,_T,Total,_T,Total,_T,Total,_Z,Not applicable,_Z,Not applicable,_Z,Not applicable,2011,,6.124,,,,,,,,,,,,0,Units,1,One
DATAFLOW,OECD.ELS.HD:DSD_SHA@DF_SHA(1.0),Health expenditure and financing,I,GBR,United Kingdom,A,Annual,EXP_HEALTH,Expenditure,PT_B1GQ,Percentage of GDP,_T,Total,_Z,Not application,_T,Total,_T,Total,_T,Total,_Z,Not applicable,_Z,Not applicable,_Z,Not applicable,2015,,9.836,,,,,,,,,,,,0,Units,1,One
DATAFLOW,OECD.ELS.HD:DSD_SHA@DF_SHA(1.0),Health expenditure and financing,I,GBR,United Kingdom,A,Annual,EXP_HEALTH,Expenditure,PT_B1GQ,Percentage of GDP,_T,Total,_Z,Not application,_T,Total,_T,Total,_T,Total,_Z,Not applicable,_Z,Not applicable,_Z,Not applicable,2016,,9.765,,,,,,,,,,,,0,Units,1,One
DATAFLOW,OECD.ELS.HD:DSD_SHA@DF_SHA(1.0),Health expenditure and financing,I,GBR,United Kingdom,A,Annual,EXP_HEALTH,Expenditure,PT_B1GQ,Percentage of GDP,_T,Total,_Z,Not application,_T,Total,_T,Total,_T,Total,_Z,Not applicable,_Z,Not applicable,_Z,Not applicable,2023,,10.884,,,,,,P,Provisional value,,,,,0,Units,1,One
DATAFLOW,OECD.ELS.HD:DSD_SHA@DF_SHA(1.0),Health expenditure and financing,I,GBR,United Kingdom,A,Annual,EXP_HEALTH,Expenditure,PT_B1GQ,Percentage of GDP,_T,Total,_Z,Not application,_T,Total,_T,Total,_T,Total,_Z,Not applicable,_Z,Not applicable,_Z,Not applicable,1997,,6.859,,,,,,B,Time series break,,,,,0,Units,1,One
DATAFLOW,OECD.ELS.HD:DSD_SHA@DF_SHA(1.0),Health expenditure and financing,I,GBR,United Kingdom,A,Annual,EXP_HEALTH,Expenditure,PT_B1GQ,Percentage of GDP,_T,Total,_Z,Not application,_T,Total,_T,Total,_T,Total,_Z,Not applicable,_Z,Not applicable,_Z,Not applicable,1999,,7.11,,,,,,,,,,,,0,Units,1,One
DATAFLOW,OECD.ELS.HD:DSD_SHA@DF_SHA(1.0),Health expenditure and financing,I,GBR,United Kingdom,A,Annual,EXP_HEALTH,Expenditure,PT_B1GQ,Percentage of GDP,_T,Total,_Z,Not application,_T,Total,_T,Total,_T,Total,_Z,Not applicable,_Z,Not applicable,_Z,Not applicable,2000,,7.157,,,,,,,,,,,,0,Units,1,One
DATAFLOW,OECD.ELS.HD:DSD_SHA@DF_SHA(1.0),Health expenditure and financing,I,GBR,United Kingdom,A,Annual,EXP_HEALTH,Expenditure,PT_B1GQ,Percentage of GDP,_T,Total,_Z,Not application,_T,Total,_T,Total,_T,Total,_Z,Not applicable,_Z,Not applicable,_Z,Not applicable,2001,,7.452,,,,,,,,,,,,0,Units,1,One
DATAFLOW,OECD.ELS.HD:DSD_SHA@DF_SHA(1.0),Health expenditure and financing,I,GBR,United Kingdom,A,Annual,EXP_HEALTH,Expenditure,PT_B1GQ,Percentage of GDP,_T,Total,_Z,Not application,_T,Total,_T,Total,_T,Total,_Z,Not applicable,_Z,Not applicable,_Z,Not applicable,2002,,7.878,,,,,,,,,,,,0,Units,1,One
DATAFLOW,OECD.ELS.HD:DSD_SHA@DF_SHA(1.0),Health expenditure and financing,I,GBR,United Kingdom,A,Annual,EXP_HEALTH,Expenditure,PT_B1GQ,Percentage of GDP,_T,Total,_Z,Not application,_T,Total,_T,Total,_T,Total,_Z,Not applicable,_Z,Not applicable,_Z,Not applicable,2009,,9.848,,,,,,,,,,,,0,Units,1,One
DATAFLOW,OECD.ELS.HD:DSD_SHA@DF_SHA(1.0),Health expenditure and financing,I,GBR,United Kingdom,A,Annual,EXP_HEALTH,Expenditure,PT_B1GQ,Percentage of GDP,_T,Total,_Z,Not application,_T,Total,_T,Total,_T,Total,_Z,Not applicable,_Z,Not applicable,_Z,Not applicable,2010,,9.789,,,,,,,,,,,,0,Units,1,One
DATAFLOW,OECD.ELS.HD:DSD_SHA@DF_SHA(1.0),Health expenditure and financing,I,GBR,United Kingdom,A,Annual,EXP_HEALTH,Expenditure,PT_B1GQ,Percentage of GDP,_T,Total,_Z,Not application,_T,Total,_T,Total,_T,Total,_Z,Not applicable,_Z,Not applicable,_Z,Not applicable,2011,,9.796,,,,,,,,,,,,0,Units,1,One
DATAFLOW,OECD.ELS.HD:DSD_SHA@DF_SHA(1.0),Health expenditure and financing,I,GBR,United Kingdom,A,Annual,EXP_HEALTH,Expenditure,PT_B1GQ,Percentage of GDP,_T,Total,_Z,Not application,_T,Total,_T,Total,_T,Total,_Z,Not applicable,_Z,Not applicable,_Z,Not applicable,2012,,9.892,,,,,,,,,,,,0,Units,1,One
DATAFLOW,OECD.ELS.HD:DSD_SHA@DF_SHA(1.0),Health expenditure and financing,I,GBR,United Kingdom,A,Annual,EXP_HEALTH,Expenditure,PT_B1GQ,Percentage of GDP,_T,Total,_Z,Not application,_T,Total,_T,Total,_T,Total,_Z,Not applicable,_Z,Not applicable,_Z,Not applicable,2013,,9.978,,,,,,,,,,,,0,Units,1,One
DATAFLOW,OECD.ELS.HD:DSD_SHA@DF_SHA(1.0),Health expenditure and financing,I,GBR,United Kingdom,A,Annual,EXP_HEALTH,Expenditure,PT_B1GQ,Percentage of GDP,_T,Total,_Z,Not application,_T,Total,_T,Total,_T,Total,_Z,Not applicable,_Z,Not applicable,_Z,Not applicable,2014,,9.903,,,,,,,,,,,,0,Units,1,One
DATAFLOW,OECD.ELS.HD:DSD_SHA@DF_SHA(1.0),Health expenditure and financing,I,GBR,United Kingdom,A,Annual,EXP_HEALTH,Expenditure,PT_B1GQ,Percentage of GDP,_T,Total,_Z,Not application,_T,Total,_T,Total,_T,Total,_Z,Not applicable,_Z,Not applicable,_Z,Not applicable,2017,,9.6,,,,,,,,,,,,0,Units,1,One
DATAFLOW,OECD.ELS.HD:DSD_SHA@DF_SHA(1.0),Health expenditure and financing,I,GBR,United Kingdom,A,Annual,EXP_HEALTH,Expenditure,PT_B1GQ,Percentage of GDP,_T,Total,_Z,Not application,_T,Total,_T,Total,_T,Total,_Z,Not applicable,_Z,Not applicable,_Z,Not applicable,2018,,9.738,,,,,,,,,,,,0,Units,1,One
DATAFLOW,OECD.ELS.HD:DSD_SHA@DF_SHA(1.0),Health expenditure and financing,I,GBR,United Kingdom,A,Annual,EXP_HEALTH,Expenditure,PT_B1GQ,Percentage of GDP,_T,Total,_Z,Not application,_T,Total,_T,Total,_T,Total,_Z,Not applicable,_Z,Not applicable,_Z,Not applicable,2019,,9.954,,,,,,,,,,,,0,Units,1,One
DATAFLOW,OECD.ELS.HD:DSD_SHA@DF_SHA(1.0),Health expenditure and financing,I,GBR,United Kingdom,A,Annual,EXP_HEALTH,Expenditure,PT_B1GQ,Percentage of GDP,_T,Total,_Z,Not application,_T,Total,_T,Total,_T,Total,_Z,Not applicable,_Z,Not applicable,_Z,Not applicable,2020,,11.965,,,,,,,,,,,,0,Units,1,One
DATAFLOW,OECD.ELS.HD:DSD_SHA@DF_SHA(1.0),Health expenditure and financing,I,GBR,United Kingdom,A,Annual,EXP_HEALTH,Expenditure,PT_B1GQ,Percentage of GDP,_T,Total,_Z,Not application,_T,Total,_T,Total,_T,Total,_Z,Not applicable,_Z,Not applicable,_Z,Not applicable,2021,,12.019,,,,,,,,,,,,0,Units,1,One
DATAFLOW,OECD.ELS.HD:DSD_SHA@DF_SHA(1.0),Health expenditure and financing,I,GBR,United Kingdom,A,Annual,EXP_HEALTH,Expenditure,PT_B1GQ,Percentage of GDP,_T,Total,_Z,Not application,_T,Total,_T,Total,_T,Total,_Z,Not applicable,_Z,Not applicable,_Z,Not applicable,2022,,11.052,,,,,,,,,,,,0,Units,1,One
DATAFLOW,OECD.ELS.HD:DSD_SHA@DF_SHA(1.0),Health expenditure and financing,I,GBR,United Kingdom,A,Annual,EXP_HEALTH,Expenditure,PT_B1GQ,Percentage of GDP,_T,Total,_Z,Not application,_T,Total,_T,Total,_T,Total,_Z,Not applicable,_Z,Not applicable,_Z,Not applicable,2003,,8.078,,,,,,,,,,,,0,Units,1,One
DATAFLOW,OECD.ELS.HD:DSD_SHA@DF_SHA(1.0),Health expenditure and financing,I,GBR,United Kingdom,A,Annual,EXP_HEALTH,Expenditure,PT_B1GQ,Percentage of GDP,_T,Total,_Z,Not application,_T,Total,_T,Total,_T,Total,_Z,Not applicable,_Z,Not applicable,_Z,Not applicable,2004,,8.339,,,,,,,,,,,,0,Units,1,One
DATAFLOW,OECD.ELS.HD:DSD_SHA@DF_SHA(1.0),Health expenditure and financing,I,GBR,United Kingdom,A,Annual,EXP_HEALTH,Expenditure,PT_B1GQ,Percentage of GDP,_T,Total,_Z,Not application,_T,Total,_T,Total,_T,Total,_Z,Not applicable,_Z,Not applicable,_Z,Not applicable,2005,,8.394,,,,,,,,,,,,0,Units,1,One
DATAFLOW,OECD.ELS.HD:DSD_SHA@DF_SHA(1.0),Health expenditure and financing,I,GBR,United Kingdom,A,Annual,EXP_HEALTH,Expenditure,PT_B1GQ,Percentage of GDP,_T,Total,_Z,Not application,_T,Total,_T,Total,_T,Total,_Z,Not applicable,_Z,Not applicable,_Z,Not applicable,2006,,8.545,,,,,,,,,,,,0,Units,1,One
DATAFLOW,OECD.ELS.HD:DSD_SHA@DF_SHA(1.0),Health expenditure and financing,I,GBR,United Kingdom,A,Annual,EXP_HEALTH,Expenditure,PT_B1GQ,Percentage of GDP,_T,Total,_Z,Not application,_T,Total,_T,Total,_T,Total,_Z,Not applicable,_Z,Not applicable,_Z,Not applicable,2007,,8.757,,,,,,,,,,,,0,Units,1,One
DATAFLOW,OECD.ELS.HD:DSD_SHA@DF_SHA(1.0),Health expenditure and financing,I,GBR,United Kingdom,A,Annual,EXP_HEALTH,Expenditure,PT_B1GQ,Percentage of GDP,_T,Total,_Z,Not application,_T,Total,_T,Total,_T,Total,_Z,Not applicable,_Z,Not applicable,_Z,Not applicable,2008,,9.04,,,,,,,,,,,,0,Units,1,One
DATAFLOW,OECD.ELS.HD:DSD_SHA@DF_SHA(1.0),Health expenditure and financing,I,GBR,United Kingdom,A,Annual,EXP_HEALTH,Expenditure,PT_B1GQ,Percentage of GDP,_T,Total,_Z,Not application,_T,Total,_T,Total,_T,Total,_Z,Not applicable,_Z,Not applicable,_Z,Not applicable,1992,,5.935,,,,,,,,,,,,0,Units,1,One
DATAFLOW,OECD.ELS.HD:DSD_SHA@DF_SHA(1.0),Health expenditure and financing,I,GBR,United Kingdom,A,Annual,EXP_HEALTH,Expenditure,PT_B1GQ,Percentage of GDP,_T,Total,_Z,Not application,_T,Total,_T,Total,_T,Total,_Z,Not applicable,_Z,Not applicable,_Z,Not applicable,1993,,6.003,,,,,,,,,,,,0,Units,1,One
DATAFLOW,OECD.ELS.HD:DSD_SHA@DF_SHA(1.0),Health expenditure and financing,I,GBR,United Kingdom,A,Annual,EXP_HEALTH,Expenditure,PT_B1GQ,Percentage of GDP,_T,Total,_Z,Not application,_T,Total,_T,Total,_T,Total,_Z,Not applicable,_Z,Not applicable,_Z,Not applicable,1994,,6.078,,,,,,,,,,,,0,Units,1,One
DATAFLOW,OECD.ELS.HD:DSD_SHA@DF_SHA(1.0),Health expenditure and financing,I,GBR,United Kingdom,A,Annual,EXP_HEALTH,Expenditure,PT_B1GQ,Percentage of GDP,_T,Total,_Z,Not application,_T,Total,_T,Total,_T,Total,_Z,Not applicable,_Z,Not applicable,_Z,Not applicable,1995,,5.562,,,,,,,,,,,,0,Units,1,One
DATAFLOW,OECD.ELS.HD:DSD_SHA@DF_SHA(1.0),Health expenditure and financing,I,GBR,United Kingdom,A,Annual,EXP_HEALTH,Expenditure,PT_B1GQ,Percentage of GDP,_T,Total,_Z,Not application,_T,Total,_T,Total,_T,Total,_Z,Not applicable,_Z,Not applicable,_Z,Not applicable,1996,,5.546,,,,,,,,,,,,0,Units,1,One
DATAFLOW,OECD.ELS.HD:DSD_SHA@DF_SHA(1.0),Health expenditure and financing,I,GBR,United Kingdom,A,Annual,EXP_HEALTH,Expenditure,PT_B1GQ,Percentage of GDP,_T,Total,_Z,Not application,_T,Total,_T,Total,_T,Total,_Z,Not applicable,_Z,Not applicable,_Z,Not applicable,1998,,6.975,,,,,,,,,,,,0,Units,1,One
DATAFLOW,OECD.ELS.HD:DSD_SHA@DF_SHA(1.0),Health expenditure and financing,I,GRC,Greece,A,Annual,EXP_HEALTH,Expenditure,PT_B1GQ,Percentage of GDP,_T,Total,_Z,Not application,_T,Total,_T,Total,_T,Total,_Z,Not applicable,_Z,Not applicable,_Z,Not applicable,2010,,9.597,,,,,,,,,,,,0,Units,1,One
DATAFLOW,OECD.ELS.HD:DSD_SHA@DF_SHA(1.0),Health expenditure and financing,I,GRC,Greece,A,Annual,EXP_HEALTH,Expenditure,PT_B1GQ,Percentage of GDP,_T,Total,_Z,Not application,_T,Total,_T,Total,_T,Total,_Z,Not applicable,_Z,Not applicable,_Z,Not applicable,2011,,9.193,,,,,,,,,,,,0,Units,1,One
DATAFLOW,OECD.ELS.HD:DSD_SHA@DF_SHA(1.0),Health expenditure and financing,I,GRC,Greece,A,Annual,EXP_HEALTH,Expenditure,PT_B1GQ,Percentage of GDP,_T,Total,_Z,Not application,_T,Total,_T,Total,_T,Total,_Z,Not applicable,_Z,Not applicable,_Z,Not applicable,2023,,8.376,,,,,,E,Estimated value,,,,,0,Units,1,One
DATAFLOW,OECD.ELS.HD:DSD_SHA@DF_SHA(1.0),Health expenditure and financing,I,GRC,Greece,A,Annual,EXP_HEALTH,Expenditure,PT_B1GQ,Percentage of GDP,_T,Total,_Z,Not application,_T,Total,_T,Total,_T,Total,_Z,Not applicable,_Z,Not applicable,_Z,Not applicable,2003,,8.449,,,,,,B,Time series break,,,,,0,Units,1,One
DATAFLOW,OECD.ELS.HD:DSD_SHA@DF_SHA(1.0),Health expenditure and financing,I,GRC,Greece,A,Annual,EXP_HEALTH,Expenditure,PT_B1GQ,Percentage of GDP,_T,Total,_Z,Not application,_T,Total,_T,Total,_T,Total,_Z,Not applicable,_Z,Not applicable,_Z,Not applicable,1999,,7.762,,,,,,,,,,,,0,Units,1,One
DATAFLOW,OECD.ELS.HD:DSD_SHA@DF_SHA(1.0),Health expenditure and financing,I,GRC,Greece,A,Annual,EXP_HEALTH,Expenditure,PT_B1GQ,Percentage of GDP,_T,Total,_Z,Not application,_T,Total,_T,Total,_T,Total,_Z,Not applicable,_Z,Not applicable,_Z,Not applicable,2000,,7.243,,,,,,,,,,,,0,Units,1,One
DATAFLOW,OECD.ELS.HD:DSD_SHA@DF_SHA(1.0),Health expenditure and financing,I,GRC,Greece,A,Annual,EXP_HEALTH,Expenditure,PT_B1GQ,Percentage of GDP,_T,Total,_Z,Not application,_T,Total,_T,Total,_T,Total,_Z,Not applicable,_Z,Not applicable,_Z,Not applicable,2001,,7.988,,,,,,,,,,,,0,Units,1,One
DATAFLOW,OECD.ELS.HD:DSD_SHA@DF_SHA(1.0),Health expenditure and financing,I,GRC,Greece,A,Annual,EXP_HEALTH,Expenditure,PT_B1GQ,Percentage of GDP,_T,Total,_Z,Not application,_T,Total,_T,Total,_T,Total,_Z,Not applicable,_Z,Not applicable,_Z,Not applicable,2002,,8.234,,,,,,,,,,,,0,Units,1,One
DATAFLOW,OECD.ELS.HD:DSD_SHA@DF_SHA(1.0),Health expenditure and financing,I,GRC,Greece,A,Annual,EXP_HEALTH,Expenditure,PT_B1GQ,Percentage of GDP,_T,Total,_Z,Not application,_T,Total,_T,Total,_T,Total,_Z,Not applicable,_Z,Not applicable,_Z,Not applicable,2004,,8.094,,,,,,,,,,,,0,Units,1,One
DATAFLOW,OECD.ELS.HD:DSD_SHA@DF_SHA(1.0),Health expenditure and financing,I,GRC,Greece,A,Annual,EXP_HEALTH,Expenditure,PT_B1GQ,Percentage of GDP,_T,Total,_Z,Not application,_T,Total,_T,Total,_T,Total,_Z,Not applicable,_Z,Not applicable,_Z,Not applicable,2005,,8.565,,,,,,,,,,,,0,Units,1,One
DATAFLOW,OECD.ELS.HD:DSD_SHA@DF_SHA(1.0),Health expenditure and financing,I,GRC,Greece,A,Annual,EXP_HEALTH,Expenditure,PT_B1GQ,Percentage of GDP,_T,Total,_Z,Not application,_T,Total,_T,Total,_T,Total,_Z,Not applicable,_Z,Not applicable,_Z,Not applicable,2006,,8.259,,,,,,,,,,,,0,Units,1,One
DATAFLOW,OECD.ELS.HD:DSD_SHA@DF_SHA(1.0),Health expenditure and financing,I,GRC,Greece,A,Annual,EXP_HEALTH,Expenditure,PT_B1GQ,Percentage of GDP,_T,Total,_Z,Not application,_T,Total,_T,Total,_T,Total,_Z,Not applicable,_Z,Not applicable,_Z,Not applicable,2007,,8.398,,,,,,,,,,,,0,Units,1,One
DATAFLOW,OECD.ELS.HD:DSD_SHA@DF_SHA(1.0),Health expenditure and financing,I,GRC,Greece,A,Annual,EXP_HEALTH,Expenditure,PT_B1GQ,Percentage of GDP,_T,Total,_Z,Not application,_T,Total,_T,Total,_T,Total,_Z,Not applicable,_Z,Not applicable,_Z,Not applicable,2008,,8.828,,,,,,,,,,,,0,Units,1,One
DATAFLOW,OECD.ELS.HD:DSD_SHA@DF_SHA(1.0),Health expenditure and financing,I,GRC,Greece,A,Annual,EXP_HEALTH,Expenditure,PT_B1GQ,Percentage of GDP,_T,Total,_Z,Not application,_T,Total,_T,Total,_T,Total,_Z,Not applicable,_Z,Not applicable,_Z,Not applicable,2009,,9.407,,,,,,,,,,,,0,Units,1,One
DATAFLOW,OECD.ELS.HD:DSD_SHA@DF_SHA(1.0),Health expenditure and financing,I,GRC,Greece,A,Annual,EXP_HEALTH,Expenditure,PT_B1GQ,Percentage of GDP,_T,Total,_Z,Not application,_T,Total,_T,Total,_T,Total,_Z,Not applicable,_Z,Not applicable,_Z,Not applicable,2012,,8.924,,,,,,,,,,,,0,Units,1,One
DATAFLOW,OECD.ELS.HD:DSD_SHA@DF_SHA(1.0),Health expenditure and financing,I,GRC,Greece,A,Annual,EXP_HEALTH,Expenditure,PT_B1GQ,Percentage of GDP,_T,Total,_Z,Not application,_T,Total,_T,Total,_T,Total,_Z,Not applicable,_Z,Not applicable,_Z,Not applicable,2013,,8.438,,,,,,,,,,,,0,Units,1,One
DATAFLOW,OECD.ELS.HD:DSD_SHA@DF_SHA(1.0),Health expenditure and financing,I,GRC,Greece,A,Annual,EXP_HEALTH,Expenditure,PT_B1GQ,Percentage of GDP,_T,Total,_Z,Not application,_T,Total,_T,Total,_T,Total,_Z,Not applicable,_Z,Not applicable,_Z,Not applicable,2014,,7.891,,,,,,,,,,,,0,Units,1,One
DATAFLOW,OECD.ELS.HD:DSD_SHA@DF_SHA(1.0),Health expenditure and financing,I,GRC,Greece,A,Annual,EXP_HEALTH,Expenditure,PT_B1GQ,Percentage of GDP,_T,Total,_Z,Not application,_T,Total,_T,Total,_T,Total,_Z,Not applicable,_Z,Not applicable,_Z,Not applicable,2015,,8.22,,,,,,,,,,,,0,Units,1,One
DATAFLOW,OECD.ELS.HD:DSD_SHA@DF_SHA(1.0),Health expenditure and financing,I,GRC,Greece,A,Annual,EXP_HEALTH,Expenditure,PT_B1GQ,Percentage of GDP,_T,Total,_Z,Not application,_T,Total,_T,Total,_T,Total,_Z,Not applicable,_Z,Not applicable,_Z,Not applicable,2016,,8.449,,,,,,,,,,,,0,Units,1,One
DATAFLOW,OECD.ELS.HD:DSD_SHA@DF_SHA(1.0),Health expenditure and financing,I,GRC,Greece,A,Annual,EXP_HEALTH,Expenditure,PT_B1GQ,Percentage of GDP,_T,Total,_Z,Not application,_T,Total,_T,Total,_T,Total,_Z,Not applicable,_Z,Not applicable,_Z,Not applicable,2017,,8.135,,,,,,,,,,,,0,Units,1,One
DATAFLOW,OECD.ELS.HD:DSD_SHA@DF_SHA(1.0),Health expenditure and financing,I,GRC,Greece,A,Annual,EXP_HEALTH,Expenditure,PT_B1GQ,Percentage of GDP,_T,Total,_Z,Not application,_T,Total,_T,Total,_T,Total,_Z,Not applicable,_Z,Not applicable,_Z,Not applicable,2018,,8.12,,,,,,,,,,,,0,Units,1,One
DATAFLOW,OECD.ELS.HD:DSD_SHA@DF_SHA(1.0),Health expenditure and financing,I,GRC,Greece,A,Annual,EXP_HEALTH,Expenditure,PT_B1GQ,Percentage of GDP,_T,Total,_Z,Not application,_T,Total,_T,Total,_T,Total,_Z,Not applicable,_Z,Not applicable,_Z,Not applicable,2019,,8.198,,,,,,,,,,,,0,Units,1,One
DATAFLOW,OECD.ELS.HD:DSD_SHA@DF_SHA(1.0),Health expenditure and financing,I,GRC,Greece,A,Annual,EXP_HEALTH,Expenditure,PT_B1GQ,Percentage of GDP,_T,Total,_Z,Not application,_T,Total,_T,Total,_T,Total,_Z,Not applicable,_Z,Not applicable,_Z,Not applicable,2020,,9.524,,,,,,,,,,,,0,Units,1,One
DATAFLOW,OECD.ELS.HD:DSD_SHA@DF_SHA(1.0),Health expenditure and financing,I,GRC,Greece,A,Annual,EXP_HEALTH,Expenditure,PT_B1GQ,Percentage of GDP,_T,Total,_Z,Not application,_T,Total,_T,Total,_T,Total,_Z,Not applicable,_Z,Not applicable,_Z,Not applicable,2021,,9.185,,,,,,,,,,,,0,Units,1,One
DATAFLOW,OECD.ELS.HD:DSD_SHA@DF_SHA(1.0),Health expenditure and financing,I,GRC,Greece,A,Annual,EXP_HEALTH,Expenditure,PT_B1GQ,Percentage of GDP,_T,Total,_Z,Not application,_T,Total,_T,Total,_T,Total,_Z,Not applicable,_Z,Not applicable,_Z,Not applicable,2022,,8.5,,,,,,,,,,,,0,Units,1,One
DATAFLOW,OECD.ELS.HD:DSD_SHA@DF_SHA(1.0),Health expenditure and financing,I,GRC,Greece,A,Annual,EXP_HEALTH,Expenditure,PT_B1GQ,Percentage of GDP,_T,Total,_Z,Not application,_T,Total,_T,Total,_T,Total,_Z,Not applicable,_Z,Not applicable,_Z,Not applicable,1992,,6.48,,,,,,,,,,,,0,Units,1,One
DATAFLOW,OECD.ELS.HD:DSD_SHA@DF_SHA(1.0),Health expenditure and financing,I,GRC,Greece,A,Annual,EXP_HEALTH,Expenditure,PT_B1GQ,Percentage of GDP,_T,Total,_Z,Not application,_T,Total,_T,Total,_T,Total,_Z,Not applicable,_Z,Not applicable,_Z,Not applicable,1993,,7.271,,,,,,,,,,,,0,Units,1,One
DATAFLOW,OECD.ELS.HD:DSD_SHA@DF_SHA(1.0),Health expenditure and financing,I,GRC,Greece,A,Annual,EXP_HEALTH,Expenditure,PT_B1GQ,Percentage of GDP,_T,Total,_Z,Not application,_T,Total,_T,Total,_T,Total,_Z,Not applicable,_Z,Not applicable,_Z,Not applicable,1994,,7.978,,,,,,,,,,,,0,Units,1,One
DATAFLOW,OECD.ELS.HD:DSD_SHA@DF_SHA(1.0),Health expenditure and financing,I,GRC,Greece,A,Annual,EXP_HEALTH,Expenditure,PT_B1GQ,Percentage of GDP,_T,Total,_Z,Not application,_T,Total,_T,Total,_T,Total,_Z,Not applicable,_Z,Not applicable,_Z,Not applicable,1995,,7.974,,,,,,,,,,,,0,Units,1,One
DATAFLOW,OECD.ELS.HD:DSD_SHA@DF_SHA(1.0),Health expenditure and financing,I,GRC,Greece,A,Annual,EXP_HEALTH,Expenditure,PT_B1GQ,Percentage of GDP,_T,Total,_Z,Not application,_T,Total,_T,Total,_T,Total,_Z,Not applicable,_Z,Not applicable,_Z,Not applicable,1996,,7.878,,,,,,,,,,,,0,Units,1,One
DATAFLOW,OECD.ELS.HD:DSD_SHA@DF_SHA(1.0),Health expenditure and financing,I,GRC,Greece,A,Annual,EXP_HEALTH,Expenditure,PT_B1GQ,Percentage of GDP,_T,Total,_Z,Not application,_T,Total,_T,Total,_T,Total,_Z,Not applicable,_Z,Not applicable,_Z,Not applicable,1997,,7.694,,,,,,,,,,,,0,Units,1,One
DATAFLOW,OECD.ELS.HD:DSD_SHA@DF_SHA(1.0),Health expenditure and financing,I,GRC,Greece,A,Annual,EXP_HEALTH,Expenditure,PT_B1GQ,Percentage of GDP,_T,Total,_Z,Not application,_T,Total,_T,Total,_T,Total,_Z,Not applicable,_Z,Not applicable,_Z,Not applicable,1998,,7.578,,,,,,,,,,,,0,Units,1,One
DATAFLOW,OECD.ELS.HD:DSD_SHA@DF_SHA(1.0),Health expenditure and financing,I,DEU,Germany,A,Annual,EXP_HEALTH,Expenditure,PT_B1GQ,Percentage of GDP,_T,Total,_Z,Not application,_T,Total,_T,Total,_T,Total,_Z,Not applicable,_Z,Not applicable,_Z,Not applicable,2021,,12.902,,,,,,,,,,,,0,Units,1,One
DATAFLOW,OECD.ELS.HD:DSD_SHA@DF_SHA(1.0),Health expenditure and financing,I,DEU,Germany,A,Annual,EXP_HEALTH,Expenditure,PT_B1GQ,Percentage of GDP,_T,Total,_Z,Not application,_T,Total,_T,Total,_T,Total,_Z,Not applicable,_Z,Not applicable,_Z,Not applicable,2022,,12.605,,,,,,,,,,,,0,Units,1,One
DATAFLOW,OECD.ELS.HD:DSD_SHA@DF_SHA(1.0),Health expenditure and financing,I,DEU,Germany,A,Annual,EXP_HEALTH,Expenditure,PT_B1GQ,Percentage of GDP,_T,Total,_Z,Not application,_T,Total,_T,Total,_T,Total,_Z,Not applicable,_Z,Not applicable,_Z,Not applicable,2023,,11.799,,,,,,P,Provisional value,,,,,0,Units,1,One
DATAFLOW,OECD.ELS.HD:DSD_SHA@DF_SHA(1.0),Health expenditure and financing,I,DEU,Germany,A,Annual,EXP_HEALTH,Expenditure,PT_B1GQ,Percentage of GDP,_T,Total,_Z,Not application,_T,Total,_T,Total,_T,Total,_Z,Not applicable,_Z,Not applicable,_Z,Not applicable,1992,,8.994,,,,,,B,Time series break,,,,,0,Units,1,One
DATAFLOW,OECD.ELS.HD:DSD_SHA@DF_SHA(1.0),Health expenditure and financing,I,DEU,Germany,A,Annual,EXP_HEALTH,Expenditure,PT_B1GQ,Percentage of GDP,_T,Total,_Z,Not application,_T,Total,_T,Total,_T,Total,_Z,Not applicable,_Z,Not applicable,_Z,Not applicable,2011,,10.778,,,,,,,,,,,,0,Units,1,One
DATAFLOW,OECD.ELS.HD:DSD_SHA@DF_SHA(1.0),Health expenditure and financing,I,DEU,Germany,A,Annual,EXP_HEALTH,Expenditure,PT_B1GQ,Percentage of GDP,_T,Total,_Z,Not application,_T,Total,_T,Total,_T,Total,_Z,Not applicable,_Z,Not applicable,_Z,Not applicable,2012,,10.853,,,,,,,,,,,,0,Units,1,One
DATAFLOW,OECD.ELS.HD:DSD_SHA@DF_SHA(1.0),Health expenditure and financing,I,DEU,Germany,A,Annual,EXP_HEALTH,Expenditure,PT_B1GQ,Percentage of GDP,_T,Total,_Z,Not application,_T,Total,_T,Total,_T,Total,_Z,Not applicable,_Z,Not applicable,_Z,Not applicable,2013,,10.999,,,,,,,,,,,,0,Units,1,One
DATAFLOW,OECD.ELS.HD:DSD_SHA@DF_SHA(1.0),Health expenditure and financing,I,DEU,Germany,A,Annual,EXP_HEALTH,Expenditure,PT_B1GQ,Percentage of GDP,_T,Total,_Z,Not application,_T,Total,_T,Total,_T,Total,_Z,Not applicable,_Z,Not applicable,_Z,Not applicable,2014,,11.026,,,,,,,,,,,,0,Units,1,One
DATAFLOW,OECD.ELS.HD:DSD_SHA@DF_SHA(1.0),Health expenditure and financing,I,DEU,Germany,A,Annual,EXP_HEALTH,Expenditure,PT_B1GQ,Percentage of GDP,_T,Total,_Z,Not application,_T,Total,_T,Total,_T,Total,_Z,Not applicable,_Z,Not applicable,_Z,Not applicable,2015,,11.19,,,,,,,,,,,,0,Units,1,One
DATAFLOW,OECD.ELS.HD:DSD_SHA@DF_SHA(1.0),Health expenditure and financing,I,SWE,Sweden,A,Annual,EXP_HEALTH,Expenditure,PT_B1GQ,Percentage of GDP,_T,Total,_Z,Not application,_T,Total,_T,Total,_T,Total,_Z,Not applicable,_Z,Not applicable,_Z,Not applicable,2004,,8.13,,,,,,,,,,,,0,Units,1,One
DATAFLOW,OECD.ELS.HD:DSD_SHA@DF_SHA(1.0),Health expenditure and financing,I,SWE,Sweden,A,Annual,EXP_HEALTH,Expenditure,PT_B1GQ,Percentage of GDP,_T,Total,_Z,Not application,_T,Total,_T,Total,_T,Total,_Z,Not applicable,_Z,Not applicable,_Z,Not applicable,2005,,8.151,,,,,,,,,,,,0,Units,1,One
DATAFLOW,OECD.ELS.HD:DSD_SHA@DF_SHA(1.0),Health expenditure and financing,I,DEU,Germany,A,Annual,EXP_HEALTH,Expenditure,PT_B1GQ,Percentage of GDP,_T,Total,_Z,Not application,_T,Total,_T,Total,_T,Total,_Z,Not applicable,_Z,Not applicable,_Z,Not applicable,2018,,11.473,,,,,,,,,,,,0,Units,1,One
DATAFLOW,OECD.ELS.HD:DSD_SHA@DF_SHA(1.0),Health expenditure and financing,I,DEU,Germany,A,Annual,EXP_HEALTH,Expenditure,PT_B1GQ,Percentage of GDP,_T,Total,_Z,Not application,_T,Total,_T,Total,_T,Total,_Z,Not applicable,_Z,Not applicable,_Z,Not applicable,2019,,11.716,,,,,,,,,,,,0,Units,1,One
DATAFLOW,OECD.ELS.HD:DSD_SHA@DF_SHA(1.0),Health expenditure and financing,I,DEU,Germany,A,Annual,EXP_HEALTH,Expenditure,PT_B1GQ,Percentage of GDP,_T,Total,_Z,Not application,_T,Total,_T,Total,_T,Total,_Z,Not applicable,_Z,Not applicable,_Z,Not applicable,2020,,12.69,,,,,,,,,,,,0,Units,1,One
DATAFLOW,OECD.ELS.HD:DSD_SHA@DF_SHA(1.0),Health expenditure and financing,I,DEU,Germany,A,Annual,EXP_HEALTH,Expenditure,PT_B1GQ,Percentage of GDP,_T,Total,_Z,Not application,_T,Total,_T,Total,_T,Total,_Z,Not applicable,_Z,Not applicable,_Z,Not applicable,1993,,8.987,,,,,,,,,,,,0,Units,1,One
DATAFLOW,OECD.ELS.HD:DSD_SHA@DF_SHA(1.0),Health expenditure and financing,I,DEU,Germany,A,Annual,EXP_HEALTH,Expenditure,PT_B1GQ,Percentage of GDP,_T,Total,_Z,Not application,_T,Total,_T,Total,_T,Total,_Z,Not applicable,_Z,Not applicable,_Z,Not applicable,1994,,9.238,,,,,,,,,,,,0,Units,1,One
DATAFLOW,OECD.ELS.HD:DSD_SHA@DF_SHA(1.0),Health expenditure and financing,I,DEU,Germany,A,Annual,EXP_HEALTH,Expenditure,PT_B1GQ,Percentage of GDP,_T,Total,_Z,Not application,_T,Total,_T,Total,_T,Total,_Z,Not applicable,_Z,Not applicable,_Z,Not applicable,1995,,9.531,,,,,,,,,,,,0,Units,1,One
DATAFLOW,OECD.ELS.HD:DSD_SHA@DF_SHA(1.0),Health expenditure and financing,I,DEU,Germany,A,Annual,EXP_HEALTH,Expenditure,PT_B1GQ,Percentage of GDP,_T,Total,_Z,Not application,_T,Total,_T,Total,_T,Total,_Z,Not applicable,_Z,Not applicable,_Z,Not applicable,1996,,9.825,,,,,,,,,,,,0,Units,1,One
DATAFLOW,OECD.ELS.HD:DSD_SHA@DF_SHA(1.0),Health expenditure and financing,I,DEU,Germany,A,Annual,EXP_HEALTH,Expenditure,PT_B1GQ,Percentage of GDP,_T,Total,_Z,Not application,_T,Total,_T,Total,_T,Total,_Z,Not applicable,_Z,Not applicable,_Z,Not applicable,1997,,9.717,,,,,,,,,,,,0,Units,1,One
DATAFLOW,OECD.ELS.HD:DSD_SHA@DF_SHA(1.0),Health expenditure and financing,I,DEU,Germany,A,Annual,EXP_HEALTH,Expenditure,PT_B1GQ,Percentage of GDP,_T,Total,_Z,Not application,_T,Total,_T,Total,_T,Total,_Z,Not applicable,_Z,Not applicable,_Z,Not applicable,1998,,9.729,,,,,,,,,,,,0,Units,1,One
DATAFLOW,OECD.ELS.HD:DSD_SHA@DF_SHA(1.0),Health expenditure and financing,I,DEU,Germany,A,Annual,EXP_HEALTH,Expenditure,PT_B1GQ,Percentage of GDP,_T,Total,_Z,Not application,_T,Total,_T,Total,_T,Total,_Z,Not applicable,_Z,Not applicable,_Z,Not applicable,1999,,9.807,,,,,,,,,,,,0,Units,1,One
DATAFLOW,OECD.ELS.HD:DSD_SHA@DF_SHA(1.0),Health expenditure and financing,I,DEU,Germany,A,Annual,EXP_HEALTH,Expenditure,PT_B1GQ,Percentage of GDP,_T,Total,_Z,Not application,_T,Total,_T,Total,_T,Total,_Z,Not applicable,_Z,Not applicable,_Z,Not applicable,2000,,9.888,,,,,,,,,,,,0,Units,1,One
DATAFLOW,OECD.ELS.HD:DSD_SHA@DF_SHA(1.0),Health expenditure and financing,I,DEU,Germany,A,Annual,EXP_HEALTH,Expenditure,PT_B1GQ,Percentage of GDP,_T,Total,_Z,Not application,_T,Total,_T,Total,_T,Total,_Z,Not applicable,_Z,Not applicable,_Z,Not applicable,2001,,9.921,,,,,,,,,,,,0,Units,1,One
DATAFLOW,OECD.ELS.HD:DSD_SHA@DF_SHA(1.0),Health expenditure and financing,I,DEU,Germany,A,Annual,EXP_HEALTH,Expenditure,PT_B1GQ,Percentage of GDP,_T,Total,_Z,Not application,_T,Total,_T,Total,_T,Total,_Z,Not applicable,_Z,Not applicable,_Z,Not applicable,2002,,10.184,,,,,,,,,,,,0,Units,1,One
DATAFLOW,OECD.ELS.HD:DSD_SHA@DF_SHA(1.0),Health expenditure and financing,I,DEU,Germany,A,Annual,EXP_HEALTH,Expenditure,PT_B1GQ,Percentage of GDP,_T,Total,_Z,Not application,_T,Total,_T,Total,_T,Total,_Z,Not applicable,_Z,Not applicable,_Z,Not applicable,2003,,10.402,,,,,,,,,,,,0,Units,1,One
DATAFLOW,OECD.ELS.HD:DSD_SHA@DF_SHA(1.0),Health expenditure and financing,I,DEU,Germany,A,Annual,EXP_HEALTH,Expenditure,PT_B1GQ,Percentage of GDP,_T,Total,_Z,Not application,_T,Total,_T,Total,_T,Total,_Z,Not applicable,_Z,Not applicable,_Z,Not applicable,2004,,10.146,,,,,,,,,,,,0,Units,1,One
DATAFLOW,OECD.ELS.HD:DSD_SHA@DF_SHA(1.0),Health expenditure and financing,I,DEU,Germany,A,Annual,EXP_HEALTH,Expenditure,PT_B1GQ,Percentage of GDP,_T,Total,_Z,Not application,_T,Total,_T,Total,_T,Total,_Z,Not applicable,_Z,Not applicable,_Z,Not applicable,2005,,10.312,,,,,,,,,,,,0,Units,1,One
DATAFLOW,OECD.ELS.HD:DSD_SHA@DF_SHA(1.0),Health expenditure and financing,I,IRL,Ireland,A,Annual,EXP_HEALTH,Expenditure,PT_B1GQ,Percentage of GDP,_T,Total,_Z,Not application,_T,Total,_T,Total,_T,Total,_Z,Not applicable,_Z,Not applicable,_Z,Not applicable,2008,,9.126,,,,,,,,,,,,0,Units,1,One
DATAFLOW,OECD.ELS.HD:DSD_SHA@DF_SHA(1.0),Health expenditure and financing,I,IRL,Ireland,A,Annual,EXP_HEALTH,Expenditure,PT_B1GQ,Percentage of GDP,_T,Total,_Z,Not application,_T,Total,_T,Total,_T,Total,_Z,Not applicable,_Z,Not applicable,_Z,Not applicable,2009,,10.523,,,,,,,,,,,,0,Units,1,One
DATAFLOW,OECD.ELS.HD:DSD_SHA@DF_SHA(1.0),Health expenditure and financing,I,IRL,Ireland,A,Annual,EXP_HEALTH,Expenditure,PT_B1GQ,Percentage of GDP,_T,Total,_Z,Not application,_T,Total,_T,Total,_T,Total,_Z,Not applicable,_Z,Not applicable,_Z,Not applicable,2010,,10.524,,,,,,,,,,,,0,Units,1,One
DATAFLOW,OECD.ELS.HD:DSD_SHA@DF_SHA(1.0),Health expenditure and financing,I,IRL,Ireland,A,Annual,EXP_HEALTH,Expenditure,PT_B1GQ,Percentage of GDP,_T,Total,_Z,Not application,_T,Total,_T,Total,_T,Total,_Z,Not applicable,_Z,Not applicable,_Z,Not applicable,2012,,10.622,,,,,,,,,,,,0,Units,1,One
DATAFLOW,OECD.ELS.HD:DSD_SHA@DF_SHA(1.0),Health expenditure and financing,I,IRL,Ireland,A,Annual,EXP_HEALTH,Expenditure,PT_B1GQ,Percentage of GDP,_T,Total,_Z,Not application,_T,Total,_T,Total,_T,Total,_Z,Not applicable,_Z,Not applicable,_Z,Not applicable,1992,,6.327,,,,,,,,,,,,0,Units,1,One
DATAFLOW,OECD.ELS.HD:DSD_SHA@DF_SHA(1.0),Health expenditure and financing,I,NLD,Netherlands,A,Annual,EXP_HEALTH,Expenditure,PT_B1GQ,Percentage of GDP,_T,Total,_Z,Not application,_T,Total,_T,Total,_T,Total,_Z,Not applicable,_Z,Not applicable,_Z,Not applicable,2017,,10.108,,,,,,,,,,,,0,Units,1,One
DATAFLOW,OECD.ELS.HD:DSD_SHA@DF_SHA(1.0),Health expenditure and financing,I,NLD,Netherlands,A,Annual,EXP_HEALTH,Expenditure,PT_B1GQ,Percentage of GDP,_T,Total,_Z,Not application,_T,Total,_T,Total,_T,Total,_Z,Not applicable,_Z,Not applicable,_Z,Not applicable,2018,,10.02,,,,,,,,,,,,0,Units,1,One
DATAFLOW,OECD.ELS.HD:DSD_SHA@DF_SHA(1.0),Health expenditure and financing,I,NLD,Netherlands,A,Annual,EXP_HEALTH,Expenditure,PT_B1GQ,Percentage of GDP,_T,Total,_Z,Not application,_T,Total,_T,Total,_T,Total,_Z,Not applicable,_Z,Not applicable,_Z,Not applicable,2023,,10.132,,,,,,E,Estimated value,,,,,0,Units,1,One
DATAFLOW,OECD.ELS.HD:DSD_SHA@DF_SHA(1.0),Health expenditure and financing,I,NLD,Netherlands,A,Annual,EXP_HEALTH,Expenditure,PT_B1GQ,Percentage of GDP,_T,Total,_Z,Not application,_T,Total,_T,Total,_T,Total,_Z,Not applicable,_Z,Not applicable,_Z,Not applicable,1998,,7.795,,,,,,B,Time series break,,,,,0,Units,1,One
DATAFLOW,OECD.ELS.HD:DSD_SHA@DF_SHA(1.0),Health expenditure and financing,I,NLD,Netherlands,A,Annual,EXP_HEALTH,Expenditure,PT_B1GQ,Percentage of GDP,_T,Total,_Z,Not application,_T,Total,_T,Total,_T,Total,_Z,Not applicable,_Z,Not applicable,_Z,Not applicable,2007,,9.053,,,,,,,,,,,,0,Units,1,One
DATAFLOW,OECD.ELS.HD:DSD_SHA@DF_SHA(1.0),Health expenditure and financing,I,NLD,Netherlands,A,Annual,EXP_HEALTH,Expenditure,PT_B1GQ,Percentage of GDP,_T,Total,_Z,Not application,_T,Total,_T,Total,_T,Total,_Z,Not applicable,_Z,Not applicable,_Z,Not applicable,2008,,9.277,,,,,,,,,,,,0,Units,1,One
DATAFLOW,OECD.ELS.HD:DSD_SHA@DF_SHA(1.0),Health expenditure and financing,I,NLD,Netherlands,A,Annual,EXP_HEALTH,Expenditure,PT_B1GQ,Percentage of GDP,_T,Total,_Z,Not application,_T,Total,_T,Total,_T,Total,_Z,Not applicable,_Z,Not applicable,_Z,Not applicable,2009,,9.993,,,,,,,,,,,,0,Units,1,One
DATAFLOW,OECD.ELS.HD:DSD_SHA@DF_SHA(1.0),Health expenditure and financing,I,NLD,Netherlands,A,Annual,EXP_HEALTH,Expenditure,PT_B1GQ,Percentage of GDP,_T,Total,_Z,Not application,_T,Total,_T,Total,_T,Total,_Z,Not applicable,_Z,Not applicable,_Z,Not applicable,2010,,10.155,,,,,,,,,,,,0,Units,1,One
DATAFLOW,OECD.ELS.HD:DSD_SHA@DF_SHA(1.0),Health expenditure and financing,I,NLD,Netherlands,A,Annual,EXP_HEALTH,Expenditure,PT_B1GQ,Percentage of GDP,_T,Total,_Z,Not application,_T,Total,_T,Total,_T,Total,_Z,Not applicable,_Z,Not applicable,_Z,Not applicable,2011,,10.234,,,,,,,,,,,,0,Units,1,One
DATAFLOW,OECD.ELS.HD:DSD_SHA@DF_SHA(1.0),Health expenditure and financing,I,NLD,Netherlands,A,Annual,EXP_HEALTH,Expenditure,PT_B1GQ,Percentage of GDP,_T,Total,_Z,Not application,_T,Total,_T,Total,_T,Total,_Z,Not applicable,_Z,Not applicable,_Z,Not applicable,2012,,10.539,,,,,,,,,,,,0,Units,1,One
DATAFLOW,OECD.ELS.HD:DSD_SHA@DF_SHA(1.0),Health expenditure and financing,I,NLD,Netherlands,A,Annual,EXP_HEALTH,Expenditure,PT_B1GQ,Percentage of GDP,_T,Total,_Z,Not application,_T,Total,_T,Total,_T,Total,_Z,Not applicable,_Z,Not applicable,_Z,Not applicable,2013,,10.584,,,,,,,,,,,,0,Units,1,One
DATAFLOW,OECD.ELS.HD:DSD_SHA@DF_SHA(1.0),Health expenditure and financing,I,NLD,Netherlands,A,Annual,EXP_HEALTH,Expenditure,PT_B1GQ,Percentage of GDP,_T,Total,_Z,Not application,_T,Total,_T,Total,_T,Total,_Z,Not applicable,_Z,Not applicable,_Z,Not applicable,2014,,10.567,,,,,,,,,,,,0,Units,1,One
DATAFLOW,OECD.ELS.HD:DSD_SHA@DF_SHA(1.0),Health expenditure and financing,I,NLD,Netherlands,A,Annual,EXP_HEALTH,Expenditure,PT_B1GQ,Percentage of GDP,_T,Total,_Z,Not application,_T,Total,_T,Total,_T,Total,_Z,Not applicable,_Z,Not applicable,_Z,Not applicable,2015,,10.324,,,,,,,,,,,,0,Units,1,One
DATAFLOW,OECD.ELS.HD:DSD_SHA@DF_SHA(1.0),Health expenditure and financing,I,NLD,Netherlands,A,Annual,EXP_HEALTH,Expenditure,PT_B1GQ,Percentage of GDP,_T,Total,_Z,Not application,_T,Total,_T,Total,_T,Total,_Z,Not applicable,_Z,Not applicable,_Z,Not applicable,2016,,10.294,,,,,,,,,,,,0,Units,1,One
DATAFLOW,OECD.ELS.HD:DSD_SHA@DF_SHA(1.0),Health expenditure and financing,I,NLD,Netherlands,A,Annual,EXP_HEALTH,Expenditure,PT_B1GQ,Percentage of GDP,_T,Total,_Z,Not application,_T,Total,_T,Total,_T,Total,_Z,Not applicable,_Z,Not applicable,_Z,Not applicable,2019,,10.14,,,,,,,,,,,,0,Units,1,One
DATAFLOW,OECD.ELS.HD:DSD_SHA@DF_SHA(1.0),Health expenditure and financing,I,NLD,Netherlands,A,Annual,EXP_HEALTH,Expenditure,PT_B1GQ,Percentage of GDP,_T,Total,_Z,Not application,_T,Total,_T,Total,_T,Total,_Z,Not applicable,_Z,Not applicable,_Z,Not applicable,2020,,11.224,,,,,,,,,,,,0,Units,1,One
DATAFLOW,OECD.ELS.HD:DSD_SHA@DF_SHA(1.0),Health expenditure and financing,I,NLD,Netherlands,A,Annual,EXP_HEALTH,Expenditure,PT_B1GQ,Percentage of GDP,_T,Total,_Z,Not application,_T,Total,_T,Total,_T,Total,_Z,Not applicable,_Z,Not applicable,_Z,Not applicable,2021,,11.125,,,,,,,,,,,,0,Units,1,One
DATAFLOW,OECD.ELS.HD:DSD_SHA@DF_SHA(1.0),Health expenditure and financing,I,NLD,Netherlands,A,Annual,EXP_HEALTH,Expenditure,PT_B1GQ,Percentage of GDP,_T,Total,_Z,Not application,_T,Total,_T,Total,_T,Total,_Z,Not applicable,_Z,Not applicable,_Z,Not applicable,2022,,10.101,,,,,,,,,,,,0,Units,1,One
DATAFLOW,OECD.ELS.HD:DSD_SHA@DF_SHA(1.0),Health expenditure and financing,I,NLD,Netherlands,A,Annual,EXP_HEALTH,Expenditure,PT_B1GQ,Percentage of GDP,_T,Total,_Z,Not application,_T,Total,_T,Total,_T,Total,_Z,Not applicable,_Z,Not applicable,_Z,Not applicable,1992,,7.376,,,,,,,,,,,,0,Units,1,One
DATAFLOW,OECD.ELS.HD:DSD_SHA@DF_SHA(1.0),Health expenditure and financing,I,NLD,Netherlands,A,Annual,EXP_HEALTH,Expenditure,PT_B1GQ,Percentage of GDP,_T,Total,_Z,Not application,_T,Total,_T,Total,_T,Total,_Z,Not applicable,_Z,Not applicable,_Z,Not applicable,1993,,7.476,,,,,,,,,,,,0,Units,1,One
DATAFLOW,OECD.ELS.HD:DSD_SHA@DF_SHA(1.0),Health expenditure and financing,I,NLD,Netherlands,A,Annual,EXP_HEALTH,Expenditure,PT_B1GQ,Percentage of GDP,_T,Total,_Z,Not application,_T,Total,_T,Total,_T,Total,_Z,Not applicable,_Z,Not applicable,_Z,Not applicable,1994,,7.359,,,,,,,,,,,,0,Units,1,One
DATAFLOW,OECD.ELS.HD:DSD_SHA@DF_SHA(1.0),Health expenditure and financing,I,NLD,Netherlands,A,Annual,EXP_HEALTH,Expenditure,PT_B1GQ,Percentage of GDP,_T,Total,_Z,Not application,_T,Total,_T,Total,_T,Total,_Z,Not applicable,_Z,Not applicable,_Z,Not applicable,1995,,7.27,,,,,,,,,,,,0,Units,1,One
DATAFLOW,OECD.ELS.HD:DSD_SHA@DF_SHA(1.0),Health expenditure and financing,I,NLD,Netherlands,A,Annual,EXP_HEALTH,Expenditure,PT_B1GQ,Percentage of GDP,_T,Total,_Z,Not application,_T,Total,_T,Total,_T,Total,_Z,Not applicable,_Z,Not applicable,_Z,Not applicable,1996,,7.213,,,,,,,,,,,,0,Units,1,One
DATAFLOW,OECD.ELS.HD:DSD_SHA@DF_SHA(1.0),Health expenditure and financing,I,NLD,Netherlands,A,Annual,EXP_HEALTH,Expenditure,PT_B1GQ,Percentage of GDP,_T,Total,_Z,Not application,_T,Total,_T,Total,_T,Total,_Z,Not applicable,_Z,Not applicable,_Z,Not applicable,1997,,7.026,,,,,,,,,,,,0,Units,1,One
DATAFLOW,OECD.ELS.HD:DSD_SHA@DF_SHA(1.0),Health expenditure and financing,I,NLD,Netherlands,A,Annual,EXP_HEALTH,Expenditure,PT_B1GQ,Percentage of GDP,_T,Total,_Z,Not application,_T,Total,_T,Total,_T,Total,_Z,Not applicable,_Z,Not applicable,_Z,Not applicable,1999,,7.825,,,,,,,,,,,,0,Units,1,One
DATAFLOW,OECD.ELS.HD:DSD_SHA@DF_SHA(1.0),Health expenditure and financing,I,NLD,Netherlands,A,Annual,EXP_HEALTH,Expenditure,PT_B1GQ,Percentage of GDP,_T,Total,_Z,Not application,_T,Total,_T,Total,_T,Total,_Z,Not applicable,_Z,Not applicable,_Z,Not applicable,2000,,7.707,,,,,,,,,,,,0,Units,1,One
DATAFLOW,OECD.ELS.HD:DSD_SHA@DF_SHA(1.0),Health expenditure and financing,I,NLD,Netherlands,A,Annual,EXP_HEALTH,Expenditure,PT_B1GQ,Percentage of GDP,_T,Total,_Z,Not application,_T,Total,_T,Total,_T,Total,_Z,Not applicable,_Z,Not applicable,_Z,Not applicable,2001,,8.059,,,,,,,,,,,,0,Units,1,One
DATAFLOW,OECD.ELS.HD:DSD_SHA@DF_SHA(1.0),Health expenditure and financing,I,NLD,Netherlands,A,Annual,EXP_HEALTH,Expenditure,PT_B1GQ,Percentage of GDP,_T,Total,_Z,Not application,_T,Total,_T,Total,_T,Total,_Z,Not applicable,_Z,Not applicable,_Z,Not applicable,2002,,8.649,,,,,,,,,,,,0,Units,1,One
DATAFLOW,OECD.ELS.HD:DSD_SHA@DF_SHA(1.0),Health expenditure and financing,I,NLD,Netherlands,A,Annual,EXP_HEALTH,Expenditure,PT_B1GQ,Percentage of GDP,_T,Total,_Z,Not application,_T,Total,_T,Total,_T,Total,_Z,Not applicable,_Z,Not applicable,_Z,Not applicable,2003,,9.057,,,,,,,,,,,,0,Units,1,One
DATAFLOW,OECD.ELS.HD:DSD_SHA@DF_SHA(1.0),Health expenditure and financing,I,NLD,Netherlands,A,Annual,EXP_HEALTH,Expenditure,PT_B1GQ,Percentage of GDP,_T,Total,_Z,Not application,_T,Total,_T,Total,_T,Total,_Z,Not applicable,_Z,Not applicable,_Z,Not applicable,2004,,9.111,,,,,,,,,,,,0,Units,1,One
DATAFLOW,OECD.ELS.HD:DSD_SHA@DF_SHA(1.0),Health expenditure and financing,I,NLD,Netherlands,A,Annual,EXP_HEALTH,Expenditure,PT_B1GQ,Percentage of GDP,_T,Total,_Z,Not application,_T,Total,_T,Total,_T,Total,_Z,Not applicable,_Z,Not applicable,_Z,Not applicable,2005,,9.097,,,,,,,,,,,,0,Units,1,One
DATAFLOW,OECD.ELS.HD:DSD_SHA@DF_SHA(1.0),Health expenditure and financing,I,NLD,Netherlands,A,Annual,EXP_HEALTH,Expenditure,PT_B1GQ,Percentage of GDP,_T,Total,_Z,Not application,_T,Total,_T,Total,_T,Total,_Z,Not applicable,_Z,Not applicable,_Z,Not applicable,2006,,9.081,,,,,,,,,,,,0,Units,1,One
DATAFLOW,OECD.ELS.HD:DSD_SHA@DF_SHA(1.0),Health expenditure and financing,I,ITA,Italy,A,Annual,EXP_HEALTH,Expenditure,PT_B1GQ,Percentage of GDP,_T,Total,_Z,Not application,_T,Total,_T,Total,_T,Total,_Z,Not applicable,_Z,Not applicable,_Z,Not applicable,2022,,8.952,,,,,,,,,,,,0,Units,1,One
DATAFLOW,OECD.ELS.HD:DSD_SHA@DF_SHA(1.0),Health expenditure and financing,I,ITA,Italy,A,Annual,EXP_HEALTH,Expenditure,PT_B1GQ,Percentage of GDP,_T,Total,_Z,Not application,_T,Total,_T,Total,_T,Total,_Z,Not applicable,_Z,Not applicable,_Z,Not applicable,2023,,8.447,,,,,,P,Provisional value,,,,,0,Units,1,One
DATAFLOW,OECD.ELS.HD:DSD_SHA@DF_SHA(1.0),Health expenditure and financing,I,ITA,Italy,A,Annual,EXP_HEALTH,Expenditure,PT_B1GQ,Percentage of GDP,_T,Total,_Z,Not application,_T,Total,_T,Total,_T,Total,_Z,Not applicable,_Z,Not applicable,_Z,Not applicable,1995,,6.848,,,,,,B,Time series break,,,,,0,Units,1,One
DATAFLOW,OECD.ELS.HD:DSD_SHA@DF_SHA(1.0),Health expenditure and financing,I,ITA,Italy,A,Annual,EXP_HEALTH,Expenditure,PT_B1GQ,Percentage of GDP,_T,Total,_Z,Not application,_T,Total,_T,Total,_T,Total,_Z,Not applicable,_Z,Not applicable,_Z,Not applicable,2012,,8.784,,,,,,B,Time series break,,,,,0,Units,1,One
DATAFLOW,OECD.ELS.HD:DSD_SHA@DF_SHA(1.0),Health expenditure and financing,I,ITA,Italy,A,Annual,EXP_HEALTH,Expenditure,PT_B1GQ,Percentage of GDP,_T,Total,_Z,Not application,_T,Total,_T,Total,_T,Total,_Z,Not applicable,_Z,Not applicable,_Z,Not applicable,2011,,8.774,,,,,,,,,,,,0,Units,1,One
DATAFLOW,OECD.ELS.HD:DSD_SHA@DF_SHA(1.0),Health expenditure and financing,I,ITA,Italy,A,Annual,EXP_HEALTH,Expenditure,PT_B1GQ,Percentage of GDP,_T,Total,_Z,Not application,_T,Total,_T,Total,_T,Total,_Z,Not applicable,_Z,Not applicable,_Z,Not applicable,2013,,8.775,,,,,,,,,,,,0,Units,1,One
DATAFLOW,OECD.ELS.HD:DSD_SHA@DF_SHA(1.0),Health expenditure and financing,I,ITA,Italy,A,Annual,EXP_HEALTH,Expenditure,PT_B1GQ,Percentage of GDP,_T,Total,_Z,Not application,_T,Total,_T,Total,_T,Total,_Z,Not applicable,_Z,Not applicable,_Z,Not applicable,2014,,8.868,,,,,,,,,,,,0,Units,1,One
DATAFLOW,OECD.ELS.HD:DSD_SHA@DF_SHA(1.0),Health expenditure and financing,I,ITA,Italy,A,Annual,EXP_HEALTH,Expenditure,PT_B1GQ,Percentage of GDP,_T,Total,_Z,Not application,_T,Total,_T,Total,_T,Total,_Z,Not applicable,_Z,Not applicable,_Z,Not applicable,2015,,8.857,,,,,,,,,,,,0,Units,1,One
DATAFLOW,OECD.ELS.HD:DSD_SHA@DF_SHA(1.0),Health expenditure and financing,I,ITA,Italy,A,Annual,EXP_HEALTH,Expenditure,PT_B1GQ,Percentage of GDP,_T,Total,_Z,Not application,_T,Total,_T,Total,_T,Total,_Z,Not applicable,_Z,Not applicable,_Z,Not applicable,2016,,8.725,,,,,,,,,,,,0,Units,1,One
DATAFLOW,OECD.ELS.HD:DSD_SHA@DF_SHA(1.0),Health expenditure and financing,I,ITA,Italy,A,Annual,EXP_HEALTH,Expenditure,PT_B1GQ,Percentage of GDP,_T,Total,_Z,Not application,_T,Total,_T,Total,_T,Total,_Z,Not applicable,_Z,Not applicable,_Z,Not applicable,2017,,8.678,,,,,,,,,,,,0,Units,1,One
DATAFLOW,OECD.ELS.HD:DSD_SHA@DF_SHA(1.0),Health expenditure and financing,I,ITA,Italy,A,Annual,EXP_HEALTH,Expenditure,PT_B1GQ,Percentage of GDP,_T,Total,_Z,Not application,_T,Total,_T,Total,_T,Total,_Z,Not applicable,_Z,Not applicable,_Z,Not applicable,2018,,8.682,,,,,,,,,,,,0,Units,1,One
DATAFLOW,OECD.ELS.HD:DSD_SHA@DF_SHA(1.0),Health expenditure and financing,I,ITA,Italy,A,Annual,EXP_HEALTH,Expenditure,PT_B1GQ,Percentage of GDP,_T,Total,_Z,Not application,_T,Total,_T,Total,_T,Total,_Z,Not applicable,_Z,Not applicable,_Z,Not applicable,2019,,8.656,,,,,,,,,,,,0,Units,1,One
DATAFLOW,OECD.ELS.HD:DSD_SHA@DF_SHA(1.0),Health expenditure and financing,I,ITA,Italy,A,Annual,EXP_HEALTH,Expenditure,PT_B1GQ,Percentage of GDP,_T,Total,_Z,Not application,_T,Total,_T,Total,_T,Total,_Z,Not applicable,_Z,Not applicable,_Z,Not applicable,2020,,9.625,,,,,,,,,,,,0,Units,1,One
DATAFLOW,OECD.ELS.HD:DSD_SHA@DF_SHA(1.0),Health expenditure and financing,I,ITA,Italy,A,Annual,EXP_HEALTH,Expenditure,PT_B1GQ,Percentage of GDP,_T,Total,_Z,Not application,_T,Total,_T,Total,_T,Total,_Z,Not applicable,_Z,Not applicable,_Z,Not applicable,2021,,9.346,,,,,,,,,,,,0,Units,1,One
DATAFLOW,OECD.ELS.HD:DSD_SHA@DF_SHA(1.0),Health expenditure and financing,I,ITA,Italy,A,Annual,EXP_HEALTH,Expenditure,PT_B1GQ,Percentage of GDP,_T,Total,_Z,Not application,_T,Total,_T,Total,_T,Total,_Z,Not applicable,_Z,Not applicable,_Z,Not applicable,1992,,7.095,,,,,,,,,,,,0,Units,1,One
DATAFLOW,OECD.ELS.HD:DSD_SHA@DF_SHA(1.0),Health expenditure and financing,I,ITA,Italy,A,Annual,EXP_HEALTH,Expenditure,PT_B1GQ,Percentage of GDP,_T,Total,_Z,Not application,_T,Total,_T,Total,_T,Total,_Z,Not applicable,_Z,Not applicable,_Z,Not applicable,1993,,7.064,,,,,,,,,,,,0,Units,1,One
DATAFLOW,OECD.ELS.HD:DSD_SHA@DF_SHA(1.0),Health expenditure and financing,I,ITA,Italy,A,Annual,EXP_HEALTH,Expenditure,PT_B1GQ,Percentage of GDP,_T,Total,_Z,Not application,_T,Total,_T,Total,_T,Total,_Z,Not applicable,_Z,Not applicable,_Z,Not applicable,1994,,6.911,,,,,,,,,,,,0,Units,1,One
DATAFLOW,OECD.ELS.HD:DSD_SHA@DF_SHA(1.0),Health expenditure and financing,I,ITA,Italy,A,Annual,EXP_HEALTH,Expenditure,PT_B1GQ,Percentage of GDP,_T,Total,_Z,Not application,_T,Total,_T,Total,_T,Total,_Z,Not applicable,_Z,Not applicable,_Z,Not applicable,1996,,6.945,,,,,,,,,,,,0,Units,1,One
DATAFLOW,OECD.ELS.HD:DSD_SHA@DF_SHA(1.0),Health expenditure and financing,I,ITA,Italy,A,Annual,EXP_HEALTH,Expenditure,PT_B1GQ,Percentage of GDP,_T,Total,_Z,Not application,_T,Total,_T,Total,_T,Total,_Z,Not applicable,_Z,Not applicable,_Z,Not applicable,1997,,7.208,,,,,,,,,,,,0,Units,1,One
DATAFLOW,OECD.ELS.HD:DSD_SHA@DF_SHA(1.0),Health expenditure and financing,I,ITA,Italy,A,Annual,EXP_HEALTH,Expenditure,PT_B1GQ,Percentage of GDP,_T,Total,_Z,Not application,_T,Total,_T,Total,_T,Total,_Z,Not applicable,_Z,Not applicable,_Z,Not applicable,1998,,7.247,,,,,,,,,,,,0,Units,1,One
DATAFLOW,OECD.ELS.HD:DSD_SHA@DF_SHA(1.0),Health expenditure and financing,I,ITA,Italy,A,Annual,EXP_HEALTH,Expenditure,PT_B1GQ,Percentage of GDP,_T,Total,_Z,Not application,_T,Total,_T,Total,_T,Total,_Z,Not applicable,_Z,Not applicable,_Z,Not applicable,1999,,7.316,,,,,,,,,,,,0,Units,1,One
DATAFLOW,OECD.ELS.HD:DSD_SHA@DF_SHA(1.0),Health expenditure and financing,I,ITA,Italy,A,Annual,EXP_HEALTH,Expenditure,PT_B1GQ,Percentage of GDP,_T,Total,_Z,Not application,_T,Total,_T,Total,_T,Total,_Z,Not applicable,_Z,Not applicable,_Z,Not applicable,2000,,7.567,,,,,,,,,,,,0,Units,1,One
DATAFLOW,OECD.ELS.HD:DSD_SHA@DF_SHA(1.0),Health expenditure and financing,I,ITA,Italy,A,Annual,EXP_HEALTH,Expenditure,PT_B1GQ,Percentage of GDP,_T,Total,_Z,Not application,_T,Total,_T,Total,_T,Total,_Z,Not applicable,_Z,Not applicable,_Z,Not applicable,2001,,7.738,,,,,,,,,,,,0,Units,1,One
DATAFLOW,OECD.ELS.HD:DSD_SHA@DF_SHA(1.0),Health expenditure and financing,I,ITA,Italy,A,Annual,EXP_HEALTH,Expenditure,PT_B1GQ,Percentage of GDP,_T,Total,_Z,Not application,_T,Total,_T,Total,_T,Total,_Z,Not applicable,_Z,Not applicable,_Z,Not applicable,2002,,7.867,,,,,,,,,,,,0,Units,1,One
DATAFLOW,OECD.ELS.HD:DSD_SHA@DF_SHA(1.0),Health expenditure and financing,I,ITA,Italy,A,Annual,EXP_HEALTH,Expenditure,PT_B1GQ,Percentage of GDP,_T,Total,_Z,Not application,_T,Total,_T,Total,_T,Total,_Z,Not applicable,_Z,Not applicable,_Z,Not applicable,2003,,7.833,,,,,,,,,,,,0,Units,1,One
DATAFLOW,OECD.ELS.HD:DSD_SHA@DF_SHA(1.0),Health expenditure and financing,I,ITA,Italy,A,Annual,EXP_HEALTH,Expenditure,PT_B1GQ,Percentage of GDP,_T,Total,_Z,Not application,_T,Total,_T,Total,_T,Total,_Z,Not applicable,_Z,Not applicable,_Z,Not applicable,2004,,8.165,,,,,,,,,,,,0,Units,1,One
DATAFLOW,OECD.ELS.HD:DSD_SHA@DF_SHA(1.0),Health expenditure and financing,I,ITA,Italy,A,Annual,EXP_HEALTH,Expenditure,PT_B1GQ,Percentage of GDP,_T,Total,_Z,Not application,_T,Total,_T,Total,_T,Total,_Z,Not applicable,_Z,Not applicable,_Z,Not applicable,2005,,8.339,,,,,,,,,,,,0,Units,1,One
DATAFLOW,OECD.ELS.HD:DSD_SHA@DF_SHA(1.0),Health expenditure and financing,I,ITA,Italy,A,Annual,EXP_HEALTH,Expenditure,PT_B1GQ,Percentage of GDP,_T,Total,_Z,Not application,_T,Total,_T,Total,_T,Total,_Z,Not applicable,_Z,Not applicable,_Z,Not applicable,2006,,8.437,,,,,,,,,,,,0,Units,1,One
DATAFLOW,OECD.ELS.HD:DSD_SHA@DF_SHA(1.0),Health expenditure and financing,I,ITA,Italy,A,Annual,EXP_HEALTH,Expenditure,PT_B1GQ,Percentage of GDP,_T,Total,_Z,Not application,_T,Total,_T,Total,_T,Total,_Z,Not applicable,_Z,Not applicable,_Z,Not applicable,2007,,8.136,,,,,,,,,,,,0,Units,1,One
DATAFLOW,OECD.ELS.HD:DSD_SHA@DF_SHA(1.0),Health expenditure and financing,I,ITA,Italy,A,Annual,EXP_HEALTH,Expenditure,PT_B1GQ,Percentage of GDP,_T,Total,_Z,Not application,_T,Total,_T,Total,_T,Total,_Z,Not applicable,_Z,Not applicable,_Z,Not applicable,2008,,8.533,,,,,,,,,,,,0,Units,1,One
DATAFLOW,OECD.ELS.HD:DSD_SHA@DF_SHA(1.0),Health expenditure and financing,I,ITA,Italy,A,Annual,EXP_HEALTH,Expenditure,PT_B1GQ,Percentage of GDP,_T,Total,_Z,Not application,_T,Total,_T,Total,_T,Total,_Z,Not applicable,_Z,Not applicable,_Z,Not applicable,2009,,8.952,,,,,,,,,,,,0,Units,1,One
DATAFLOW,OECD.ELS.HD:DSD_SHA@DF_SHA(1.0),Health expenditure and financing,I,ITA,Italy,A,Annual,EXP_HEALTH,Expenditure,PT_B1GQ,Percentage of GDP,_T,Total,_Z,Not application,_T,Total,_T,Total,_T,Total,_Z,Not applicable,_Z,Not applicable,_Z,Not applicable,2010,,8.916,,,,,,,,,,,,0,Units,1,One
DATAFLOW,OECD.ELS.HD:DSD_SHA@DF_SHA(1.0),Health expenditure and financing,I,KOR,Korea,A,Annual,EXP_HEALTH,Expenditure,PT_B1GQ,Percentage of GDP,_T,Total,_Z,Not application,_T,Total,_T,Total,_T,Total,_Z,Not applicable,_Z,Not applicable,_Z,Not applicable,2022,,9.434,,,,,,,,,,,,0,Units,1,One
DATAFLOW,OECD.ELS.HD:DSD_SHA@DF_SHA(1.0),Health expenditure and financing,I,KOR,Korea,A,Annual,EXP_HEALTH,Expenditure,PT_B1GQ,Percentage of GDP,_T,Total,_Z,Not application,_T,Total,_T,Total,_T,Total,_Z,Not applicable,_Z,Not applicable,_Z,Not applicable,2023,,9.88,,,,,,P,Provisional value,,,,,0,Units,1,One
DATAFLOW,OECD.ELS.HD:DSD_SHA@DF_SHA(1.0),Health expenditure and financing,I,KOR,Korea,A,Annual,EXP_HEALTH,Expenditure,PT_B1GQ,Percentage of GDP,_T,Total,_Z,Not application,_T,Total,_T,Total,_T,Total,_Z,Not applicable,_Z,Not applicable,_Z,Not applicable,2002,,4.052,,,,,,,,,,,,0,Units,1,One
DATAFLOW,OECD.ELS.HD:DSD_SHA@DF_SHA(1.0),Health expenditure and financing,I,KOR,Korea,A,Annual,EXP_HEALTH,Expenditure,PT_B1GQ,Percentage of GDP,_T,Total,_Z,Not application,_T,Total,_T,Total,_T,Total,_Z,Not applicable,_Z,Not applicable,_Z,Not applicable,2003,,4.634,,,,,,,,,,,,0,Units,1,One
DATAFLOW,OECD.ELS.HD:DSD_SHA@DF_SHA(1.0),Health expenditure and financing,I,KOR,Korea,A,Annual,EXP_HEALTH,Expenditure,PT_B1GQ,Percentage of GDP,_T,Total,_Z,Not application,_T,Total,_T,Total,_T,Total,_Z,Not applicable,_Z,Not applicable,_Z,Not applicable,2012,,6.178,,,,,,,,,,,,0,Units,1,One
DATAFLOW,OECD.ELS.HD:DSD_SHA@DF_SHA(1.0),Health expenditure and financing,I,POL,Poland,A,Annual,EXP_HEALTH,Expenditure,PT_B1GQ,Percentage of GDP,_T,Total,_Z,Not application,_T,Total,_T,Total,_T,Total,_Z,Not applicable,_Z,Not applicable,_Z,Not applicable,2013,,6.48,,,,,,,,,,,,0,Units,1,One
DATAFLOW,OECD.ELS.HD:DSD_SHA@DF_SHA(1.0),Health expenditure and financing,I,POL,Poland,A,Annual,EXP_HEALTH,Expenditure,PT_B1GQ,Percentage of GDP,_T,Total,_Z,Not application,_T,Total,_T,Total,_T,Total,_Z,Not applicable,_Z,Not applicable,_Z,Not applicable,2015,,6.404,,,,,,,,,,,,0,Units,1,One
DATAFLOW,OECD.ELS.HD:DSD_SHA@DF_SHA(1.0),Health expenditure and financing,I,KOR,Korea,A,Annual,EXP_HEALTH,Expenditure,PT_B1GQ,Percentage of GDP,_T,Total,_Z,Not application,_T,Total,_T,Total,_T,Total,_Z,Not applicable,_Z,Not applicable,_Z,Not applicable,2015,,6.724,,,,,,,,,,,,0,Units,1,One
DATAFLOW,OECD.ELS.HD:DSD_SHA@DF_SHA(1.0),Health expenditure and financing,I,KOR,Korea,A,Annual,EXP_HEALTH,Expenditure,PT_B1GQ,Percentage of GDP,_T,Total,_Z,Not application,_T,Total,_T,Total,_T,Total,_Z,Not applicable,_Z,Not applicable,_Z,Not applicable,2016,,6.893,,,,,,,,,,,,0,Units,1,One
DATAFLOW,OECD.ELS.HD:DSD_SHA@DF_SHA(1.0),Health expenditure and financing,I,KOR,Korea,A,Annual,EXP_HEALTH,Expenditure,PT_B1GQ,Percentage of GDP,_T,Total,_Z,Not application,_T,Total,_T,Total,_T,Total,_Z,Not applicable,_Z,Not applicable,_Z,Not applicable,2017,,7.048,,,,,,,,,,,,0,Units,1,One
DATAFLOW,OECD.ELS.HD:DSD_SHA@DF_SHA(1.0),Health expenditure and financing,I,KOR,Korea,A,Annual,EXP_HEALTH,Expenditure,PT_B1GQ,Percentage of GDP,_T,Total,_Z,Not application,_T,Total,_T,Total,_T,Total,_Z,Not applicable,_Z,Not applicable,_Z,Not applicable,2018,,7.463,,,,,,,,,,,,0,Units,1,One
DATAFLOW,OECD.ELS.HD:DSD_SHA@DF_SHA(1.0),Health expenditure and financing,I,KOR,Korea,A,Annual,EXP_HEALTH,Expenditure,PT_B1GQ,Percentage of GDP,_T,Total,_Z,Not application,_T,Total,_T,Total,_T,Total,_Z,Not applicable,_Z,Not applicable,_Z,Not applicable,2019,,8.127,,,,,,,,,,,,0,Units,1,One
DATAFLOW,OECD.ELS.HD:DSD_SHA@DF_SHA(1.0),Health expenditure and financing,I,KOR,Korea,A,Annual,EXP_HEALTH,Expenditure,PT_B1GQ,Percentage of GDP,_T,Total,_Z,Not application,_T,Total,_T,Total,_T,Total,_Z,Not applicable,_Z,Not applicable,_Z,Not applicable,2020,,8.355,,,,,,,,,,,,0,Units,1,One
DATAFLOW,OECD.ELS.HD:DSD_SHA@DF_SHA(1.0),Health expenditure and financing,I,KOR,Korea,A,Annual,EXP_HEALTH,Expenditure,PT_B1GQ,Percentage of GDP,_T,Total,_Z,Not application,_T,Total,_T,Total,_T,Total,_Z,Not applicable,_Z,Not applicable,_Z,Not applicable,2021,,8.957,,,,,,,,,,,,0,Units,1,One
DATAFLOW,OECD.ELS.HD:DSD_SHA@DF_SHA(1.0),Health expenditure and financing,I,KOR,Korea,A,Annual,EXP_HEALTH,Expenditure,PT_B1GQ,Percentage of GDP,_T,Total,_Z,Not application,_T,Total,_T,Total,_T,Total,_Z,Not applicable,_Z,Not applicable,_Z,Not applicable,2004,,4.605,,,,,,,,,,,,0,Units,1,One
DATAFLOW,OECD.ELS.HD:DSD_SHA@DF_SHA(1.0),Health expenditure and financing,I,KOR,Korea,A,Annual,EXP_HEALTH,Expenditure,PT_B1GQ,Percentage of GDP,_T,Total,_Z,Not application,_T,Total,_T,Total,_T,Total,_Z,Not applicable,_Z,Not applicable,_Z,Not applicable,2005,,4.839,,,,,,,,,,,,0,Units,1,One
DATAFLOW,OECD.ELS.HD:DSD_SHA@DF_SHA(1.0),Health expenditure and financing,I,KOR,Korea,A,Annual,EXP_HEALTH,Expenditure,PT_B1GQ,Percentage of GDP,_T,Total,_Z,Not application,_T,Total,_T,Total,_T,Total,_Z,Not applicable,_Z,Not applicable,_Z,Not applicable,2006,,5.161,,,,,,,,,,,,0,Units,1,One
DATAFLOW,OECD.ELS.HD:DSD_SHA@DF_SHA(1.0),Health expenditure and financing,I,KOR,Korea,A,Annual,EXP_HEALTH,Expenditure,PT_B1GQ,Percentage of GDP,_T,Total,_Z,Not application,_T,Total,_T,Total,_T,Total,_Z,Not applicable,_Z,Not applicable,_Z,Not applicable,2007,,5.162,,,,,,,,,,,,0,Units,1,One
DATAFLOW,OECD.ELS.HD:DSD_SHA@DF_SHA(1.0),Health expenditure and financing,I,KOR,Korea,A,Annual,EXP_HEALTH,Expenditure,PT_B1GQ,Percentage of GDP,_T,Total,_Z,Not application,_T,Total,_T,Total,_T,Total,_Z,Not applicable,_Z,Not applicable,_Z,Not applicable,1992,,3.561,,,,,,,,,,,,0,Units,1,One
DATAFLOW,OECD.ELS.HD:DSD_SHA@DF_SHA(1.0),Health expenditure and financing,I,KOR,Korea,A,Annual,EXP_HEALTH,Expenditure,PT_B1GQ,Percentage of GDP,_T,Total,_Z,Not application,_T,Total,_T,Total,_T,Total,_Z,Not applicable,_Z,Not applicable,_Z,Not applicable,1993,,3.476,,,,,,,,,,,,0,Units,1,One
DATAFLOW,OECD.ELS.HD:DSD_SHA@DF_SHA(1.0),Health expenditure and financing,I,KOR,Korea,A,Annual,EXP_HEALTH,Expenditure,PT_B1GQ,Percentage of GDP,_T,Total,_Z,Not application,_T,Total,_T,Total,_T,Total,_Z,Not applicable,_Z,Not applicable,_Z,Not applicable,1994,,3.288,,,,,,,,,,,,0,Units,1,One
DATAFLOW,OECD.ELS.HD:DSD_SHA@DF_SHA(1.0),Health expenditure and financing,I,KOR,Korea,A,Annual,EXP_HEALTH,Expenditure,PT_B1GQ,Percentage of GDP,_T,Total,_Z,Not application,_T,Total,_T,Total,_T,Total,_Z,Not applicable,_Z,Not applicable,_Z,Not applicable,1995,,3.299,,,,,,,,,,,,0,Units,1,One
DATAFLOW,OECD.ELS.HD:DSD_SHA@DF_SHA(1.0),Health expenditure and financing,I,KOR,Korea,A,Annual,EXP_HEALTH,Expenditure,PT_B1GQ,Percentage of GDP,_T,Total,_Z,Not application,_T,Total,_T,Total,_T,Total,_Z,Not applicable,_Z,Not applicable,_Z,Not applicable,1996,,3.526,,,,,,,,,,,,0,Units,1,One
DATAFLOW,OECD.ELS.HD:DSD_SHA@DF_SHA(1.0),Health expenditure and financing,I,KOR,Korea,A,Annual,EXP_HEALTH,Expenditure,PT_B1GQ,Percentage of GDP,_T,Total,_Z,Not application,_T,Total,_T,Total,_T,Total,_Z,Not applicable,_Z,Not applicable,_Z,Not applicable,1997,,3.463,,,,,,,,,,,,0,Units,1,One
DATAFLOW,OECD.ELS.HD:DSD_SHA@DF_SHA(1.0),Health expenditure and financing,I,KOR,Korea,A,Annual,EXP_HEALTH,Expenditure,PT_B1GQ,Percentage of GDP,_T,Total,_Z,Not application,_T,Total,_T,Total,_T,Total,_Z,Not applicable,_Z,Not applicable,_Z,Not applicable,1998,,3.63,,,,,,,,,,,,0,Units,1,One
DATAFLOW,OECD.ELS.HD:DSD_SHA@DF_SHA(1.0),Health expenditure and financing,I,KOR,Korea,A,Annual,EXP_HEALTH,Expenditure,PT_B1GQ,Percentage of GDP,_T,Total,_Z,Not application,_T,Total,_T,Total,_T,Total,_Z,Not applicable,_Z,Not applicable,_Z,Not applicable,1999,,3.82,,,,,,,,,,,,0,Units,1,One
DATAFLOW,OECD.ELS.HD:DSD_SHA@DF_SHA(1.0),Health expenditure and financing,I,KOR,Korea,A,Annual,EXP_HEALTH,Expenditure,PT_B1GQ,Percentage of GDP,_T,Total,_Z,Not application,_T,Total,_T,Total,_T,Total,_Z,Not applicable,_Z,Not applicable,_Z,Not applicable,2000,,3.855,,,,,,,,,,,,0,Units,1,One
DATAFLOW,OECD.ELS.HD:DSD_SHA@DF_SHA(1.0),Health expenditure and financing,I,DNK,Denmark,A,Annual,EXP_HEALTH,Expenditure,PT_B1GQ,Percentage of GDP,_T,Total,_Z,Not application,_T,Total,_T,Total,_T,Total,_Z,Not applicable,_Z,Not applicable,_Z,Not applicable,1998,,7.552,,,,,,,,,,,,0,Units,1,One
DATAFLOW,OECD.ELS.HD:DSD_SHA@DF_SHA(1.0),Health expenditure and financing,I,DNK,Denmark,A,Annual,EXP_HEALTH,Expenditure,PT_B1GQ,Percentage of GDP,_T,Total,_Z,Not application,_T,Total,_T,Total,_T,Total,_Z,Not applicable,_Z,Not applicable,_Z,Not applicable,1999,,8.342,,,,,,,,,,,,0,Units,1,One
DATAFLOW,OECD.ELS.HD:DSD_SHA@DF_SHA(1.0),Health expenditure and financing,I,DNK,Denmark,A,Annual,EXP_HEALTH,Expenditure,PT_B1GQ,Percentage of GDP,_T,Total,_Z,Not application,_T,Total,_T,Total,_T,Total,_Z,Not applicable,_Z,Not applicable,_Z,Not applicable,2000,,8.104,,,,,,,,,,,,0,Units,1,One
DATAFLOW,OECD.ELS.HD:DSD_SHA@DF_SHA(1.0),Health expenditure and financing,I,DNK,Denmark,A,Annual,EXP_HEALTH,Expenditure,PT_B1GQ,Percentage of GDP,_T,Total,_Z,Not application,_T,Total,_T,Total,_T,Total,_Z,Not applicable,_Z,Not applicable,_Z,Not applicable,2001,,8.448,,,,,,,,,,,,0,Units,1,One
DATAFLOW,OECD.ELS.HD:DSD_SHA@DF_SHA(1.0),Health expenditure and financing,I,DNK,Denmark,A,Annual,EXP_HEALTH,Expenditure,PT_B1GQ,Percentage of GDP,_T,Total,_Z,Not application,_T,Total,_T,Total,_T,Total,_Z,Not applicable,_Z,Not applicable,_Z,Not applicable,2002,,8.703,,,,,,,,,,,,0,Units,1,One
DATAFLOW,OECD.ELS.HD:DSD_SHA@DF_SHA(1.0),Health expenditure and financing,I,CAN,Canada,A,Annual,EXP_HEALTH,Expenditure,PT_B1GQ,Percentage of GDP,_T,Total,_Z,Not application,_T,Total,_T,Total,_T,Total,_Z,Not applicable,_Z,Not applicable,_Z,Not applicable,2023,,11.224,,,,,,P,Provisional value,,,,,0,Units,1,One
DATAFLOW,OECD.ELS.HD:DSD_SHA@DF_SHA(1.0),Health expenditure and financing,I,CAN,Canada,A,Annual,EXP_HEALTH,Expenditure,PT_B1GQ,Percentage of GDP,_T,Total,_Z,Not application,_T,Total,_T,Total,_T,Total,_Z,Not applicable,_Z,Not applicable,_Z,Not applicable,2020,,13.024,,,,,,D,Definition differs,,,,,0,Units,1,One
DATAFLOW,OECD.ELS.HD:DSD_SHA@DF_SHA(1.0),Health expenditure and financing,I,CAN,Canada,A,Annual,EXP_HEALTH,Expenditure,PT_B1GQ,Percentage of GDP,_T,Total,_Z,Not application,_T,Total,_T,Total,_T,Total,_Z,Not applicable,_Z,Not applicable,_Z,Not applicable,2021,,12.419,,,,,,D,Definition differs,,,,,0,Units,1,One
DATAFLOW,OECD.ELS.HD:DSD_SHA@DF_SHA(1.0),Health expenditure and financing,I,CAN,Canada,A,Annual,EXP_HEALTH,Expenditure,PT_B1GQ,Percentage of GDP,_T,Total,_Z,Not application,_T,Total,_T,Total,_T,Total,_Z,Not applicable,_Z,Not applicable,_Z,Not applicable,2022,,11.234,,,,,,D,Definition differs,P,Provisional value,,,0,Units,1,One
DATAFLOW,OECD.ELS.HD:DSD_SHA@DF_SHA(1.0),Health expenditure and financing,I,CAN,Canada,A,Annual,EXP_HEALTH,Expenditure,PT_B1GQ,Percentage of GDP,_T,Total,_Z,Not application,_T,Total,_T,Total,_T,Total,_Z,Not applicable,_Z,Not applicable,_Z,Not applicable,2010,,10.704,,,,,,,,,,,,0,Units,1,One
DATAFLOW,OECD.ELS.HD:DSD_SHA@DF_SHA(1.0),Health expenditure and financing,I,CAN,Canada,A,Annual,EXP_HEALTH,Expenditure,PT_B1GQ,Percentage of GDP,_T,Total,_Z,Not application,_T,Total,_T,Total,_T,Total,_Z,Not applicable,_Z,Not applicable,_Z,Not applicable,2011,,10.408,,,,,,,,,,,,0,Units,1,One
DATAFLOW,OECD.ELS.HD:DSD_SHA@DF_SHA(1.0),Health expenditure and financing,I,CAN,Canada,A,Annual,EXP_HEALTH,Expenditure,PT_B1GQ,Percentage of GDP,_T,Total,_Z,Not application,_T,Total,_T,Total,_T,Total,_Z,Not applicable,_Z,Not applicable,_Z,Not applicable,2012,,10.545,,,,,,,,,,,,0,Units,1,One
DATAFLOW,OECD.ELS.HD:DSD_SHA@DF_SHA(1.0),Health expenditure and financing,I,CAN,Canada,A,Annual,EXP_HEALTH,Expenditure,PT_B1GQ,Percentage of GDP,_T,Total,_Z,Not application,_T,Total,_T,Total,_T,Total,_Z,Not applicable,_Z,Not applicable,_Z,Not applicable,2013,,10.44,,,,,,,,,,,,0,Units,1,One
DATAFLOW,OECD.ELS.HD:DSD_SHA@DF_SHA(1.0),Health expenditure and financing,I,CAN,Canada,A,Annual,EXP_HEALTH,Expenditure,PT_B1GQ,Percentage of GDP,_T,Total,_Z,Not application,_T,Total,_T,Total,_T,Total,_Z,Not applicable,_Z,Not applicable,_Z,Not applicable,2014,,10.285,,,,,,,,,,,,0,Units,1,One
DATAFLOW,OECD.ELS.HD:DSD_SHA@DF_SHA(1.0),Health expenditure and financing,I,CAN,Canada,A,Annual,EXP_HEALTH,Expenditure,PT_B1GQ,Percentage of GDP,_T,Total,_Z,Not application,_T,Total,_T,Total,_T,Total,_Z,Not applicable,_Z,Not applicable,_Z,Not applicable,2015,,10.769,,,,,,,,,,,,0,Units,1,One
DATAFLOW,OECD.ELS.HD:DSD_SHA@DF_SHA(1.0),Health expenditure and financing,I,CAN,Canada,A,Annual,EXP_HEALTH,Expenditure,PT_B1GQ,Percentage of GDP,_T,Total,_Z,Not application,_T,Total,_T,Total,_T,Total,_Z,Not applicable,_Z,Not applicable,_Z,Not applicable,2016,,11.061,,,,,,,,,,,,0,Units,1,One
DATAFLOW,OECD.ELS.HD:DSD_SHA@DF_SHA(1.0),Health expenditure and financing,I,CAN,Canada,A,Annual,EXP_HEALTH,Expenditure,PT_B1GQ,Percentage of GDP,_T,Total,_Z,Not application,_T,Total,_T,Total,_T,Total,_Z,Not applicable,_Z,Not applicable,_Z,Not applicable,2017,,10.934,,,,,,,,,,,,0,Units,1,One
DATAFLOW,OECD.ELS.HD:DSD_SHA@DF_SHA(1.0),Health expenditure and financing,I,CAN,Canada,A,Annual,EXP_HEALTH,Expenditure,PT_B1GQ,Percentage of GDP,_T,Total,_Z,Not application,_T,Total,_T,Total,_T,Total,_Z,Not applicable,_Z,Not applicable,_Z,Not applicable,2018,,10.943,,,,,,,,,,,,0,Units,1,One
DATAFLOW,OECD.ELS.HD:DSD_SHA@DF_SHA(1.0),Health expenditure and financing,I,CAN,Canada,A,Annual,EXP_HEALTH,Expenditure,PT_B1GQ,Percentage of GDP,_T,Total,_Z,Not application,_T,Total,_T,Total,_T,Total,_Z,Not applicable,_Z,Not applicable,_Z,Not applicable,2019,,11.059,,,,,,,,,,,,0,Units,1,One
DATAFLOW,OECD.ELS.HD:DSD_SHA@DF_SHA(1.0),Health expenditure and financing,I,CAN,Canada,A,Annual,EXP_HEALTH,Expenditure,PT_B1GQ,Percentage of GDP,_T,Total,_Z,Not application,_T,Total,_T,Total,_T,Total,_Z,Not applicable,_Z,Not applicable,_Z,Not applicable,1992,,9.3,,,,,,,,,,,,0,Units,1,One
DATAFLOW,OECD.ELS.HD:DSD_SHA@DF_SHA(1.0),Health expenditure and financing,I,CAN,Canada,A,Annual,EXP_HEALTH,Expenditure,PT_B1GQ,Percentage of GDP,_T,Total,_Z,Not application,_T,Total,_T,Total,_T,Total,_Z,Not applicable,_Z,Not applicable,_Z,Not applicable,1993,,9.186,,,,,,,,,,,,0,Units,1,One
DATAFLOW,OECD.ELS.HD:DSD_SHA@DF_SHA(1.0),Health expenditure and financing,I,CAN,Canada,A,Annual,EXP_HEALTH,Expenditure,PT_B1GQ,Percentage of GDP,_T,Total,_Z,Not application,_T,Total,_T,Total,_T,Total,_Z,Not applicable,_Z,Not applicable,_Z,Not applicable,1994,,8.835,,,,,,,,,,,,0,Units,1,One
DATAFLOW,OECD.ELS.HD:DSD_SHA@DF_SHA(1.0),Health expenditure and financing,I,CAN,Canada,A,Annual,EXP_HEALTH,Expenditure,PT_B1GQ,Percentage of GDP,_T,Total,_Z,Not application,_T,Total,_T,Total,_T,Total,_Z,Not applicable,_Z,Not applicable,_Z,Not applicable,1995,,8.532,,,,,,,,,,,,0,Units,1,One
DATAFLOW,OECD.ELS.HD:DSD_SHA@DF_SHA(1.0),Health expenditure and financing,I,CAN,Canada,A,Annual,EXP_HEALTH,Expenditure,PT_B1GQ,Percentage of GDP,_T,Total,_Z,Not application,_T,Total,_T,Total,_T,Total,_Z,Not applicable,_Z,Not applicable,_Z,Not applicable,1996,,8.335,,,,,,,,,,,,0,Units,1,One
DATAFLOW,OECD.ELS.HD:DSD_SHA@DF_SHA(1.0),Health expenditure and financing,I,CAN,Canada,A,Annual,EXP_HEALTH,Expenditure,PT_B1GQ,Percentage of GDP,_T,Total,_Z,Not application,_T,Total,_T,Total,_T,Total,_Z,Not applicable,_Z,Not applicable,_Z,Not applicable,1997,,8.317,,,,,,,,,,,,0,Units,1,One
DATAFLOW,OECD.ELS.HD:DSD_SHA@DF_SHA(1.0),Health expenditure and financing,I,CAN,Canada,A,Annual,EXP_HEALTH,Expenditure,PT_B1GQ,Percentage of GDP,_T,Total,_Z,Not application,_T,Total,_T,Total,_T,Total,_Z,Not applicable,_Z,Not applicable,_Z,Not applicable,1998,,8.547,,,,,,,,,,,,0,Units,1,One
DATAFLOW,OECD.ELS.HD:DSD_SHA@DF_SHA(1.0),Health expenditure and financing,I,CAN,Canada,A,Annual,EXP_HEALTH,Expenditure,PT_B1GQ,Percentage of GDP,_T,Total,_Z,Not application,_T,Total,_T,Total,_T,Total,_Z,Not applicable,_Z,Not applicable,_Z,Not applicable,1999,,8.329,,,,,,,,,,,,0,Units,1,One
DATAFLOW,OECD.ELS.HD:DSD_SHA@DF_SHA(1.0),Health expenditure and financing,I,CAN,Canada,A,Annual,EXP_HEALTH,Expenditure,PT_B1GQ,Percentage of GDP,_T,Total,_Z,Not application,_T,Total,_T,Total,_T,Total,_Z,Not applicable,_Z,Not applicable,_Z,Not applicable,2000,,8.248,,,,,,,,,,,,0,Units,1,One
DATAFLOW,OECD.ELS.HD:DSD_SHA@DF_SHA(1.0),Health expenditure and financing,I,CAN,Canada,A,Annual,EXP_HEALTH,Expenditure,PT_B1GQ,Percentage of GDP,_T,Total,_Z,Not application,_T,Total,_T,Total,_T,Total,_Z,Not applicable,_Z,Not applicable,_Z,Not applicable,2001,,8.625,,,,,,,,,,,,0,Units,1,One
DATAFLOW,OECD.ELS.HD:DSD_SHA@DF_SHA(1.0),Health expenditure and financing,I,CAN,Canada,A,Annual,EXP_HEALTH,Expenditure,PT_B1GQ,Percentage of GDP,_T,Total,_Z,Not application,_T,Total,_T,Total,_T,Total,_Z,Not applicable,_Z,Not applicable,_Z,Not applicable,2002,,8.857,,,,,,,,,,,,0,Units,1,One
DATAFLOW,OECD.ELS.HD:DSD_SHA@DF_SHA(1.0),Health expenditure and financing,I,CAN,Canada,A,Annual,EXP_HEALTH,Expenditure,PT_B1GQ,Percentage of GDP,_T,Total,_Z,Not application,_T,Total,_T,Total,_T,Total,_Z,Not applicable,_Z,Not applicable,_Z,Not applicable,2003,,9.011,,,,,,,,,,,,0,Units,1,One
DATAFLOW,OECD.ELS.HD:DSD_SHA@DF_SHA(1.0),Health expenditure and financing,I,CAN,Canada,A,Annual,EXP_HEALTH,Expenditure,PT_B1GQ,Percentage of GDP,_T,Total,_Z,Not application,_T,Total,_T,Total,_T,Total,_Z,Not applicable,_Z,Not applicable,_Z,Not applicable,2004,,9.066,,,,,,,,,,,,0,Units,1,One
DATAFLOW,OECD.ELS.HD:DSD_SHA@DF_SHA(1.0),Health expenditure and financing,I,CAN,Canada,A,Annual,EXP_HEALTH,Expenditure,PT_B1GQ,Percentage of GDP,_T,Total,_Z,Not application,_T,Total,_T,Total,_T,Total,_Z,Not applicable,_Z,Not applicable,_Z,Not applicable,2005,,9.035,,,,,,,,,,,,0,Units,1,One
DATAFLOW,OECD.ELS.HD:DSD_SHA@DF_SHA(1.0),Health expenditure and financing,I,CAN,Canada,A,Annual,EXP_HEALTH,Expenditure,PT_B1GQ,Percentage of GDP,_T,Total,_Z,Not application,_T,Total,_T,Total,_T,Total,_Z,Not applicable,_Z,Not applicable,_Z,Not applicable,2006,,9.325,,,,,,,,,,,,0,Units,1,One
DATAFLOW,OECD.ELS.HD:DSD_SHA@DF_SHA(1.0),Health expenditure and financing,I,CAN,Canada,A,Annual,EXP_HEALTH,Expenditure,PT_B1GQ,Percentage of GDP,_T,Total,_Z,Not application,_T,Total,_T,Total,_T,Total,_Z,Not applicable,_Z,Not applicable,_Z,Not applicable,2007,,9.429,,,,,,,,,,,,0,Units,1,One
DATAFLOW,OECD.ELS.HD:DSD_SHA@DF_SHA(1.0),Health expenditure and financing,I,CAN,Canada,A,Annual,EXP_HEALTH,Expenditure,PT_B1GQ,Percentage of GDP,_T,Total,_Z,Not application,_T,Total,_T,Total,_T,Total,_Z,Not applicable,_Z,Not applicable,_Z,Not applicable,2008,,9.588,,,,,,,,,,,,0,Units,1,One
DATAFLOW,OECD.ELS.HD:DSD_SHA@DF_SHA(1.0),Health expenditure and financing,I,CAN,Canada,A,Annual,EXP_HEALTH,Expenditure,PT_B1GQ,Percentage of GDP,_T,Total,_Z,Not application,_T,Total,_T,Total,_T,Total,_Z,Not applicable,_Z,Not applicable,_Z,Not applicable,2009,,10.7,,,,,,,,,,,,0,Units,1,One
DATAFLOW,OECD.ELS.HD:DSD_SHA@DF_SHA(1.0),Health expenditure and financing,I,FIN,Finland,A,Annual,EXP_HEALTH,Expenditure,PT_B1GQ,Percentage of GDP,_T,Total,_Z,Not application,_T,Total,_T,Total,_T,Total,_Z,Not applicable,_Z,Not applicable,_Z,Not applicable,1993,,7.833,,,,,,B,Time series break,,,,,0,Units,1,One
DATAFLOW,OECD.ELS.HD:DSD_SHA@DF_SHA(1.0),Health expenditure and financing,I,FIN,Finland,A,Annual,EXP_HEALTH,Expenditure,PT_B1GQ,Percentage of GDP,_T,Total,_Z,Not application,_T,Total,_T,Total,_T,Total,_Z,Not applicable,_Z,Not applicable,_Z,Not applicable,2015,,9.645,,,,,,B,Time series break,,,,,0,Units,1,One
DATAFLOW,OECD.ELS.HD:DSD_SHA@DF_SHA(1.0),Health expenditure and financing,I,FIN,Finland,A,Annual,EXP_HEALTH,Expenditure,PT_B1GQ,Percentage of GDP,_T,Total,_Z,Not application,_T,Total,_T,Total,_T,Total,_Z,Not applicable,_Z,Not applicable,_Z,Not applicable,1998,,6.818,,,,,,,,,,,,0,Units,1,One
DATAFLOW,OECD.ELS.HD:DSD_SHA@DF_SHA(1.0),Health expenditure and financing,I,FIN,Finland,A,Annual,EXP_HEALTH,Expenditure,PT_B1GQ,Percentage of GDP,_T,Total,_Z,Not application,_T,Total,_T,Total,_T,Total,_Z,Not applicable,_Z,Not applicable,_Z,Not applicable,1997,,7.128,,,,,,,,,,,,0,Units,1,One
DATAFLOW,OECD.ELS.HD:DSD_SHA@DF_SHA(1.0),Health expenditure and financing,I,FIN,Finland,A,Annual,EXP_HEALTH,Expenditure,PT_B1GQ,Percentage of GDP,_T,Total,_Z,Not application,_T,Total,_T,Total,_T,Total,_Z,Not applicable,_Z,Not applicable,_Z,Not applicable,2013,,9.805,,,,,,,,,,,,0,Units,1,One
DATAFLOW,OECD.ELS.HD:DSD_SHA@DF_SHA(1.0),Health expenditure and financing,I,FIN,Finland,A,Annual,EXP_HEALTH,Expenditure,PT_B1GQ,Percentage of GDP,_T,Total,_Z,Not application,_T,Total,_T,Total,_T,Total,_Z,Not applicable,_Z,Not applicable,_Z,Not applicable,2014,,9.781,,,,,,,,,,,,0,Units,1,One
DATAFLOW,OECD.ELS.HD:DSD_SHA@DF_SHA(1.0),Health expenditure and financing,I,FIN,Finland,A,Annual,EXP_HEALTH,Expenditure,PT_B1GQ,Percentage of GDP,_T,Total,_Z,Not application,_T,Total,_T,Total,_T,Total,_Z,Not applicable,_Z,Not applicable,_Z,Not applicable,2016,,9.378,,,,,,,,,,,,0,Units,1,One
DATAFLOW,OECD.ELS.HD:DSD_SHA@DF_SHA(1.0),Health expenditure and financing,I,FIN,Finland,A,Annual,EXP_HEALTH,Expenditure,PT_B1GQ,Percentage of GDP,_T,Total,_Z,Not application,_T,Total,_T,Total,_T,Total,_Z,Not applicable,_Z,Not applicable,_Z,Not applicable,2017,,9.127,,,,,,,,,,,,0,Units,1,One
DATAFLOW,OECD.ELS.HD:DSD_SHA@DF_SHA(1.0),Health expenditure and financing,I,FIN,Finland,A,Annual,EXP_HEALTH,Expenditure,PT_B1GQ,Percentage of GDP,_T,Total,_Z,Not application,_T,Total,_T,Total,_T,Total,_Z,Not applicable,_Z,Not applicable,_Z,Not applicable,2018,,9.043,,,,,,,,,,,,0,Units,1,One
DATAFLOW,OECD.ELS.HD:DSD_SHA@DF_SHA(1.0),Health expenditure and financing,I,FIN,Finland,A,Annual,EXP_HEALTH,Expenditure,PT_B1GQ,Percentage of GDP,_T,Total,_Z,Not application,_T,Total,_T,Total,_T,Total,_Z,Not applicable,_Z,Not applicable,_Z,Not applicable,2019,,9.171,,,,,,,,,,,,0,Units,1,One
DATAFLOW,OECD.ELS.HD:DSD_SHA@DF_SHA(1.0),Health expenditure and financing,I,FIN,Finland,A,Annual,EXP_HEALTH,Expenditure,PT_B1GQ,Percentage of GDP,_T,Total,_Z,Not application,_T,Total,_T,Total,_T,Total,_Z,Not applicable,_Z,Not applicable,_Z,Not applicable,2020,,9.632,,,,,,,,,,,,0,Units,1,One
DATAFLOW,OECD.ELS.HD:DSD_SHA@DF_SHA(1.0),Health expenditure and financing,I,FIN,Finland,A,Annual,EXP_HEALTH,Expenditure,PT_B1GQ,Percentage of GDP,_T,Total,_Z,Not application,_T,Total,_T,Total,_T,Total,_Z,Not applicable,_Z,Not applicable,_Z,Not applicable,2021,,9.835,,,,,,,,,,,,0,Units,1,One
DATAFLOW,OECD.ELS.HD:DSD_SHA@DF_SHA(1.0),Health expenditure and financing,I,FIN,Finland,A,Annual,EXP_HEALTH,Expenditure,PT_B1GQ,Percentage of GDP,_T,Total,_Z,Not application,_T,Total,_T,Total,_T,Total,_Z,Not applicable,_Z,Not applicable,_Z,Not applicable,2022,,9.685,,,,,,,,,,,,0,Units,1,One
DATAFLOW,OECD.ELS.HD:DSD_SHA@DF_SHA(1.0),Health expenditure and financing,I,FIN,Finland,A,Annual,EXP_HEALTH,Expenditure,PT_B1GQ,Percentage of GDP,_T,Total,_Z,Not application,_T,Total,_T,Total,_T,Total,_Z,Not applicable,_Z,Not applicable,_Z,Not applicable,2023,,10.109,,,,,,E,Estimated value,,,,,0,Units,1,One
DATAFLOW,OECD.ELS.HD:DSD_SHA@DF_SHA(1.0),Health expenditure and financing,I,FIN,Finland,A,Annual,EXP_HEALTH,Expenditure,PT_B1GQ,Percentage of GDP,_T,Total,_Z,Not application,_T,Total,_T,Total,_T,Total,_Z,Not applicable,_Z,Not applicable,_Z,Not applicable,1992,,8.521,,,,,,,,,,,,0,Units,1,One
DATAFLOW,OECD.ELS.HD:DSD_SHA@DF_SHA(1.0),Health expenditure and financing,I,FIN,Finland,A,Annual,EXP_HEALTH,Expenditure,PT_B1GQ,Percentage of GDP,_T,Total,_Z,Not application,_T,Total,_T,Total,_T,Total,_Z,Not applicable,_Z,Not applicable,_Z,Not applicable,1994,,7.285,,,,,,,,,,,,0,Units,1,One
DATAFLOW,OECD.ELS.HD:DSD_SHA@DF_SHA(1.0),Health expenditure and financing,I,FIN,Finland,A,Annual,EXP_HEALTH,Expenditure,PT_B1GQ,Percentage of GDP,_T,Total,_Z,Not application,_T,Total,_T,Total,_T,Total,_Z,Not applicable,_Z,Not applicable,_Z,Not applicable,1995,,7.355,,,,,,,,,,,,0,Units,1,One
DATAFLOW,OECD.ELS.HD:DSD_SHA@DF_SHA(1.0),Health expenditure and financing,I,FIN,Finland,A,Annual,EXP_HEALTH,Expenditure,PT_B1GQ,Percentage of GDP,_T,Total,_Z,Not application,_T,Total,_T,Total,_T,Total,_Z,Not applicable,_Z,Not applicable,_Z,Not applicable,1996,,7.474,,,,,,,,,,,,0,Units,1,One
DATAFLOW,OECD.ELS.HD:DSD_SHA@DF_SHA(1.0),Health expenditure and financing,I,FIN,Finland,A,Annual,EXP_HEALTH,Expenditure,PT_B1GQ,Percentage of GDP,_T,Total,_Z,Not application,_T,Total,_T,Total,_T,Total,_Z,Not applicable,_Z,Not applicable,_Z,Not applicable,1999,,6.798,,,,,,,,,,,,0,Units,1,One
DATAFLOW,OECD.ELS.HD:DSD_SHA@DF_SHA(1.0),Health expenditure and financing,I,FIN,Finland,A,Annual,EXP_HEALTH,Expenditure,PT_B1GQ,Percentage of GDP,_T,Total,_Z,Not application,_T,Total,_T,Total,_T,Total,_Z,Not applicable,_Z,Not applicable,_Z,Not applicable,2000,,7.093,,,,,,,,,,,,0,Units,1,One
DATAFLOW,OECD.ELS.HD:DSD_SHA@DF_SHA(1.0),Health expenditure and financing,I,FIN,Finland,A,Annual,EXP_HEALTH,Expenditure,PT_B1GQ,Percentage of GDP,_T,Total,_Z,Not application,_T,Total,_T,Total,_T,Total,_Z,Not applicable,_Z,Not applicable,_Z,Not applicable,2001,,7.251,,,,,,,,,,,,0,Units,1,One
DATAFLOW,OECD.ELS.HD:DSD_SHA@DF_SHA(1.0),Health expenditure and financing,I,FIN,Finland,A,Annual,EXP_HEALTH,Expenditure,PT_B1GQ,Percentage of GDP,_T,Total,_Z,Not application,_T,Total,_T,Total,_T,Total,_Z,Not applicable,_Z,Not applicable,_Z,Not applicable,2002,,7.628,,,,,,,,,,,,0,Units,1,One
DATAFLOW,OECD.ELS.HD:DSD_SHA@DF_SHA(1.0),Health expenditure and financing,I,FIN,Finland,A,Annual,EXP_HEALTH,Expenditure,PT_B1GQ,Percentage of GDP,_T,Total,_Z,Not application,_T,Total,_T,Total,_T,Total,_Z,Not applicable,_Z,Not applicable,_Z,Not applicable,2003,,7.938,,,,,,,,,,,,0,Units,1,One
DATAFLOW,OECD.ELS.HD:DSD_SHA@DF_SHA(1.0),Health expenditure and financing,I,FIN,Finland,A,Annual,EXP_HEALTH,Expenditure,PT_B1GQ,Percentage of GDP,_T,Total,_Z,Not application,_T,Total,_T,Total,_T,Total,_Z,Not applicable,_Z,Not applicable,_Z,Not applicable,2004,,8.059,,,,,,,,,,,,0,Units,1,One
DATAFLOW,OECD.ELS.HD:DSD_SHA@DF_SHA(1.0),Health expenditure and financing,I,FIN,Finland,A,Annual,EXP_HEALTH,Expenditure,PT_B1GQ,Percentage of GDP,_T,Total,_Z,Not application,_T,Total,_T,Total,_T,Total,_Z,Not applicable,_Z,Not applicable,_Z,Not applicable,2005,,8.288,,,,,,,,,,,,0,Units,1,One
DATAFLOW,OECD.ELS.HD:DSD_SHA@DF_SHA(1.0),Health expenditure and financing,I,FIN,Finland,A,Annual,EXP_HEALTH,Expenditure,PT_B1GQ,Percentage of GDP,_T,Total,_Z,Not application,_T,Total,_T,Total,_T,Total,_Z,Not applicable,_Z,Not applicable,_Z,Not applicable,2006,,8.284,,,,,,,,,,,,0,Units,1,One
DATAFLOW,OECD.ELS.HD:DSD_SHA@DF_SHA(1.0),Health expenditure and financing,I,FIN,Finland,A,Annual,EXP_HEALTH,Expenditure,PT_B1GQ,Percentage of GDP,_T,Total,_Z,Not application,_T,Total,_T,Total,_T,Total,_Z,Not applicable,_Z,Not applicable,_Z,Not applicable,2007,,8.084,,,,,,,,,,,,0,Units,1,One
DATAFLOW,OECD.ELS.HD:DSD_SHA@DF_SHA(1.0),Health expenditure and financing,I,FIN,Finland,A,Annual,EXP_HEALTH,Expenditure,PT_B1GQ,Percentage of GDP,_T,Total,_Z,Not application,_T,Total,_T,Total,_T,Total,_Z,Not applicable,_Z,Not applicable,_Z,Not applicable,2008,,8.343,,,,,,,,,,,,0,Units,1,One
DATAFLOW,OECD.ELS.HD:DSD_SHA@DF_SHA(1.0),Health expenditure and financing,I,FIN,Finland,A,Annual,EXP_HEALTH,Expenditure,PT_B1GQ,Percentage of GDP,_T,Total,_Z,Not application,_T,Total,_T,Total,_T,Total,_Z,Not applicable,_Z,Not applicable,_Z,Not applicable,2009,,9.161,,,,,,,,,,,,0,Units,1,One
DATAFLOW,OECD.ELS.HD:DSD_SHA@DF_SHA(1.0),Health expenditure and financing,I,FIN,Finland,A,Annual,EXP_HEALTH,Expenditure,PT_B1GQ,Percentage of GDP,_T,Total,_Z,Not application,_T,Total,_T,Total,_T,Total,_Z,Not applicable,_Z,Not applicable,_Z,Not applicable,2010,,9.142,,,,,,,,,,,,0,Units,1,One
DATAFLOW,OECD.ELS.HD:DSD_SHA@DF_SHA(1.0),Health expenditure and financing,I,FIN,Finland,A,Annual,EXP_HEALTH,Expenditure,PT_B1GQ,Percentage of GDP,_T,Total,_Z,Not application,_T,Total,_T,Total,_T,Total,_Z,Not applicable,_Z,Not applicable,_Z,Not applicable,2011,,9.223,,,,,,,,,,,,0,Units,1,One
DATAFLOW,OECD.ELS.HD:DSD_SHA@DF_SHA(1.0),Health expenditure and financing,I,FIN,Finland,A,Annual,EXP_HEALTH,Expenditure,PT_B1GQ,Percentage of GDP,_T,Total,_Z,Not application,_T,Total,_T,Total,_T,Total,_Z,Not applicable,_Z,Not applicable,_Z,Not applicable,2012,,9.586,,,,,,,,,,,,0,Units,1,One
DATAFLOW,OECD.ELS.HD:DSD_SHA@DF_SHA(1.0),Health expenditure and financing,I,IRL,Ireland,A,Annual,EXP_HEALTH,Expenditure,PT_B1GQ,Percentage of GDP,_T,Total,_Z,Not application,_T,Total,_T,Total,_T,Total,_Z,Not applicable,_Z,Not applicable,_Z,Not applicable,2011,,10.599,,,,,,B,Time series break,,,,,0,Units,1,One
DATAFLOW,OECD.ELS.HD:DSD_SHA@DF_SHA(1.0),Health expenditure and financing,I,DEU,Germany,A,Annual,EXP_HEALTH,Expenditure,PT_B1GQ,Percentage of GDP,_T,Total,_Z,Not application,_T,Total,_T,Total,_T,Total,_Z,Not applicable,_Z,Not applicable,_Z,Not applicable,2016,,11.242,,,,,,,,,,,,0,Units,1,One
DATAFLOW,OECD.ELS.HD:DSD_SHA@DF_SHA(1.0),Health expenditure and financing,I,DEU,Germany,A,Annual,EXP_HEALTH,Expenditure,PT_B1GQ,Percentage of GDP,_T,Total,_Z,Not application,_T,Total,_T,Total,_T,Total,_Z,Not applicable,_Z,Not applicable,_Z,Not applicable,2017,,11.326,,,,,,,,,,,,0,Units,1,One
DATAFLOW,OECD.ELS.HD:DSD_SHA@DF_SHA(1.0),Health expenditure and financing,I,IRL,Ireland,A,Annual,EXP_HEALTH,Expenditure,PT_B1GQ,Percentage of GDP,_T,Total,_Z,Not application,_T,Total,_T,Total,_T,Total,_Z,Not applicable,_Z,Not applicable,_Z,Not applicable,2023,,6.565,,,,,,P,Provisional value,,,,,0,Units,1,One
DATAFLOW,OECD.ELS.HD:DSD_SHA@DF_SHA(1.0),Health expenditure and financing,I,IRL,Ireland,A,Annual,EXP_HEALTH,Expenditure,PT_B1GQ,Percentage of GDP,_T,Total,_Z,Not application,_T,Total,_T,Total,_T,Total,_Z,Not applicable,_Z,Not applicable,_Z,Not applicable,1993,,6.377,,,,,,,,,,,,0,Units,1,One
DATAFLOW,OECD.ELS.HD:DSD_SHA@DF_SHA(1.0),Health expenditure and financing,I,IRL,Ireland,A,Annual,EXP_HEALTH,Expenditure,PT_B1GQ,Percentage of GDP,_T,Total,_Z,Not application,_T,Total,_T,Total,_T,Total,_Z,Not applicable,_Z,Not applicable,_Z,Not applicable,1994,,6.275,,,,,,,,,,,,0,Units,1,One
DATAFLOW,OECD.ELS.HD:DSD_SHA@DF_SHA(1.0),Health expenditure and financing,I,IRL,Ireland,A,Annual,EXP_HEALTH,Expenditure,PT_B1GQ,Percentage of GDP,_T,Total,_Z,Not application,_T,Total,_T,Total,_T,Total,_Z,Not applicable,_Z,Not applicable,_Z,Not applicable,1995,,6.107,,,,,,,,,,,,0,Units,1,One
DATAFLOW,OECD.ELS.HD:DSD_SHA@DF_SHA(1.0),Health expenditure and financing,I,IRL,Ireland,A,Annual,EXP_HEALTH,Expenditure,PT_B1GQ,Percentage of GDP,_T,Total,_Z,Not application,_T,Total,_T,Total,_T,Total,_Z,Not applicable,_Z,Not applicable,_Z,Not applicable,1996,,5.932,,,,,,,,,,,,0,Units,1,One
DATAFLOW,OECD.ELS.HD:DSD_SHA@DF_SHA(1.0),Health expenditure and financing,I,IRL,Ireland,A,Annual,EXP_HEALTH,Expenditure,PT_B1GQ,Percentage of GDP,_T,Total,_Z,Not application,_T,Total,_T,Total,_T,Total,_Z,Not applicable,_Z,Not applicable,_Z,Not applicable,1997,,5.843,,,,,,,,,,,,0,Units,1,One
DATAFLOW,OECD.ELS.HD:DSD_SHA@DF_SHA(1.0),Health expenditure and financing,I,IRL,Ireland,A,Annual,EXP_HEALTH,Expenditure,PT_B1GQ,Percentage of GDP,_T,Total,_Z,Not application,_T,Total,_T,Total,_T,Total,_Z,Not applicable,_Z,Not applicable,_Z,Not applicable,1998,,5.63,,,,,,,,,,,,0,Units,1,One
DATAFLOW,OECD.ELS.HD:DSD_SHA@DF_SHA(1.0),Health expenditure and financing,I,IRL,Ireland,A,Annual,EXP_HEALTH,Expenditure,PT_B1GQ,Percentage of GDP,_T,Total,_Z,Not application,_T,Total,_T,Total,_T,Total,_Z,Not applicable,_Z,Not applicable,_Z,Not applicable,1999,,5.581,,,,,,,,,,,,0,Units,1,One
DATAFLOW,OECD.ELS.HD:DSD_SHA@DF_SHA(1.0),Health expenditure and financing,I,IRL,Ireland,A,Annual,EXP_HEALTH,Expenditure,PT_B1GQ,Percentage of GDP,_T,Total,_Z,Not application,_T,Total,_T,Total,_T,Total,_Z,Not applicable,_Z,Not applicable,_Z,Not applicable,2000,,5.899,,,,,,,,,,,,0,Units,1,One
DATAFLOW,OECD.ELS.HD:DSD_SHA@DF_SHA(1.0),Health expenditure and financing,I,IRL,Ireland,A,Annual,EXP_HEALTH,Expenditure,PT_B1GQ,Percentage of GDP,_T,Total,_Z,Not application,_T,Total,_T,Total,_T,Total,_Z,Not applicable,_Z,Not applicable,_Z,Not applicable,2001,,6.392,,,,,,,,,,,,0,Units,1,One
DATAFLOW,OECD.ELS.HD:DSD_SHA@DF_SHA(1.0),Health expenditure and financing,I,IRL,Ireland,A,Annual,EXP_HEALTH,Expenditure,PT_B1GQ,Percentage of GDP,_T,Total,_Z,Not application,_T,Total,_T,Total,_T,Total,_Z,Not applicable,_Z,Not applicable,_Z,Not applicable,2002,,6.673,,,,,,,,,,,,0,Units,1,One
DATAFLOW,OECD.ELS.HD:DSD_SHA@DF_SHA(1.0),Health expenditure and financing,I,IRL,Ireland,A,Annual,EXP_HEALTH,Expenditure,PT_B1GQ,Percentage of GDP,_T,Total,_Z,Not application,_T,Total,_T,Total,_T,Total,_Z,Not applicable,_Z,Not applicable,_Z,Not applicable,2015,,7.321,,,,,,,,,,,,0,Units,1,One
DATAFLOW,OECD.ELS.HD:DSD_SHA@DF_SHA(1.0),Health expenditure and financing,I,IRL,Ireland,A,Annual,EXP_HEALTH,Expenditure,PT_B1GQ,Percentage of GDP,_T,Total,_Z,Not application,_T,Total,_T,Total,_T,Total,_Z,Not applicable,_Z,Not applicable,_Z,Not applicable,2016,,7.482,,,,,,,,,,,,0,Units,1,One
DATAFLOW,OECD.ELS.HD:DSD_SHA@DF_SHA(1.0),Health expenditure and financing,I,IRL,Ireland,A,Annual,EXP_HEALTH,Expenditure,PT_B1GQ,Percentage of GDP,_T,Total,_Z,Not application,_T,Total,_T,Total,_T,Total,_Z,Not applicable,_Z,Not applicable,_Z,Not applicable,2017,,7.107,,,,,,,,,,,,0,Units,1,One
DATAFLOW,OECD.ELS.HD:DSD_SHA@DF_SHA(1.0),Health expenditure and financing,I,IRL,Ireland,A,Annual,EXP_HEALTH,Expenditure,PT_B1GQ,Percentage of GDP,_T,Total,_Z,Not application,_T,Total,_T,Total,_T,Total,_Z,Not applicable,_Z,Not applicable,_Z,Not applicable,2018,,6.859,,,,,,,,,,,,0,Units,1,One
DATAFLOW,OECD.ELS.HD:DSD_SHA@DF_SHA(1.0),Health expenditure and financing,I,IRL,Ireland,A,Annual,EXP_HEALTH,Expenditure,PT_B1GQ,Percentage of GDP,_T,Total,_Z,Not application,_T,Total,_T,Total,_T,Total,_Z,Not applicable,_Z,Not applicable,_Z,Not applicable,2019,,6.716,,,,,,,,,,,,0,Units,1,One
DATAFLOW,OECD.ELS.HD:DSD_SHA@DF_SHA(1.0),Health expenditure and financing,I,IRL,Ireland,A,Annual,EXP_HEALTH,Expenditure,PT_B1GQ,Percentage of GDP,_T,Total,_Z,Not application,_T,Total,_T,Total,_T,Total,_Z,Not applicable,_Z,Not applicable,_Z,Not applicable,2020,,7.063,,,,,,,,,,,,0,Units,1,One
DATAFLOW,OECD.ELS.HD:DSD_SHA@DF_SHA(1.0),Health expenditure and financing,I,IRL,Ireland,A,Annual,EXP_HEALTH,Expenditure,PT_B1GQ,Percentage of GDP,_T,Total,_Z,Not application,_T,Total,_T,Total,_T,Total,_Z,Not applicable,_Z,Not applicable,_Z,Not applicable,2021,,6.596,,,,,,,,,,,,0,Units,1,One
DATAFLOW,OECD.ELS.HD:DSD_SHA@DF_SHA(1.0),Health expenditure and financing,I,IRL,Ireland,A,Annual,EXP_HEALTH,Expenditure,PT_B1GQ,Percentage of GDP,_T,Total,_Z,Not application,_T,Total,_T,Total,_T,Total,_Z,Not applicable,_Z,Not applicable,_Z,Not applicable,2022,,6.12,,,,,,,,,,,,0,Units,1,One
DATAFLOW,OECD.ELS.HD:DSD_SHA@DF_SHA(1.0),Health expenditure and financing,I,IRL,Ireland,A,Annual,EXP_HEALTH,Expenditure,PT_B1GQ,Percentage of GDP,_T,Total,_Z,Not application,_T,Total,_T,Total,_T,Total,_Z,Not applicable,_Z,Not applicable,_Z,Not applicable,2003,,7.008,,,,,,,,,,,,0,Units,1,One
DATAFLOW,OECD.ELS.HD:DSD_SHA@DF_SHA(1.0),Health expenditure and financing,I,IRL,Ireland,A,Annual,EXP_HEALTH,Expenditure,PT_B1GQ,Percentage of GDP,_T,Total,_Z,Not application,_T,Total,_T,Total,_T,Total,_Z,Not applicable,_Z,Not applicable,_Z,Not applicable,2004,,7.22,,,,,,,,,,,,0,Units,1,One
DATAFLOW,OECD.ELS.HD:DSD_SHA@DF_SHA(1.0),Health expenditure and financing,I,IRL,Ireland,A,Annual,EXP_HEALTH,Expenditure,PT_B1GQ,Percentage of GDP,_T,Total,_Z,Not application,_T,Total,_T,Total,_T,Total,_Z,Not applicable,_Z,Not applicable,_Z,Not applicable,2005,,7.642,,,,,,,,,,,,0,Units,1,One
DATAFLOW,OECD.ELS.HD:DSD_SHA@DF_SHA(1.0),Health expenditure and financing,I,IRL,Ireland,A,Annual,EXP_HEALTH,Expenditure,PT_B1GQ,Percentage of GDP,_T,Total,_Z,Not application,_T,Total,_T,Total,_T,Total,_Z,Not applicable,_Z,Not applicable,_Z,Not applicable,2006,,7.516,,,,,,,,,,,,0,Units,1,One
DATAFLOW,OECD.ELS.HD:DSD_SHA@DF_SHA(1.0),Health expenditure and financing,I,IRL,Ireland,A,Annual,EXP_HEALTH,Expenditure,PT_B1GQ,Percentage of GDP,_T,Total,_Z,Not application,_T,Total,_T,Total,_T,Total,_Z,Not applicable,_Z,Not applicable,_Z,Not applicable,2007,,7.808,,,,,,,,,,,,0,Units,1,One
DATAFLOW,OECD.ELS.HD:DSD_SHA@DF_SHA(1.0),Health expenditure and financing,I,BEL,Belgium,A,Annual,EXP_HEALTH,Expenditure,PT_B1GQ,Percentage of GDP,_T,Total,_Z,Not application,_T,Total,_T,Total,_T,Total,_Z,Not applicable,_Z,Not applicable,_Z,Not applicable,2010,,10.2,,,,,,,,,,,,0,Units,1,One
DATAFLOW,OECD.ELS.HD:DSD_SHA@DF_SHA(1.0),Health expenditure and financing,I,BEL,Belgium,A,Annual,EXP_HEALTH,Expenditure,PT_B1GQ,Percentage of GDP,_T,Total,_Z,Not application,_T,Total,_T,Total,_T,Total,_Z,Not applicable,_Z,Not applicable,_Z,Not applicable,2011,,10.361,,,,,,,,,,,,0,Units,1,One
DATAFLOW,OECD.ELS.HD:DSD_SHA@DF_SHA(1.0),Health expenditure and financing,I,BEL,Belgium,A,Annual,EXP_HEALTH,Expenditure,PT_B1GQ,Percentage of GDP,_T,Total,_Z,Not application,_T,Total,_T,Total,_T,Total,_Z,Not applicable,_Z,Not applicable,_Z,Not applicable,2012,,10.503,,,,,,,,,,,,0,Units,1,One
DATAFLOW,OECD.ELS.HD:DSD_SHA@DF_SHA(1.0),Health expenditure and financing,I,BEL,Belgium,A,Annual,EXP_HEALTH,Expenditure,PT_B1GQ,Percentage of GDP,_T,Total,_Z,Not application,_T,Total,_T,Total,_T,Total,_Z,Not applicable,_Z,Not applicable,_Z,Not applicable,2013,,10.575,,,,,,,,,,,,0,Units,1,One
DATAFLOW,OECD.ELS.HD:DSD_SHA@DF_SHA(1.0),Health expenditure and financing,I,BEL,Belgium,A,Annual,EXP_HEALTH,Expenditure,PT_B1GQ,Percentage of GDP,_T,Total,_Z,Not application,_T,Total,_T,Total,_T,Total,_Z,Not applicable,_Z,Not applicable,_Z,Not applicable,2014,,10.608,,,,,,,,,,,,0,Units,1,One
DATAFLOW,OECD.ELS.HD:DSD_SHA@DF_SHA(1.0),Health expenditure and financing,I,ISL,Iceland,A,Annual,EXP_HEALTH,Expenditure,PT_B1GQ,Percentage of GDP,_T,Total,_Z,Not application,_T,Total,_T,Total,_T,Total,_Z,Not applicable,_Z,Not applicable,_Z,Not applicable,1995,,7.861,,,,,,,,,,,,0,Units,1,One
DATAFLOW,OECD.ELS.HD:DSD_SHA@DF_SHA(1.0),Health expenditure and financing,I,ISL,Iceland,A,Annual,EXP_HEALTH,Expenditure,PT_B1GQ,Percentage of GDP,_T,Total,_Z,Not application,_T,Total,_T,Total,_T,Total,_Z,Not applicable,_Z,Not applicable,_Z,Not applicable,2023,,8.992,,,,,,P,Provisional value,,,,,0,Units,1,One
DATAFLOW,OECD.ELS.HD:DSD_SHA@DF_SHA(1.0),Health expenditure and financing,I,ISL,Iceland,A,Annual,EXP_HEALTH,Expenditure,PT_B1GQ,Percentage of GDP,_T,Total,_Z,Not application,_T,Total,_T,Total,_T,Total,_Z,Not applicable,_Z,Not applicable,_Z,Not applicable,2000,,8.899,,,,,,B,Time series break,,,,,0,Units,1,One
DATAFLOW,OECD.ELS.HD:DSD_SHA@DF_SHA(1.0),Health expenditure and financing,I,ISL,Iceland,A,Annual,EXP_HEALTH,Expenditure,PT_B1GQ,Percentage of GDP,_T,Total,_Z,Not application,_T,Total,_T,Total,_T,Total,_Z,Not applicable,_Z,Not applicable,_Z,Not applicable,2003,,9.729,,,,,,B,Time series break,,,,,0,Units,1,One
DATAFLOW,OECD.ELS.HD:DSD_SHA@DF_SHA(1.0),Health expenditure and financing,I,ISL,Iceland,A,Annual,EXP_HEALTH,Expenditure,PT_B1GQ,Percentage of GDP,_T,Total,_Z,Not application,_T,Total,_T,Total,_T,Total,_Z,Not applicable,_Z,Not applicable,_Z,Not applicable,2014,,8.29,,,,,,,,,,,,0,Units,1,One
DATAFLOW,OECD.ELS.HD:DSD_SHA@DF_SHA(1.0),Health expenditure and financing,I,ISL,Iceland,A,Annual,EXP_HEALTH,Expenditure,PT_B1GQ,Percentage of GDP,_T,Total,_Z,Not application,_T,Total,_T,Total,_T,Total,_Z,Not applicable,_Z,Not applicable,_Z,Not applicable,2015,,8.131,,,,,,,,,,,,0,Units,1,One
DATAFLOW,OECD.ELS.HD:DSD_SHA@DF_SHA(1.0),Health expenditure and financing,I,ISL,Iceland,A,Annual,EXP_HEALTH,Expenditure,PT_B1GQ,Percentage of GDP,_T,Total,_Z,Not application,_T,Total,_T,Total,_T,Total,_Z,Not applicable,_Z,Not applicable,_Z,Not applicable,2016,,8.156,,,,,,,,,,,,0,Units,1,One
DATAFLOW,OECD.ELS.HD:DSD_SHA@DF_SHA(1.0),Health expenditure and financing,I,ISL,Iceland,A,Annual,EXP_HEALTH,Expenditure,PT_B1GQ,Percentage of GDP,_T,Total,_Z,Not application,_T,Total,_T,Total,_T,Total,_Z,Not applicable,_Z,Not applicable,_Z,Not applicable,2017,,8.324,,,,,,,,,,,,0,Units,1,One
DATAFLOW,OECD.ELS.HD:DSD_SHA@DF_SHA(1.0),Health expenditure and financing,I,ISL,Iceland,A,Annual,EXP_HEALTH,Expenditure,PT_B1GQ,Percentage of GDP,_T,Total,_Z,Not application,_T,Total,_T,Total,_T,Total,_Z,Not applicable,_Z,Not applicable,_Z,Not applicable,2018,,8.438,,,,,,,,,,,,0,Units,1,One
DATAFLOW,OECD.ELS.HD:DSD_SHA@DF_SHA(1.0),Health expenditure and financing,I,ISL,Iceland,A,Annual,EXP_HEALTH,Expenditure,PT_B1GQ,Percentage of GDP,_T,Total,_Z,Not application,_T,Total,_T,Total,_T,Total,_Z,Not applicable,_Z,Not applicable,_Z,Not applicable,2019,,8.64,,,,,,,,,,,,0,Units,1,One
DATAFLOW,OECD.ELS.HD:DSD_SHA@DF_SHA(1.0),Health expenditure and financing,I,ISL,Iceland,A,Annual,EXP_HEALTH,Expenditure,PT_B1GQ,Percentage of GDP,_T,Total,_Z,Not application,_T,Total,_T,Total,_T,Total,_Z,Not applicable,_Z,Not applicable,_Z,Not applicable,2020,,9.649,,,,,,,,,,,,0,Units,1,One
DATAFLOW,OECD.ELS.HD:DSD_SHA@DF_SHA(1.0),Health expenditure and financing,I,ISL,Iceland,A,Annual,EXP_HEALTH,Expenditure,PT_B1GQ,Percentage of GDP,_T,Total,_Z,Not application,_T,Total,_T,Total,_T,Total,_Z,Not applicable,_Z,Not applicable,_Z,Not applicable,2021,,9.71,,,,,,,,,,,,0,Units,1,One
DATAFLOW,OECD.ELS.HD:DSD_SHA@DF_SHA(1.0),Health expenditure and financing,I,ISL,Iceland,A,Annual,EXP_HEALTH,Expenditure,PT_B1GQ,Percentage of GDP,_T,Total,_Z,Not application,_T,Total,_T,Total,_T,Total,_Z,Not applicable,_Z,Not applicable,_Z,Not applicable,2022,,9.08,,,,,,,,,,,,0,Units,1,One
DATAFLOW,OECD.ELS.HD:DSD_SHA@DF_SHA(1.0),Health expenditure and financing,I,ISL,Iceland,A,Annual,EXP_HEALTH,Expenditure,PT_B1GQ,Percentage of GDP,_T,Total,_Z,Not application,_T,Total,_T,Total,_T,Total,_Z,Not applicable,_Z,Not applicable,_Z,Not applicable,1994,,7.737,,,,,,,,,,,,0,Units,1,One
DATAFLOW,OECD.ELS.HD:DSD_SHA@DF_SHA(1.0),Health expenditure and financing,I,ISL,Iceland,A,Annual,EXP_HEALTH,Expenditure,PT_B1GQ,Percentage of GDP,_T,Total,_Z,Not application,_T,Total,_T,Total,_T,Total,_Z,Not applicable,_Z,Not applicable,_Z,Not applicable,1992,,7.823,,,,,,,,,,,,0,Units,1,One
DATAFLOW,OECD.ELS.HD:DSD_SHA@DF_SHA(1.0),Health expenditure and financing,I,ISL,Iceland,A,Annual,EXP_HEALTH,Expenditure,PT_B1GQ,Percentage of GDP,_T,Total,_Z,Not application,_T,Total,_T,Total,_T,Total,_Z,Not applicable,_Z,Not applicable,_Z,Not applicable,1993,,7.912,,,,,,,,,,,,0,Units,1,One
DATAFLOW,OECD.ELS.HD:DSD_SHA@DF_SHA(1.0),Health expenditure and financing,I,ISL,Iceland,A,Annual,EXP_HEALTH,Expenditure,PT_B1GQ,Percentage of GDP,_T,Total,_Z,Not application,_T,Total,_T,Total,_T,Total,_Z,Not applicable,_Z,Not applicable,_Z,Not applicable,1996,,7.912,,,,,,,,,,,,0,Units,1,One
DATAFLOW,OECD.ELS.HD:DSD_SHA@DF_SHA(1.0),Health expenditure and financing,I,ISL,Iceland,A,Annual,EXP_HEALTH,Expenditure,PT_B1GQ,Percentage of GDP,_T,Total,_Z,Not application,_T,Total,_T,Total,_T,Total,_Z,Not applicable,_Z,Not applicable,_Z,Not applicable,1997,,7.765,,,,,,,,,,,,0,Units,1,One
DATAFLOW,OECD.ELS.HD:DSD_SHA@DF_SHA(1.0),Health expenditure and financing,I,ISL,Iceland,A,Annual,EXP_HEALTH,Expenditure,PT_B1GQ,Percentage of GDP,_T,Total,_Z,Not application,_T,Total,_T,Total,_T,Total,_Z,Not applicable,_Z,Not applicable,_Z,Not applicable,1998,,8.463,,,,,,,,,,,,0,Units,1,One
DATAFLOW,OECD.ELS.HD:DSD_SHA@DF_SHA(1.0),Health expenditure and financing,I,ISL,Iceland,A,Annual,EXP_HEALTH,Expenditure,PT_B1GQ,Percentage of GDP,_T,Total,_Z,Not application,_T,Total,_T,Total,_T,Total,_Z,Not applicable,_Z,Not applicable,_Z,Not applicable,1999,,8.849,,,,,,,,,,,,0,Units,1,One
DATAFLOW,OECD.ELS.HD:DSD_SHA@DF_SHA(1.0),Health expenditure and financing,I,ISL,Iceland,A,Annual,EXP_HEALTH,Expenditure,PT_B1GQ,Percentage of GDP,_T,Total,_Z,Not application,_T,Total,_T,Total,_T,Total,_Z,Not applicable,_Z,Not applicable,_Z,Not applicable,2001,,8.753,,,,,,,,,,,,0,Units,1,One
DATAFLOW,OECD.ELS.HD:DSD_SHA@DF_SHA(1.0),Health expenditure and financing,I,ISL,Iceland,A,Annual,EXP_HEALTH,Expenditure,PT_B1GQ,Percentage of GDP,_T,Total,_Z,Not application,_T,Total,_T,Total,_T,Total,_Z,Not applicable,_Z,Not applicable,_Z,Not applicable,2002,,9.404,,,,,,,,,,,,0,Units,1,One
DATAFLOW,OECD.ELS.HD:DSD_SHA@DF_SHA(1.0),Health expenditure and financing,I,ISL,Iceland,A,Annual,EXP_HEALTH,Expenditure,PT_B1GQ,Percentage of GDP,_T,Total,_Z,Not application,_T,Total,_T,Total,_T,Total,_Z,Not applicable,_Z,Not applicable,_Z,Not applicable,2004,,9.329,,,,,,,,,,,,0,Units,1,One
DATAFLOW,OECD.ELS.HD:DSD_SHA@DF_SHA(1.0),Health expenditure and financing,I,ISL,Iceland,A,Annual,EXP_HEALTH,Expenditure,PT_B1GQ,Percentage of GDP,_T,Total,_Z,Not application,_T,Total,_T,Total,_T,Total,_Z,Not applicable,_Z,Not applicable,_Z,Not applicable,2005,,8.947,,,,,,,,,,,,0,Units,1,One
DATAFLOW,OECD.ELS.HD:DSD_SHA@DF_SHA(1.0),Health expenditure and financing,I,ISL,Iceland,A,Annual,EXP_HEALTH,Expenditure,PT_B1GQ,Percentage of GDP,_T,Total,_Z,Not application,_T,Total,_T,Total,_T,Total,_Z,Not applicable,_Z,Not applicable,_Z,Not applicable,2006,,8.557,,,,,,,,,,,,0,Units,1,One
DATAFLOW,OECD.ELS.HD:DSD_SHA@DF_SHA(1.0),Health expenditure and financing,I,ISL,Iceland,A,Annual,EXP_HEALTH,Expenditure,PT_B1GQ,Percentage of GDP,_T,Total,_Z,Not application,_T,Total,_T,Total,_T,Total,_Z,Not applicable,_Z,Not applicable,_Z,Not applicable,2007,,8.354,,,,,,,,,,,,0,Units,1,One
DATAFLOW,OECD.ELS.HD:DSD_SHA@DF_SHA(1.0),Health expenditure and financing,I,ISL,Iceland,A,Annual,EXP_HEALTH,Expenditure,PT_B1GQ,Percentage of GDP,_T,Total,_Z,Not application,_T,Total,_T,Total,_T,Total,_Z,Not applicable,_Z,Not applicable,_Z,Not applicable,2008,,8.344,,,,,,,,,,,,0,Units,1,One
DATAFLOW,OECD.ELS.HD:DSD_SHA@DF_SHA(1.0),Health expenditure and financing,I,ISL,Iceland,A,Annual,EXP_HEALTH,Expenditure,PT_B1GQ,Percentage of GDP,_T,Total,_Z,Not application,_T,Total,_T,Total,_T,Total,_Z,Not applicable,_Z,Not applicable,_Z,Not applicable,2009,,8.775,,,,,,,,,,,,0,Units,1,One
DATAFLOW,OECD.ELS.HD:DSD_SHA@DF_SHA(1.0),Health expenditure and financing,I,ISL,Iceland,A,Annual,EXP_HEALTH,Expenditure,PT_B1GQ,Percentage of GDP,_T,Total,_Z,Not application,_T,Total,_T,Total,_T,Total,_Z,Not applicable,_Z,Not applicable,_Z,Not applicable,2010,,8.362,,,,,,,,,,,,0,Units,1,One
DATAFLOW,OECD.ELS.HD:DSD_SHA@DF_SHA(1.0),Health expenditure and financing,I,ISL,Iceland,A,Annual,EXP_HEALTH,Expenditure,PT_B1GQ,Percentage of GDP,_T,Total,_Z,Not application,_T,Total,_T,Total,_T,Total,_Z,Not applicable,_Z,Not applicable,_Z,Not applicable,2011,,8.255,,,,,,,,,,,,0,Units,1,One
DATAFLOW,OECD.ELS.HD:DSD_SHA@DF_SHA(1.0),Health expenditure and financing,I,ISL,Iceland,A,Annual,EXP_HEALTH,Expenditure,PT_B1GQ,Percentage of GDP,_T,Total,_Z,Not application,_T,Total,_T,Total,_T,Total,_Z,Not applicable,_Z,Not applicable,_Z,Not applicable,2012,,8.231,,,,,,,,,,,,0,Units,1,One
DATAFLOW,OECD.ELS.HD:DSD_SHA@DF_SHA(1.0),Health expenditure and financing,I,ISL,Iceland,A,Annual,EXP_HEALTH,Expenditure,PT_B1GQ,Percentage of GDP,_T,Total,_Z,Not application,_T,Total,_T,Total,_T,Total,_Z,Not applicable,_Z,Not applicable,_Z,Not applicable,2013,,8.227,,,,,,,,,,,,0,Units,1,One
DATAFLOW,OECD.ELS.HD:DSD_SHA@DF_SHA(1.0),Health expenditure and financing,I,TUR,Türkiye,A,Annual,EXP_HEALTH,Expenditure,PT_B1GQ,Percentage of GDP,_T,Total,_Z,Not application,_T,Total,_T,Total,_T,Total,_Z,Not applicable,_Z,Not applicable,_Z,Not applicable,1993,,2.693,,,,,,D,Definition differs,,,,,0,Units,1,One
DATAFLOW,OECD.ELS.HD:DSD_SHA@DF_SHA(1.0),Health expenditure and financing,I,TUR,Türkiye,A,Annual,EXP_HEALTH,Expenditure,PT_B1GQ,Percentage of GDP,_T,Total,_Z,Not application,_T,Total,_T,Total,_T,Total,_Z,Not applicable,_Z,Not applicable,_Z,Not applicable,1994,,2.622,,,,,,D,Definition differs,,,,,0,Units,1,One
DATAFLOW,OECD.ELS.HD:DSD_SHA@DF_SHA(1.0),Health expenditure and financing,I,TUR,Türkiye,A,Annual,EXP_HEALTH,Expenditure,PT_B1GQ,Percentage of GDP,_T,Total,_Z,Not application,_T,Total,_T,Total,_T,Total,_Z,Not applicable,_Z,Not applicable,_Z,Not applicable,1995,,2.446,,,,,,D,Definition differs,,,,,0,Units,1,One
DATAFLOW,OECD.ELS.HD:DSD_SHA@DF_SHA(1.0),Health expenditure and financing,I,TUR,Türkiye,A,Annual,EXP_HEALTH,Expenditure,PT_B1GQ,Percentage of GDP,_T,Total,_Z,Not application,_T,Total,_T,Total,_T,Total,_Z,Not applicable,_Z,Not applicable,_Z,Not applicable,1996,,2.832,,,,,,D,Definition differs,,,,,0,Units,1,One
DATAFLOW,OECD.ELS.HD:DSD_SHA@DF_SHA(1.0),Health expenditure and financing,I,TUR,Türkiye,A,Annual,EXP_HEALTH,Expenditure,PT_B1GQ,Percentage of GDP,_T,Total,_Z,Not application,_T,Total,_T,Total,_T,Total,_Z,Not applicable,_Z,Not applicable,_Z,Not applicable,2018,,4.121,,,,,,,,,,,,0,Units,1,One
DATAFLOW,OECD.ELS.HD:DSD_SHA@DF_SHA(1.0),Health expenditure and financing,I,TUR,Türkiye,A,Annual,EXP_HEALTH,Expenditure,PT_B1GQ,Percentage of GDP,_T,Total,_Z,Not application,_T,Total,_T,Total,_T,Total,_Z,Not applicable,_Z,Not applicable,_Z,Not applicable,2019,,4.36,,,,,,,,,,,,0,Units,1,One
DATAFLOW,OECD.ELS.HD:DSD_SHA@DF_SHA(1.0),Health expenditure and financing,I,TUR,Türkiye,A,Annual,EXP_HEALTH,Expenditure,PT_B1GQ,Percentage of GDP,_T,Total,_Z,Not application,_T,Total,_T,Total,_T,Total,_Z,Not applicable,_Z,Not applicable,_Z,Not applicable,2020,,4.616,,,,,,,,,,,,0,Units,1,One
DATAFLOW,OECD.ELS.HD:DSD_SHA@DF_SHA(1.0),Health expenditure and financing,I,TUR,Türkiye,A,Annual,EXP_HEALTH,Expenditure,PT_B1GQ,Percentage of GDP,_T,Total,_Z,Not application,_T,Total,_T,Total,_T,Total,_Z,Not applicable,_Z,Not applicable,_Z,Not applicable,2021,,4.561,,,,,,,,,,,,0,Units,1,One
DATAFLOW,OECD.ELS.HD:DSD_SHA@DF_SHA(1.0),Health expenditure and financing,I,TUR,Türkiye,A,Annual,EXP_HEALTH,Expenditure,PT_B1GQ,Percentage of GDP,_T,Total,_Z,Not application,_T,Total,_T,Total,_T,Total,_Z,Not applicable,_Z,Not applicable,_Z,Not applicable,2022,,3.703,,,,,,,,,,,,0,Units,1,One
DATAFLOW,OECD.ELS.HD:DSD_SHA@DF_SHA(1.0),Health expenditure and financing,I,TUR,Türkiye,A,Annual,EXP_HEALTH,Expenditure,PT_B1GQ,Percentage of GDP,_T,Total,_Z,Not application,_T,Total,_T,Total,_T,Total,_Z,Not applicable,_Z,Not applicable,_Z,Not applicable,1999,,4.456,,,,,,B,Time series break,,,,,0,Units,1,One
DATAFLOW,OECD.ELS.HD:DSD_SHA@DF_SHA(1.0),Health expenditure and financing,I,TUR,Türkiye,A,Annual,EXP_HEALTH,Expenditure,PT_B1GQ,Percentage of GDP,_T,Total,_Z,Not application,_T,Total,_T,Total,_T,Total,_Z,Not applicable,_Z,Not applicable,_Z,Not applicable,1997,,3.058,,,,,,D,Definition differs,,,,,0,Units,1,One
DATAFLOW,OECD.ELS.HD:DSD_SHA@DF_SHA(1.0),Health expenditure and financing,I,TUR,Türkiye,A,Annual,EXP_HEALTH,Expenditure,PT_B1GQ,Percentage of GDP,_T,Total,_Z,Not application,_T,Total,_T,Total,_T,Total,_Z,Not applicable,_Z,Not applicable,_Z,Not applicable,2023,,4.206,,,,,,E,Estimated value,,,,,0,Units,1,One
DATAFLOW,OECD.ELS.HD:DSD_SHA@DF_SHA(1.0),Health expenditure and financing,I,TUR,Türkiye,A,Annual,EXP_HEALTH,Expenditure,PT_B1GQ,Percentage of GDP,_T,Total,_Z,Not application,_T,Total,_T,Total,_T,Total,_Z,Not applicable,_Z,Not applicable,_Z,Not applicable,1998,,3.506,,,,,,D,Definition differs,,,,,0,Units,1,One
DATAFLOW,OECD.ELS.HD:DSD_SHA@DF_SHA(1.0),Health expenditure and financing,I,TUR,Türkiye,A,Annual,EXP_HEALTH,Expenditure,PT_B1GQ,Percentage of GDP,_T,Total,_Z,Not application,_T,Total,_T,Total,_T,Total,_Z,Not applicable,_Z,Not applicable,_Z,Not applicable,1992,,2.745,,,,,,D,Definition differs,,,,,0,Units,1,One
DATAFLOW,OECD.ELS.HD:DSD_SHA@DF_SHA(1.0),Health expenditure and financing,I,TUR,Türkiye,A,Annual,EXP_HEALTH,Expenditure,PT_B1GQ,Percentage of GDP,_T,Total,_Z,Not application,_T,Total,_T,Total,_T,Total,_Z,Not applicable,_Z,Not applicable,_Z,Not applicable,2000,,4.6,,,,,,,,,,,,0,Units,1,One
DATAFLOW,OECD.ELS.HD:DSD_SHA@DF_SHA(1.0),Health expenditure and financing,I,TUR,Türkiye,A,Annual,EXP_HEALTH,Expenditure,PT_B1GQ,Percentage of GDP,_T,Total,_Z,Not application,_T,Total,_T,Total,_T,Total,_Z,Not applicable,_Z,Not applicable,_Z,Not applicable,2001,,4.888,,,,,,,,,,,,0,Units,1,One
DATAFLOW,OECD.ELS.HD:DSD_SHA@DF_SHA(1.0),Health expenditure and financing,I,TUR,Türkiye,A,Annual,EXP_HEALTH,Expenditure,PT_B1GQ,Percentage of GDP,_T,Total,_Z,Not application,_T,Total,_T,Total,_T,Total,_Z,Not applicable,_Z,Not applicable,_Z,Not applicable,2002,,5.062,,,,,,,,,,,,0,Units,1,One
DATAFLOW,OECD.ELS.HD:DSD_SHA@DF_SHA(1.0),Health expenditure and financing,I,TUR,Türkiye,A,Annual,EXP_HEALTH,Expenditure,PT_B1GQ,Percentage of GDP,_T,Total,_Z,Not application,_T,Total,_T,Total,_T,Total,_Z,Not applicable,_Z,Not applicable,_Z,Not applicable,2003,,5.014,,,,,,,,,,,,0,Units,1,One
DATAFLOW,OECD.ELS.HD:DSD_SHA@DF_SHA(1.0),Health expenditure and financing,I,TUR,Türkiye,A,Annual,EXP_HEALTH,Expenditure,PT_B1GQ,Percentage of GDP,_T,Total,_Z,Not application,_T,Total,_T,Total,_T,Total,_Z,Not applicable,_Z,Not applicable,_Z,Not applicable,2004,,4.91,,,,,,,,,,,,0,Units,1,One
DATAFLOW,OECD.ELS.HD:DSD_SHA@DF_SHA(1.0),Health expenditure and financing,I,TUR,Türkiye,A,Annual,EXP_HEALTH,Expenditure,PT_B1GQ,Percentage of GDP,_T,Total,_Z,Not application,_T,Total,_T,Total,_T,Total,_Z,Not applicable,_Z,Not applicable,_Z,Not applicable,2005,,4.894,,,,,,,,,,,,0,Units,1,One
DATAFLOW,OECD.ELS.HD:DSD_SHA@DF_SHA(1.0),Health expenditure and financing,I,TUR,Türkiye,A,Annual,EXP_HEALTH,Expenditure,PT_B1GQ,Percentage of GDP,_T,Total,_Z,Not application,_T,Total,_T,Total,_T,Total,_Z,Not applicable,_Z,Not applicable,_Z,Not applicable,2006,,5.146,,,,,,,,,,,,0,Units,1,One
DATAFLOW,OECD.ELS.HD:DSD_SHA@DF_SHA(1.0),Health expenditure and financing,I,TUR,Türkiye,A,Annual,EXP_HEALTH,Expenditure,PT_B1GQ,Percentage of GDP,_T,Total,_Z,Not application,_T,Total,_T,Total,_T,Total,_Z,Not applicable,_Z,Not applicable,_Z,Not applicable,2007,,5.238,,,,,,,,,,,,0,Units,1,One
DATAFLOW,OECD.ELS.HD:DSD_SHA@DF_SHA(1.0),Health expenditure and financing,I,TUR,Türkiye,A,Annual,EXP_HEALTH,Expenditure,PT_B1GQ,Percentage of GDP,_T,Total,_Z,Not application,_T,Total,_T,Total,_T,Total,_Z,Not applicable,_Z,Not applicable,_Z,Not applicable,2008,,5.218,,,,,,,,,,,,0,Units,1,One
DATAFLOW,OECD.ELS.HD:DSD_SHA@DF_SHA(1.0),Health expenditure and financing,I,TUR,Türkiye,A,Annual,EXP_HEALTH,Expenditure,PT_B1GQ,Percentage of GDP,_T,Total,_Z,Not application,_T,Total,_T,Total,_T,Total,_Z,Not applicable,_Z,Not applicable,_Z,Not applicable,2009,,5.494,,,,,,,,,,,,0,Units,1,One
DATAFLOW,OECD.ELS.HD:DSD_SHA@DF_SHA(1.0),Health expenditure and financing,I,TUR,Türkiye,A,Annual,EXP_HEALTH,Expenditure,PT_B1GQ,Percentage of GDP,_T,Total,_Z,Not application,_T,Total,_T,Total,_T,Total,_Z,Not applicable,_Z,Not applicable,_Z,Not applicable,2010,,5.021,,,,,,,,,,,,0,Units,1,One
DATAFLOW,OECD.ELS.HD:DSD_SHA@DF_SHA(1.0),Health expenditure and financing,I,TUR,Türkiye,A,Annual,EXP_HEALTH,Expenditure,PT_B1GQ,Percentage of GDP,_T,Total,_Z,Not application,_T,Total,_T,Total,_T,Total,_Z,Not applicable,_Z,Not applicable,_Z,Not applicable,2011,,4.653,,,,,,,,,,,,0,Units,1,One
DATAFLOW,OECD.ELS.HD:DSD_SHA@DF_SHA(1.0),Health expenditure and financing,I,TUR,Türkiye,A,Annual,EXP_HEALTH,Expenditure,PT_B1GQ,Percentage of GDP,_T,Total,_Z,Not application,_T,Total,_T,Total,_T,Total,_Z,Not applicable,_Z,Not applicable,_Z,Not applicable,2012,,4.444,,,,,,,,,,,,0,Units,1,One
DATAFLOW,OECD.ELS.HD:DSD_SHA@DF_SHA(1.0),Health expenditure and financing,I,TUR,Türkiye,A,Annual,EXP_HEALTH,Expenditure,PT_B1GQ,Percentage of GDP,_T,Total,_Z,Not application,_T,Total,_T,Total,_T,Total,_Z,Not applicable,_Z,Not applicable,_Z,Not applicable,2013,,4.371,,,,,,,,,,,,0,Units,1,One
DATAFLOW,OECD.ELS.HD:DSD_SHA@DF_SHA(1.0),Health expenditure and financing,I,TUR,Türkiye,A,Annual,EXP_HEALTH,Expenditure,PT_B1GQ,Percentage of GDP,_T,Total,_Z,Not application,_T,Total,_T,Total,_T,Total,_Z,Not applicable,_Z,Not applicable,_Z,Not applicable,2014,,4.325,,,,,,,,,,,,0,Units,1,One
DATAFLOW,OECD.ELS.HD:DSD_SHA@DF_SHA(1.0),Health expenditure and financing,I,KOR,Korea,A,Annual,EXP_HEALTH,Expenditure,PT_B1GQ,Percentage of GDP,_T,Total,_Z,Not application,_T,Total,_T,Total,_T,Total,_Z,Not applicable,_Z,Not applicable,_Z,Not applicable,2013,,6.311,,,,,,,,,,,,0,Units,1,One
DATAFLOW,OECD.ELS.HD:DSD_SHA@DF_SHA(1.0),Health expenditure and financing,I,KOR,Korea,A,Annual,EXP_HEALTH,Expenditure,PT_B1GQ,Percentage of GDP,_T,Total,_Z,Not application,_T,Total,_T,Total,_T,Total,_Z,Not applicable,_Z,Not applicable,_Z,Not applicable,2014,,6.502,,,,,,,,,,,,0,Units,1,One
DATAFLOW,OECD.ELS.HD:DSD_SHA@DF_SHA(1.0),Health expenditure and financing,I,TUR,Türkiye,A,Annual,EXP_HEALTH,Expenditure,PT_B1GQ,Percentage of GDP,_T,Total,_Z,Not application,_T,Total,_T,Total,_T,Total,_Z,Not applicable,_Z,Not applicable,_Z,Not applicable,2017,,4.18,,,,,,,,,,,,0,Units,1,One
DATAFLOW,OECD.ELS.HD:DSD_SHA@DF_SHA(1.0),Health expenditure and financing,I,DNK,Denmark,A,Annual,EXP_HEALTH,Expenditure,PT_B1GQ,Percentage of GDP,_T,Total,_Z,Not application,_T,Total,_T,Total,_T,Total,_Z,Not applicable,_Z,Not applicable,_Z,Not applicable,2015,,10.328,,,,,,,,,,,,0,Units,1,One
DATAFLOW,OECD.ELS.HD:DSD_SHA@DF_SHA(1.0),Health expenditure and financing,I,DNK,Denmark,A,Annual,EXP_HEALTH,Expenditure,PT_B1GQ,Percentage of GDP,_T,Total,_Z,Not application,_T,Total,_T,Total,_T,Total,_Z,Not applicable,_Z,Not applicable,_Z,Not applicable,2023,,9.441,,,,,,P,Provisional value,,,,,0,Units,1,One
DATAFLOW,OECD.ELS.HD:DSD_SHA@DF_SHA(1.0),Health expenditure and financing,I,DNK,Denmark,A,Annual,EXP_HEALTH,Expenditure,PT_B1GQ,Percentage of GDP,_T,Total,_Z,Not application,_T,Total,_T,Total,_T,Total,_Z,Not applicable,_Z,Not applicable,_Z,Not applicable,2003,,8.904,,,,,,B,Time series break,,,,,0,Units,1,One
DATAFLOW,OECD.ELS.HD:DSD_SHA@DF_SHA(1.0),Health expenditure and financing,I,DNK,Denmark,A,Annual,EXP_HEALTH,Expenditure,PT_B1GQ,Percentage of GDP,_T,Total,_Z,Not application,_T,Total,_T,Total,_T,Total,_Z,Not applicable,_Z,Not applicable,_Z,Not applicable,2010,,10.591,,,,,,B,Time series break,,,,,0,Units,1,One
DATAFLOW,OECD.ELS.HD:DSD_SHA@DF_SHA(1.0),Health expenditure and financing,I,DNK,Denmark,A,Annual,EXP_HEALTH,Expenditure,PT_B1GQ,Percentage of GDP,_T,Total,_Z,Not application,_T,Total,_T,Total,_T,Total,_Z,Not applicable,_Z,Not applicable,_Z,Not applicable,2004,,9.007,,,,,,,,,,,,0,Units,1,One
DATAFLOW,OECD.ELS.HD:DSD_SHA@DF_SHA(1.0),Health expenditure and financing,I,DNK,Denmark,A,Annual,EXP_HEALTH,Expenditure,PT_B1GQ,Percentage of GDP,_T,Total,_Z,Not application,_T,Total,_T,Total,_T,Total,_Z,Not applicable,_Z,Not applicable,_Z,Not applicable,2005,,9.091,,,,,,,,,,,,0,Units,1,One
DATAFLOW,OECD.ELS.HD:DSD_SHA@DF_SHA(1.0),Health expenditure and financing,I,DNK,Denmark,A,Annual,EXP_HEALTH,Expenditure,PT_B1GQ,Percentage of GDP,_T,Total,_Z,Not application,_T,Total,_T,Total,_T,Total,_Z,Not applicable,_Z,Not applicable,_Z,Not applicable,2006,,9.169,,,,,,,,,,,,0,Units,1,One
DATAFLOW,OECD.ELS.HD:DSD_SHA@DF_SHA(1.0),Health expenditure and financing,I,DNK,Denmark,A,Annual,EXP_HEALTH,Expenditure,PT_B1GQ,Percentage of GDP,_T,Total,_Z,Not application,_T,Total,_T,Total,_T,Total,_Z,Not applicable,_Z,Not applicable,_Z,Not applicable,2007,,9.325,,,,,,,,,,,,0,Units,1,One
DATAFLOW,OECD.ELS.HD:DSD_SHA@DF_SHA(1.0),Health expenditure and financing,I,DNK,Denmark,A,Annual,EXP_HEALTH,Expenditure,PT_B1GQ,Percentage of GDP,_T,Total,_Z,Not application,_T,Total,_T,Total,_T,Total,_Z,Not applicable,_Z,Not applicable,_Z,Not applicable,2008,,9.511,,,,,,,,,,,,0,Units,1,One
DATAFLOW,OECD.ELS.HD:DSD_SHA@DF_SHA(1.0),Health expenditure and financing,I,DNK,Denmark,A,Annual,EXP_HEALTH,Expenditure,PT_B1GQ,Percentage of GDP,_T,Total,_Z,Not application,_T,Total,_T,Total,_T,Total,_Z,Not applicable,_Z,Not applicable,_Z,Not applicable,2009,,10.674,,,,,,,,,,,,0,Units,1,One
DATAFLOW,OECD.ELS.HD:DSD_SHA@DF_SHA(1.0),Health expenditure and financing,I,DNK,Denmark,A,Annual,EXP_HEALTH,Expenditure,PT_B1GQ,Percentage of GDP,_T,Total,_Z,Not application,_T,Total,_T,Total,_T,Total,_Z,Not applicable,_Z,Not applicable,_Z,Not applicable,2011,,10.388,,,,,,,,,,,,0,Units,1,One
DATAFLOW,OECD.ELS.HD:DSD_SHA@DF_SHA(1.0),Health expenditure and financing,I,DNK,Denmark,A,Annual,EXP_HEALTH,Expenditure,PT_B1GQ,Percentage of GDP,_T,Total,_Z,Not application,_T,Total,_T,Total,_T,Total,_Z,Not applicable,_Z,Not applicable,_Z,Not applicable,2012,,10.506,,,,,,,,,,,,0,Units,1,One
DATAFLOW,OECD.ELS.HD:DSD_SHA@DF_SHA(1.0),Health expenditure and financing,I,DNK,Denmark,A,Annual,EXP_HEALTH,Expenditure,PT_B1GQ,Percentage of GDP,_T,Total,_Z,Not application,_T,Total,_T,Total,_T,Total,_Z,Not applicable,_Z,Not applicable,_Z,Not applicable,2013,,10.31,,,,,,,,,,,,0,Units,1,One
DATAFLOW,OECD.ELS.HD:DSD_SHA@DF_SHA(1.0),Health expenditure and financing,I,DNK,Denmark,A,Annual,EXP_HEALTH,Expenditure,PT_B1GQ,Percentage of GDP,_T,Total,_Z,Not application,_T,Total,_T,Total,_T,Total,_Z,Not applicable,_Z,Not applicable,_Z,Not applicable,2014,,10.292,,,,,,,,,,,,0,Units,1,One
DATAFLOW,OECD.ELS.HD:DSD_SHA@DF_SHA(1.0),Health expenditure and financing,I,DNK,Denmark,A,Annual,EXP_HEALTH,Expenditure,PT_B1GQ,Percentage of GDP,_T,Total,_Z,Not application,_T,Total,_T,Total,_T,Total,_Z,Not applicable,_Z,Not applicable,_Z,Not applicable,2021,,10.747,,,,,,,,,,,,0,Units,1,One
DATAFLOW,OECD.ELS.HD:DSD_SHA@DF_SHA(1.0),Health expenditure and financing,I,DNK,Denmark,A,Annual,EXP_HEALTH,Expenditure,PT_B1GQ,Percentage of GDP,_T,Total,_Z,Not application,_T,Total,_T,Total,_T,Total,_Z,Not applicable,_Z,Not applicable,_Z,Not applicable,2022,,9.476,,,,,,,,,,,,0,Units,1,One
DATAFLOW,OECD.ELS.HD:DSD_SHA@DF_SHA(1.0),Health expenditure and financing,I,DNK,Denmark,A,Annual,EXP_HEALTH,Expenditure,PT_B1GQ,Percentage of GDP,_T,Total,_Z,Not application,_T,Total,_T,Total,_T,Total,_Z,Not applicable,_Z,Not applicable,_Z,Not applicable,2016,,10.237,,,,,,,,,,,,0,Units,1,One
DATAFLOW,OECD.ELS.HD:DSD_SHA@DF_SHA(1.0),Health expenditure and financing,I,DNK,Denmark,A,Annual,EXP_HEALTH,Expenditure,PT_B1GQ,Percentage of GDP,_T,Total,_Z,Not application,_T,Total,_T,Total,_T,Total,_Z,Not applicable,_Z,Not applicable,_Z,Not applicable,2017,,10.098,,,,,,,,,,,,0,Units,1,One
DATAFLOW,OECD.ELS.HD:DSD_SHA@DF_SHA(1.0),Health expenditure and financing,I,DNK,Denmark,A,Annual,EXP_HEALTH,Expenditure,PT_B1GQ,Percentage of GDP,_T,Total,_Z,Not application,_T,Total,_T,Total,_T,Total,_Z,Not applicable,_Z,Not applicable,_Z,Not applicable,2018,,10.098,,,,,,,,,,,,0,Units,1,One
DATAFLOW,OECD.ELS.HD:DSD_SHA@DF_SHA(1.0),Health expenditure and financing,I,DNK,Denmark,A,Annual,EXP_HEALTH,Expenditure,PT_B1GQ,Percentage of GDP,_T,Total,_Z,Not application,_T,Total,_T,Total,_T,Total,_Z,Not applicable,_Z,Not applicable,_Z,Not applicable,2019,,10.152,,,,,,,,,,,,0,Units,1,One
DATAFLOW,OECD.ELS.HD:DSD_SHA@DF_SHA(1.0),Health expenditure and financing,I,DNK,Denmark,A,Annual,EXP_HEALTH,Expenditure,PT_B1GQ,Percentage of GDP,_T,Total,_Z,Not application,_T,Total,_T,Total,_T,Total,_Z,Not applicable,_Z,Not applicable,_Z,Not applicable,2020,,10.719,,,,,,,,,,,,0,Units,1,One
DATAFLOW,OECD.ELS.HD:DSD_SHA@DF_SHA(1.0),Health expenditure and financing,I,DNK,Denmark,A,Annual,EXP_HEALTH,Expenditure,PT_B1GQ,Percentage of GDP,_T,Total,_Z,Not application,_T,Total,_T,Total,_T,Total,_Z,Not applicable,_Z,Not applicable,_Z,Not applicable,1992,,7.956,,,,,,,,,,,,0,Units,1,One
DATAFLOW,OECD.ELS.HD:DSD_SHA@DF_SHA(1.0),Health expenditure and financing,I,DNK,Denmark,A,Annual,EXP_HEALTH,Expenditure,PT_B1GQ,Percentage of GDP,_T,Total,_Z,Not application,_T,Total,_T,Total,_T,Total,_Z,Not applicable,_Z,Not applicable,_Z,Not applicable,1993,,8.289,,,,,,,,,,,,0,Units,1,One
DATAFLOW,OECD.ELS.HD:DSD_SHA@DF_SHA(1.0),Health expenditure and financing,I,DNK,Denmark,A,Annual,EXP_HEALTH,Expenditure,PT_B1GQ,Percentage of GDP,_T,Total,_Z,Not application,_T,Total,_T,Total,_T,Total,_Z,Not applicable,_Z,Not applicable,_Z,Not applicable,1994,,8.077,,,,,,,,,,,,0,Units,1,One
DATAFLOW,OECD.ELS.HD:DSD_SHA@DF_SHA(1.0),Health expenditure and financing,I,DNK,Denmark,A,Annual,EXP_HEALTH,Expenditure,PT_B1GQ,Percentage of GDP,_T,Total,_Z,Not application,_T,Total,_T,Total,_T,Total,_Z,Not applicable,_Z,Not applicable,_Z,Not applicable,1995,,7.771,,,,,,,,,,,,0,Units,1,One
DATAFLOW,OECD.ELS.HD:DSD_SHA@DF_SHA(1.0),Health expenditure and financing,I,DNK,Denmark,A,Annual,EXP_HEALTH,Expenditure,PT_B1GQ,Percentage of GDP,_T,Total,_Z,Not application,_T,Total,_T,Total,_T,Total,_Z,Not applicable,_Z,Not applicable,_Z,Not applicable,1996,,7.839,,,,,,,,,,,,0,Units,1,One
DATAFLOW,OECD.ELS.HD:DSD_SHA@DF_SHA(1.0),Health expenditure and financing,I,DNK,Denmark,A,Annual,EXP_HEALTH,Expenditure,PT_B1GQ,Percentage of GDP,_T,Total,_Z,Not application,_T,Total,_T,Total,_T,Total,_Z,Not applicable,_Z,Not applicable,_Z,Not applicable,1997,,7.75,,,,,,,,,,,,0,Units,1,One
DATAFLOW,OECD.ELS.HD:DSD_SHA@DF_SHA(1.0),Health expenditure and financing,I,TUR,Türkiye,A,Annual,EXP_HEALTH,Expenditure,PT_B1GQ,Percentage of GDP,_T,Total,_Z,Not application,_T,Total,_T,Total,_T,Total,_Z,Not applicable,_Z,Not applicable,_Z,Not applicable,2016,,4.285,,,,,,,,,,,,0,Units,1,One
DATAFLOW,OECD.ELS.HD:DSD_SHA@DF_SHA(1.0),Health expenditure and financing,I,USA,United States,A,Annual,EXP_HEALTH,Expenditure,PT_B1GQ,Percentage of GDP,_T,Total,_Z,Not application,_T,Total,_T,Total,_T,Total,_Z,Not applicable,_Z,Not applicable,_Z,Not applicable,2020,,18.582,,,,,,,,,,,,0,Units,1,One
DATAFLOW,OECD.ELS.HD:DSD_SHA@DF_SHA(1.0),Health expenditure and financing,I,USA,United States,A,Annual,EXP_HEALTH,Expenditure,PT_B1GQ,Percentage of GDP,_T,Total,_Z,Not application,_T,Total,_T,Total,_T,Total,_Z,Not applicable,_Z,Not applicable,_Z,Not applicable,2021,,17.299,,,,,,,,,,,,0,Units,1,One
DATAFLOW,OECD.ELS.HD:DSD_SHA@DF_SHA(1.0),Health expenditure and financing,I,USA,United States,A,Annual,EXP_HEALTH,Expenditure,PT_B1GQ,Percentage of GDP,_T,Total,_Z,Not application,_T,Total,_T,Total,_T,Total,_Z,Not applicable,_Z,Not applicable,_Z,Not applicable,2022,,16.496,,,,,,,,,,,,0,Units,1,One
DATAFLOW,OECD.ELS.HD:DSD_SHA@DF_SHA(1.0),Health expenditure and financing,I,USA,United States,A,Annual,EXP_HEALTH,Expenditure,PT_B1GQ,Percentage of GDP,_T,Total,_Z,Not application,_T,Total,_T,Total,_T,Total,_Z,Not applicable,_Z,Not applicable,_Z,Not applicable,2023,,16.683,,,,,,E,Estimated value,,,,,0,Units,1,One
DATAFLOW,OECD.ELS.HD:DSD_SHA@DF_SHA(1.0),Health expenditure and financing,I,USA,United States,A,Annual,EXP_HEALTH,Expenditure,PT_B1GQ,Percentage of GDP,_T,Total,_Z,Not application,_T,Total,_T,Total,_T,Total,_Z,Not applicable,_Z,Not applicable,_Z,Not applicable,2010,,16.197,,,,,,,,,,,,0,Units,1,One
DATAFLOW,OECD.ELS.HD:DSD_SHA@DF_SHA(1.0),Health expenditure and financing,I,USA,United States,A,Annual,EXP_HEALTH,Expenditure,PT_B1GQ,Percentage of GDP,_T,Total,_Z,Not application,_T,Total,_T,Total,_T,Total,_Z,Not applicable,_Z,Not applicable,_Z,Not applicable,2011,,16.14,,,,,,,,,,,,0,Units,1,One
DATAFLOW,OECD.ELS.HD:DSD_SHA@DF_SHA(1.0),Health expenditure and financing,I,USA,United States,A,Annual,EXP_HEALTH,Expenditure,PT_B1GQ,Percentage of GDP,_T,Total,_Z,Not application,_T,Total,_T,Total,_T,Total,_Z,Not applicable,_Z,Not applicable,_Z,Not applicable,2012,,16.12,,,,,,,,,,,,0,Units,1,One
DATAFLOW,OECD.ELS.HD:DSD_SHA@DF_SHA(1.0),Health expenditure and financing,I,USA,United States,A,Annual,EXP_HEALTH,Expenditure,PT_B1GQ,Percentage of GDP,_T,Total,_Z,Not application,_T,Total,_T,Total,_T,Total,_Z,Not applicable,_Z,Not applicable,_Z,Not applicable,2013,,15.951,,,,,,,,,,,,0,Units,1,One
DATAFLOW,OECD.ELS.HD:DSD_SHA@DF_SHA(1.0),Health expenditure and financing,I,USA,United States,A,Annual,EXP_HEALTH,Expenditure,PT_B1GQ,Percentage of GDP,_T,Total,_Z,Not application,_T,Total,_T,Total,_T,Total,_Z,Not applicable,_Z,Not applicable,_Z,Not applicable,2014,,16.141,,,,,,,,,,,,0,Units,1,One
DATAFLOW,OECD.ELS.HD:DSD_SHA@DF_SHA(1.0),Health expenditure and financing,I,USA,United States,A,Annual,EXP_HEALTH,Expenditure,PT_B1GQ,Percentage of GDP,_T,Total,_Z,Not application,_T,Total,_T,Total,_T,Total,_Z,Not applicable,_Z,Not applicable,_Z,Not applicable,2015,,16.401,,,,,,,,,,,,0,Units,1,One
DATAFLOW,OECD.ELS.HD:DSD_SHA@DF_SHA(1.0),Health expenditure and financing,I,USA,United States,A,Annual,EXP_HEALTH,Expenditure,PT_B1GQ,Percentage of GDP,_T,Total,_Z,Not application,_T,Total,_T,Total,_T,Total,_Z,Not applicable,_Z,Not applicable,_Z,Not applicable,2016,,16.693,,,,,,,,,,,,0,Units,1,One
DATAFLOW,OECD.ELS.HD:DSD_SHA@DF_SHA(1.0),Health expenditure and financing,I,USA,United States,A,Annual,EXP_HEALTH,Expenditure,PT_B1GQ,Percentage of GDP,_T,Total,_Z,Not application,_T,Total,_T,Total,_T,Total,_Z,Not applicable,_Z,Not applicable,_Z,Not applicable,2017,,16.638,,,,,,,,,,,,0,Units,1,One
DATAFLOW,OECD.ELS.HD:DSD_SHA@DF_SHA(1.0),Health expenditure and financing,I,USA,United States,A,Annual,EXP_HEALTH,Expenditure,PT_B1GQ,Percentage of GDP,_T,Total,_Z,Not application,_T,Total,_T,Total,_T,Total,_Z,Not applicable,_Z,Not applicable,_Z,Not applicable,2018,,16.516,,,,,,,,,,,,0,Units,1,One
DATAFLOW,OECD.ELS.HD:DSD_SHA@DF_SHA(1.0),Health expenditure and financing,I,USA,United States,A,Annual,EXP_HEALTH,Expenditure,PT_B1GQ,Percentage of GDP,_T,Total,_Z,Not application,_T,Total,_T,Total,_T,Total,_Z,Not applicable,_Z,Not applicable,_Z,Not applicable,2019,,16.553,,,,,,,,,,,,0,Units,1,One
DATAFLOW,OECD.ELS.HD:DSD_SHA@DF_SHA(1.0),Health expenditure and financing,I,USA,United States,A,Annual,EXP_HEALTH,Expenditure,PT_B1GQ,Percentage of GDP,_T,Total,_Z,Not application,_T,Total,_T,Total,_T,Total,_Z,Not applicable,_Z,Not applicable,_Z,Not applicable,1992,,12.194,,,,,,,,,,,,0,Units,1,One
DATAFLOW,OECD.ELS.HD:DSD_SHA@DF_SHA(1.0),Health expenditure and financing,I,USA,United States,A,Annual,EXP_HEALTH,Expenditure,PT_B1GQ,Percentage of GDP,_T,Total,_Z,Not application,_T,Total,_T,Total,_T,Total,_Z,Not applicable,_Z,Not applicable,_Z,Not applicable,1993,,12.451,,,,,,,,,,,,0,Units,1,One
DATAFLOW,OECD.ELS.HD:DSD_SHA@DF_SHA(1.0),Health expenditure and financing,I,USA,United States,A,Annual,EXP_HEALTH,Expenditure,PT_B1GQ,Percentage of GDP,_T,Total,_Z,Not application,_T,Total,_T,Total,_T,Total,_Z,Not applicable,_Z,Not applicable,_Z,Not applicable,1994,,12.388,,,,,,,,,,,,0,Units,1,One
DATAFLOW,OECD.ELS.HD:DSD_SHA@DF_SHA(1.0),Health expenditure and financing,I,USA,United States,A,Annual,EXP_HEALTH,Expenditure,PT_B1GQ,Percentage of GDP,_T,Total,_Z,Not application,_T,Total,_T,Total,_T,Total,_Z,Not applicable,_Z,Not applicable,_Z,Not applicable,1995,,12.497,,,,,,,,,,,,0,Units,1,One
DATAFLOW,OECD.ELS.HD:DSD_SHA@DF_SHA(1.0),Health expenditure and financing,I,USA,United States,A,Annual,EXP_HEALTH,Expenditure,PT_B1GQ,Percentage of GDP,_T,Total,_Z,Not application,_T,Total,_T,Total,_T,Total,_Z,Not applicable,_Z,Not applicable,_Z,Not applicable,1996,,12.467,,,,,,,,,,,,0,Units,1,One
DATAFLOW,OECD.ELS.HD:DSD_SHA@DF_SHA(1.0),Health expenditure and financing,I,USA,United States,A,Annual,EXP_HEALTH,Expenditure,PT_B1GQ,Percentage of GDP,_T,Total,_Z,Not application,_T,Total,_T,Total,_T,Total,_Z,Not applicable,_Z,Not applicable,_Z,Not applicable,1997,,12.373,,,,,,,,,,,,0,Units,1,One
DATAFLOW,OECD.ELS.HD:DSD_SHA@DF_SHA(1.0),Health expenditure and financing,I,USA,United States,A,Annual,EXP_HEALTH,Expenditure,PT_B1GQ,Percentage of GDP,_T,Total,_Z,Not application,_T,Total,_T,Total,_T,Total,_Z,Not applicable,_Z,Not applicable,_Z,Not applicable,1998,,12.357,,,,,,,,,,,,0,Units,1,One
DATAFLOW,OECD.ELS.HD:DSD_SHA@DF_SHA(1.0),Health expenditure and financing,I,USA,United States,A,Annual,EXP_HEALTH,Expenditure,PT_B1GQ,Percentage of GDP,_T,Total,_Z,Not application,_T,Total,_T,Total,_T,Total,_Z,Not applicable,_Z,Not applicable,_Z,Not applicable,1999,,12.343,,,,,,,,,,,,0,Units,1,One
DATAFLOW,OECD.ELS.HD:DSD_SHA@DF_SHA(1.0),Health expenditure and financing,I,USA,United States,A,Annual,EXP_HEALTH,Expenditure,PT_B1GQ,Percentage of GDP,_T,Total,_Z,Not application,_T,Total,_T,Total,_T,Total,_Z,Not applicable,_Z,Not applicable,_Z,Not applicable,2000,,12.49,,,,,,,,,,,,0,Units,1,One
DATAFLOW,OECD.ELS.HD:DSD_SHA@DF_SHA(1.0),Health expenditure and financing,I,USA,United States,A,Annual,EXP_HEALTH,Expenditure,PT_B1GQ,Percentage of GDP,_T,Total,_Z,Not application,_T,Total,_T,Total,_T,Total,_Z,Not applicable,_Z,Not applicable,_Z,Not applicable,2001,,13.168,,,,,,,,,,,,0,Units,1,One
DATAFLOW,OECD.ELS.HD:DSD_SHA@DF_SHA(1.0),Health expenditure and financing,I,USA,United States,A,Annual,EXP_HEALTH,Expenditure,PT_B1GQ,Percentage of GDP,_T,Total,_Z,Not application,_T,Total,_T,Total,_T,Total,_Z,Not applicable,_Z,Not applicable,_Z,Not applicable,2002,,13.995,,,,,,,,,,,,0,Units,1,One
DATAFLOW,OECD.ELS.HD:DSD_SHA@DF_SHA(1.0),Health expenditure and financing,I,USA,United States,A,Annual,EXP_HEALTH,Expenditure,PT_B1GQ,Percentage of GDP,_T,Total,_Z,Not application,_T,Total,_T,Total,_T,Total,_Z,Not applicable,_Z,Not applicable,_Z,Not applicable,2003,,14.506,,,,,,,,,,,,0,Units,1,One
DATAFLOW,OECD.ELS.HD:DSD_SHA@DF_SHA(1.0),Health expenditure and financing,I,USA,United States,A,Annual,EXP_HEALTH,Expenditure,PT_B1GQ,Percentage of GDP,_T,Total,_Z,Not application,_T,Total,_T,Total,_T,Total,_Z,Not applicable,_Z,Not applicable,_Z,Not applicable,2004,,14.551,,,,,,,,,,,,0,Units,1,One
DATAFLOW,OECD.ELS.HD:DSD_SHA@DF_SHA(1.0),Health expenditure and financing,I,USA,United States,A,Annual,EXP_HEALTH,Expenditure,PT_B1GQ,Percentage of GDP,_T,Total,_Z,Not application,_T,Total,_T,Total,_T,Total,_Z,Not applicable,_Z,Not applicable,_Z,Not applicable,2005,,14.579,,,,,,,,,,,,0,Units,1,One
DATAFLOW,OECD.ELS.HD:DSD_SHA@DF_SHA(1.0),Health expenditure and financing,I,USA,United States,A,Annual,EXP_HEALTH,Expenditure,PT_B1GQ,Percentage of GDP,_T,Total,_Z,Not application,_T,Total,_T,Total,_T,Total,_Z,Not applicable,_Z,Not applicable,_Z,Not applicable,2006,,14.709,,,,,,,,,,,,0,Units,1,One
DATAFLOW,OECD.ELS.HD:DSD_SHA@DF_SHA(1.0),Health expenditure and financing,I,USA,United States,A,Annual,EXP_HEALTH,Expenditure,PT_B1GQ,Percentage of GDP,_T,Total,_Z,Not application,_T,Total,_T,Total,_T,Total,_Z,Not applicable,_Z,Not applicable,_Z,Not applicable,2007,,14.918,,,,,,,,,,,,0,Units,1,One
DATAFLOW,OECD.ELS.HD:DSD_SHA@DF_SHA(1.0),Health expenditure and financing,I,USA,United States,A,Annual,EXP_HEALTH,Expenditure,PT_B1GQ,Percentage of GDP,_T,Total,_Z,Not application,_T,Total,_T,Total,_T,Total,_Z,Not applicable,_Z,Not applicable,_Z,Not applicable,2008,,15.207,,,,,,,,,,,,0,Units,1,One
DATAFLOW,OECD.ELS.HD:DSD_SHA@DF_SHA(1.0),Health expenditure and financing,I,USA,United States,A,Annual,EXP_HEALTH,Expenditure,PT_B1GQ,Percentage of GDP,_T,Total,_Z,Not application,_T,Total,_T,Total,_T,Total,_Z,Not applicable,_Z,Not applicable,_Z,Not applicable,2009,,16.201,,,,,,,,,,,,0,Units,1,One
DATAFLOW,OECD.ELS.HD:DSD_SHA@DF_SHA(1.0),Health expenditure and financing,I,CZE,Czechia,A,Annual,EXP_HEALTH,Expenditure,PT_B1GQ,Percentage of GDP,_T,Total,_Z,Not application,_T,Total,_T,Total,_T,Total,_Z,Not applicable,_Z,Not applicable,_Z,Not applicable,2008,,6.33,,,,,,,,,,,,0,Units,1,One
DATAFLOW,OECD.ELS.HD:DSD_SHA@DF_SHA(1.0),Health expenditure and financing,I,CZE,Czechia,A,Annual,EXP_HEALTH,Expenditure,PT_B1GQ,Percentage of GDP,_T,Total,_Z,Not application,_T,Total,_T,Total,_T,Total,_Z,Not applicable,_Z,Not applicable,_Z,Not applicable,2007,,5.986,,,,,,,,,,,,0,Units,1,One
DATAFLOW,OECD.ELS.HD:DSD_SHA@DF_SHA(1.0),Health expenditure and financing,I,CZE,Czechia,A,Annual,EXP_HEALTH,Expenditure,PT_B1GQ,Percentage of GDP,_T,Total,_Z,Not application,_T,Total,_T,Total,_T,Total,_Z,Not applicable,_Z,Not applicable,_Z,Not applicable,2023,,8.54,,,,,,P,Provisional value,,,,,0,Units,1,One
DATAFLOW,OECD.ELS.HD:DSD_SHA@DF_SHA(1.0),Health expenditure and financing,I,CZE,Czechia,A,Annual,EXP_HEALTH,Expenditure,PT_B1GQ,Percentage of GDP,_T,Total,_Z,Not application,_T,Total,_T,Total,_T,Total,_Z,Not applicable,_Z,Not applicable,_Z,Not applicable,1995,,5.701,,,,,,B,Time series break,,,,,0,Units,1,One
DATAFLOW,OECD.ELS.HD:DSD_SHA@DF_SHA(1.0),Health expenditure and financing,I,CZE,Czechia,A,Annual,EXP_HEALTH,Expenditure,PT_B1GQ,Percentage of GDP,_T,Total,_Z,Not application,_T,Total,_T,Total,_T,Total,_Z,Not applicable,_Z,Not applicable,_Z,Not applicable,1997,,5.596,,,,,,,,,,,,0,Units,1,One
DATAFLOW,OECD.ELS.HD:DSD_SHA@DF_SHA(1.0),Health expenditure and financing,I,CZE,Czechia,A,Annual,EXP_HEALTH,Expenditure,PT_B1GQ,Percentage of GDP,_T,Total,_Z,Not application,_T,Total,_T,Total,_T,Total,_Z,Not applicable,_Z,Not applicable,_Z,Not applicable,1998,,5.593,,,,,,,,,,,,0,Units,1,One
DATAFLOW,OECD.ELS.HD:DSD_SHA@DF_SHA(1.0),Health expenditure and financing,I,CZE,Czechia,A,Annual,EXP_HEALTH,Expenditure,PT_B1GQ,Percentage of GDP,_T,Total,_Z,Not application,_T,Total,_T,Total,_T,Total,_Z,Not applicable,_Z,Not applicable,_Z,Not applicable,1999,,5.769,,,,,,,,,,,,0,Units,1,One
DATAFLOW,OECD.ELS.HD:DSD_SHA@DF_SHA(1.0),Health expenditure and financing,I,CZE,Czechia,A,Annual,EXP_HEALTH,Expenditure,PT_B1GQ,Percentage of GDP,_T,Total,_Z,Not application,_T,Total,_T,Total,_T,Total,_Z,Not applicable,_Z,Not applicable,_Z,Not applicable,2001,,5.863,,,,,,,,,,,,0,Units,1,One
DATAFLOW,OECD.ELS.HD:DSD_SHA@DF_SHA(1.0),Health expenditure and financing,I,CZE,Czechia,A,Annual,EXP_HEALTH,Expenditure,PT_B1GQ,Percentage of GDP,_T,Total,_Z,Not application,_T,Total,_T,Total,_T,Total,_Z,Not applicable,_Z,Not applicable,_Z,Not applicable,2002,,6.177,,,,,,,,,,,,0,Units,1,One
DATAFLOW,OECD.ELS.HD:DSD_SHA@DF_SHA(1.0),Health expenditure and financing,I,CZE,Czechia,A,Annual,EXP_HEALTH,Expenditure,PT_B1GQ,Percentage of GDP,_T,Total,_Z,Not application,_T,Total,_T,Total,_T,Total,_Z,Not applicable,_Z,Not applicable,_Z,Not applicable,2004,,6.351,,,,,,,,,,,,0,Units,1,One
DATAFLOW,OECD.ELS.HD:DSD_SHA@DF_SHA(1.0),Health expenditure and financing,I,CZE,Czechia,A,Annual,EXP_HEALTH,Expenditure,PT_B1GQ,Percentage of GDP,_T,Total,_Z,Not application,_T,Total,_T,Total,_T,Total,_Z,Not applicable,_Z,Not applicable,_Z,Not applicable,2005,,6.341,,,,,,,,,,,,0,Units,1,One
DATAFLOW,OECD.ELS.HD:DSD_SHA@DF_SHA(1.0),Health expenditure and financing,I,CZE,Czechia,A,Annual,EXP_HEALTH,Expenditure,PT_B1GQ,Percentage of GDP,_T,Total,_Z,Not application,_T,Total,_T,Total,_T,Total,_Z,Not applicable,_Z,Not applicable,_Z,Not applicable,2006,,6.164,,,,,,,,,,,,0,Units,1,One
DATAFLOW,OECD.ELS.HD:DSD_SHA@DF_SHA(1.0),Health expenditure and financing,I,CZE,Czechia,A,Annual,EXP_HEALTH,Expenditure,PT_B1GQ,Percentage of GDP,_T,Total,_Z,Not application,_T,Total,_T,Total,_T,Total,_Z,Not applicable,_Z,Not applicable,_Z,Not applicable,2000,,5.701,,,,,,B,Time series break,,,,,0,Units,1,One
DATAFLOW,OECD.ELS.HD:DSD_SHA@DF_SHA(1.0),Health expenditure and financing,I,CZE,Czechia,A,Annual,EXP_HEALTH,Expenditure,PT_B1GQ,Percentage of GDP,_T,Total,_Z,Not application,_T,Total,_T,Total,_T,Total,_Z,Not applicable,_Z,Not applicable,_Z,Not applicable,2003,,6.524,,,,,,B,Time series break,,,,,0,Units,1,One
DATAFLOW,OECD.ELS.HD:DSD_SHA@DF_SHA(1.0),Health expenditure and financing,I,CZE,Czechia,A,Annual,EXP_HEALTH,Expenditure,PT_B1GQ,Percentage of GDP,_T,Total,_Z,Not application,_T,Total,_T,Total,_T,Total,_Z,Not applicable,_Z,Not applicable,_Z,Not applicable,2009,,7.249,,,,,,,,,,,,0,Units,1,One
DATAFLOW,OECD.ELS.HD:DSD_SHA@DF_SHA(1.0),Health expenditure and financing,I,CZE,Czechia,A,Annual,EXP_HEALTH,Expenditure,PT_B1GQ,Percentage of GDP,_T,Total,_Z,Not application,_T,Total,_T,Total,_T,Total,_Z,Not applicable,_Z,Not applicable,_Z,Not applicable,2010,,7.553,,,,,,,,,,,,0,Units,1,One
DATAFLOW,OECD.ELS.HD:DSD_SHA@DF_SHA(1.0),Health expenditure and financing,I,CZE,Czechia,A,Annual,EXP_HEALTH,Expenditure,PT_B1GQ,Percentage of GDP,_T,Total,_Z,Not application,_T,Total,_T,Total,_T,Total,_Z,Not applicable,_Z,Not applicable,_Z,Not applicable,2011,,7.534,,,,,,,,,,,,0,Units,1,One
DATAFLOW,OECD.ELS.HD:DSD_SHA@DF_SHA(1.0),Health expenditure and financing,I,CZE,Czechia,A,Annual,EXP_HEALTH,Expenditure,PT_B1GQ,Percentage of GDP,_T,Total,_Z,Not application,_T,Total,_T,Total,_T,Total,_Z,Not applicable,_Z,Not applicable,_Z,Not applicable,2012,,7.594,,,,,,,,,,,,0,Units,1,One
DATAFLOW,OECD.ELS.HD:DSD_SHA@DF_SHA(1.0),Health expenditure and financing,I,CZE,Czechia,A,Annual,EXP_HEALTH,Expenditure,PT_B1GQ,Percentage of GDP,_T,Total,_Z,Not application,_T,Total,_T,Total,_T,Total,_Z,Not applicable,_Z,Not applicable,_Z,Not applicable,2013,,7.495,,,,,,,,,,,,0,Units,1,One
DATAFLOW,OECD.ELS.HD:DSD_SHA@DF_SHA(1.0),Health expenditure and financing,I,CZE,Czechia,A,Annual,EXP_HEALTH,Expenditure,PT_B1GQ,Percentage of GDP,_T,Total,_Z,Not application,_T,Total,_T,Total,_T,Total,_Z,Not applicable,_Z,Not applicable,_Z,Not applicable,2014,,7.595,,,,,,,,,,,,0,Units,1,One
DATAFLOW,OECD.ELS.HD:DSD_SHA@DF_SHA(1.0),Health expenditure and financing,I,CZE,Czechia,A,Annual,EXP_HEALTH,Expenditure,PT_B1GQ,Percentage of GDP,_T,Total,_Z,Not application,_T,Total,_T,Total,_T,Total,_Z,Not applicable,_Z,Not applicable,_Z,Not applicable,2015,,7.335,,,,,,,,,,,,0,Units,1,One
DATAFLOW,OECD.ELS.HD:DSD_SHA@DF_SHA(1.0),Health expenditure and financing,I,CZE,Czechia,A,Annual,EXP_HEALTH,Expenditure,PT_B1GQ,Percentage of GDP,_T,Total,_Z,Not application,_T,Total,_T,Total,_T,Total,_Z,Not applicable,_Z,Not applicable,_Z,Not applicable,2016,,7.393,,,,,,,,,,,,0,Units,1,One
DATAFLOW,OECD.ELS.HD:DSD_SHA@DF_SHA(1.0),Health expenditure and financing,I,CZE,Czechia,A,Annual,EXP_HEALTH,Expenditure,PT_B1GQ,Percentage of GDP,_T,Total,_Z,Not application,_T,Total,_T,Total,_T,Total,_Z,Not applicable,_Z,Not applicable,_Z,Not applicable,2017,,7.339,,,,,,,,,,,,0,Units,1,One
DATAFLOW,OECD.ELS.HD:DSD_SHA@DF_SHA(1.0),Health expenditure and financing,I,CZE,Czechia,A,Annual,EXP_HEALTH,Expenditure,PT_B1GQ,Percentage of GDP,_T,Total,_Z,Not application,_T,Total,_T,Total,_T,Total,_Z,Not applicable,_Z,Not applicable,_Z,Not applicable,2018,,7.46,,,,,,,,,,,,0,Units,1,One
DATAFLOW,OECD.ELS.HD:DSD_SHA@DF_SHA(1.0),Health expenditure and financing,I,CZE,Czechia,A,Annual,EXP_HEALTH,Expenditure,PT_B1GQ,Percentage of GDP,_T,Total,_Z,Not application,_T,Total,_T,Total,_T,Total,_Z,Not applicable,_Z,Not applicable,_Z,Not applicable,2019,,7.613,,,,,,,,,,,,0,Units,1,One
DATAFLOW,OECD.ELS.HD:DSD_SHA@DF_SHA(1.0),Health expenditure and financing,I,IRL,Ireland,A,Annual,EXP_HEALTH,Expenditure,PT_B1GQ,Percentage of GDP,_T,Total,_Z,Not application,_T,Total,_T,Total,_T,Total,_Z,Not applicable,_Z,Not applicable,_Z,Not applicable,2013,,10.287,,,,,,,,,,,,0,Units,1,One
DATAFLOW,OECD.ELS.HD:DSD_SHA@DF_SHA(1.0),Health expenditure and financing,I,IRL,Ireland,A,Annual,EXP_HEALTH,Expenditure,PT_B1GQ,Percentage of GDP,_T,Total,_Z,Not application,_T,Total,_T,Total,_T,Total,_Z,Not applicable,_Z,Not applicable,_Z,Not applicable,2014,,9.495,,,,,,,,,,,,0,Units,1,One
DATAFLOW,OECD.ELS.HD:DSD_SHA@DF_SHA(1.0),Health expenditure and financing,I,CZE,Czechia,A,Annual,EXP_HEALTH,Expenditure,PT_B1GQ,Percentage of GDP,_T,Total,_Z,Not application,_T,Total,_T,Total,_T,Total,_Z,Not applicable,_Z,Not applicable,_Z,Not applicable,2022,,8.799,,,,,,,,,,,,0,Units,1,One
DATAFLOW,OECD.ELS.HD:DSD_SHA@DF_SHA(1.0),Health expenditure and financing,I,CZE,Czechia,A,Annual,EXP_HEALTH,Expenditure,PT_B1GQ,Percentage of GDP,_T,Total,_Z,Not application,_T,Total,_T,Total,_T,Total,_Z,Not applicable,_Z,Not applicable,_Z,Not applicable,1992,,3.971,,,,,,,,,,,,0,Units,1,One
DATAFLOW,OECD.ELS.HD:DSD_SHA@DF_SHA(1.0),Health expenditure and financing,I,CZE,Czechia,A,Annual,EXP_HEALTH,Expenditure,PT_B1GQ,Percentage of GDP,_T,Total,_Z,Not application,_T,Total,_T,Total,_T,Total,_Z,Not applicable,_Z,Not applicable,_Z,Not applicable,1993,,5.318,,,,,,,,,,,,0,Units,1,One
DATAFLOW,OECD.ELS.HD:DSD_SHA@DF_SHA(1.0),Health expenditure and financing,I,CZE,Czechia,A,Annual,EXP_HEALTH,Expenditure,PT_B1GQ,Percentage of GDP,_T,Total,_Z,Not application,_T,Total,_T,Total,_T,Total,_Z,Not applicable,_Z,Not applicable,_Z,Not applicable,1994,,5.479,,,,,,,,,,,,0,Units,1,One
DATAFLOW,OECD.ELS.HD:DSD_SHA@DF_SHA(1.0),Health expenditure and financing,I,CZE,Czechia,A,Annual,EXP_HEALTH,Expenditure,PT_B1GQ,Percentage of GDP,_T,Total,_Z,Not application,_T,Total,_T,Total,_T,Total,_Z,Not applicable,_Z,Not applicable,_Z,Not applicable,1996,,5.586,,,,,,,,,,,,0,Units,1,One
DATAFLOW,OECD.ELS.HD:DSD_SHA@DF_SHA(1.0),Health expenditure and financing,I,BEL,Belgium,A,Annual,EXP_HEALTH,Expenditure,PT_B1GQ,Percentage of GDP,_T,Total,_Z,Not application,_T,Total,_T,Total,_T,Total,_Z,Not applicable,_Z,Not applicable,_Z,Not applicable,1992,,7.639,,,,,,D,Definition differs,,,,,0,Units,1,One
DATAFLOW,OECD.ELS.HD:DSD_SHA@DF_SHA(1.0),Health expenditure and financing,I,BEL,Belgium,A,Annual,EXP_HEALTH,Expenditure,PT_B1GQ,Percentage of GDP,_T,Total,_Z,Not application,_T,Total,_T,Total,_T,Total,_Z,Not applicable,_Z,Not applicable,_Z,Not applicable,1993,,7.763,,,,,,D,Definition differs,,,,,0,Units,1,One
DATAFLOW,OECD.ELS.HD:DSD_SHA@DF_SHA(1.0),Health expenditure and financing,I,BEL,Belgium,A,Annual,EXP_HEALTH,Expenditure,PT_B1GQ,Percentage of GDP,_T,Total,_Z,Not application,_T,Total,_T,Total,_T,Total,_Z,Not applicable,_Z,Not applicable,_Z,Not applicable,1994,,7.56,,,,,,D,Definition differs,,,,,0,Units,1,One
DATAFLOW,OECD.ELS.HD:DSD_SHA@DF_SHA(1.0),Health expenditure and financing,I,BEL,Belgium,A,Annual,EXP_HEALTH,Expenditure,PT_B1GQ,Percentage of GDP,_T,Total,_Z,Not application,_T,Total,_T,Total,_T,Total,_Z,Not applicable,_Z,Not applicable,_Z,Not applicable,1995,,7.519,,,,,,B,Time series break,,,,,0,Units,1,One
DATAFLOW,OECD.ELS.HD:DSD_SHA@DF_SHA(1.0),Health expenditure and financing,I,BEL,Belgium,A,Annual,EXP_HEALTH,Expenditure,PT_B1GQ,Percentage of GDP,_T,Total,_Z,Not application,_T,Total,_T,Total,_T,Total,_Z,Not applicable,_Z,Not applicable,_Z,Not applicable,2015,,10.797,,,,,,,,,,,,0,Units,1,One
DATAFLOW,OECD.ELS.HD:DSD_SHA@DF_SHA(1.0),Health expenditure and financing,I,BEL,Belgium,A,Annual,EXP_HEALTH,Expenditure,PT_B1GQ,Percentage of GDP,_T,Total,_Z,Not application,_T,Total,_T,Total,_T,Total,_Z,Not applicable,_Z,Not applicable,_Z,Not applicable,2016,,10.793,,,,,,,,,,,,0,Units,1,One
DATAFLOW,OECD.ELS.HD:DSD_SHA@DF_SHA(1.0),Health expenditure and financing,I,BEL,Belgium,A,Annual,EXP_HEALTH,Expenditure,PT_B1GQ,Percentage of GDP,_T,Total,_Z,Not application,_T,Total,_T,Total,_T,Total,_Z,Not applicable,_Z,Not applicable,_Z,Not applicable,2017,,10.801,,,,,,,,,,,,0,Units,1,One
DATAFLOW,OECD.ELS.HD:DSD_SHA@DF_SHA(1.0),Health expenditure and financing,I,BEL,Belgium,A,Annual,EXP_HEALTH,Expenditure,PT_B1GQ,Percentage of GDP,_T,Total,_Z,Not application,_T,Total,_T,Total,_T,Total,_Z,Not applicable,_Z,Not applicable,_Z,Not applicable,2018,,10.861,,,,,,,,,,,,0,Units,1,One
DATAFLOW,OECD.ELS.HD:DSD_SHA@DF_SHA(1.0),Health expenditure and financing,I,BEL,Belgium,A,Annual,EXP_HEALTH,Expenditure,PT_B1GQ,Percentage of GDP,_T,Total,_Z,Not application,_T,Total,_T,Total,_T,Total,_Z,Not applicable,_Z,Not applicable,_Z,Not applicable,2019,,10.76,,,,,,,,,,,,0,Units,1,One
DATAFLOW,OECD.ELS.HD:DSD_SHA@DF_SHA(1.0),Health expenditure and financing,I,BEL,Belgium,A,Annual,EXP_HEALTH,Expenditure,PT_B1GQ,Percentage of GDP,_T,Total,_Z,Not application,_T,Total,_T,Total,_T,Total,_Z,Not applicable,_Z,Not applicable,_Z,Not applicable,2020,,11.27,,,,,,,,,,,,0,Units,1,One
DATAFLOW,OECD.ELS.HD:DSD_SHA@DF_SHA(1.0),Health expenditure and financing,I,BEL,Belgium,A,Annual,EXP_HEALTH,Expenditure,PT_B1GQ,Percentage of GDP,_T,Total,_Z,Not application,_T,Total,_T,Total,_T,Total,_Z,Not applicable,_Z,Not applicable,_Z,Not applicable,2021,,11.044,,,,,,,,,,,,0,Units,1,One
DATAFLOW,OECD.ELS.HD:DSD_SHA@DF_SHA(1.0),Health expenditure and financing,I,BEL,Belgium,A,Annual,EXP_HEALTH,Expenditure,PT_B1GQ,Percentage of GDP,_T,Total,_Z,Not application,_T,Total,_T,Total,_T,Total,_Z,Not applicable,_Z,Not applicable,_Z,Not applicable,2022,,10.759,,,,,,,,,,,,0,Units,1,One
DATAFLOW,OECD.ELS.HD:DSD_SHA@DF_SHA(1.0),Health expenditure and financing,I,BEL,Belgium,A,Annual,EXP_HEALTH,Expenditure,PT_B1GQ,Percentage of GDP,_T,Total,_Z,Not application,_T,Total,_T,Total,_T,Total,_Z,Not applicable,_Z,Not applicable,_Z,Not applicable,2003,,9.164,,,,,,B,Time series break,,,,,0,Units,1,One
DATAFLOW,OECD.ELS.HD:DSD_SHA@DF_SHA(1.0),Health expenditure and financing,I,BEL,Belgium,A,Annual,EXP_HEALTH,Expenditure,PT_B1GQ,Percentage of GDP,_T,Total,_Z,Not application,_T,Total,_T,Total,_T,Total,_Z,Not applicable,_Z,Not applicable,_Z,Not applicable,2023,,10.915,,,,,,E,Estimated value,,,,,0,Units,1,One
DATAFLOW,OECD.ELS.HD:DSD_SHA@DF_SHA(1.0),Health expenditure and financing,I,BEL,Belgium,A,Annual,EXP_HEALTH,Expenditure,PT_B1GQ,Percentage of GDP,_T,Total,_Z,Not application,_T,Total,_T,Total,_T,Total,_Z,Not applicable,_Z,Not applicable,_Z,Not applicable,1996,,7.814,,,,,,,,,,,,0,Units,1,One
DATAFLOW,OECD.ELS.HD:DSD_SHA@DF_SHA(1.0),Health expenditure and financing,I,BEL,Belgium,A,Annual,EXP_HEALTH,Expenditure,PT_B1GQ,Percentage of GDP,_T,Total,_Z,Not application,_T,Total,_T,Total,_T,Total,_Z,Not applicable,_Z,Not applicable,_Z,Not applicable,1997,,7.675,,,,,,,,,,,,0,Units,1,One
DATAFLOW,OECD.ELS.HD:DSD_SHA@DF_SHA(1.0),Health expenditure and financing,I,BEL,Belgium,A,Annual,EXP_HEALTH,Expenditure,PT_B1GQ,Percentage of GDP,_T,Total,_Z,Not application,_T,Total,_T,Total,_T,Total,_Z,Not applicable,_Z,Not applicable,_Z,Not applicable,1998,,7.797,,,,,,,,,,,,0,Units,1,One
DATAFLOW,OECD.ELS.HD:DSD_SHA@DF_SHA(1.0),Health expenditure and financing,I,BEL,Belgium,A,Annual,EXP_HEALTH,Expenditure,PT_B1GQ,Percentage of GDP,_T,Total,_Z,Not application,_T,Total,_T,Total,_T,Total,_Z,Not applicable,_Z,Not applicable,_Z,Not applicable,1999,,7.963,,,,,,,,,,,,0,Units,1,One
DATAFLOW,OECD.ELS.HD:DSD_SHA@DF_SHA(1.0),Health expenditure and financing,I,BEL,Belgium,A,Annual,EXP_HEALTH,Expenditure,PT_B1GQ,Percentage of GDP,_T,Total,_Z,Not application,_T,Total,_T,Total,_T,Total,_Z,Not applicable,_Z,Not applicable,_Z,Not applicable,2000,,7.999,,,,,,,,,,,,0,Units,1,One
DATAFLOW,OECD.ELS.HD:DSD_SHA@DF_SHA(1.0),Health expenditure and financing,I,BEL,Belgium,A,Annual,EXP_HEALTH,Expenditure,PT_B1GQ,Percentage of GDP,_T,Total,_Z,Not application,_T,Total,_T,Total,_T,Total,_Z,Not applicable,_Z,Not applicable,_Z,Not applicable,2001,,8.15,,,,,,,,,,,,0,Units,1,One
DATAFLOW,OECD.ELS.HD:DSD_SHA@DF_SHA(1.0),Health expenditure and financing,I,BEL,Belgium,A,Annual,EXP_HEALTH,Expenditure,PT_B1GQ,Percentage of GDP,_T,Total,_Z,Not application,_T,Total,_T,Total,_T,Total,_Z,Not applicable,_Z,Not applicable,_Z,Not applicable,2002,,8.318,,,,,,,,,,,,0,Units,1,One
DATAFLOW,OECD.ELS.HD:DSD_SHA@DF_SHA(1.0),Health expenditure and financing,I,BEL,Belgium,A,Annual,EXP_HEALTH,Expenditure,PT_B1GQ,Percentage of GDP,_T,Total,_Z,Not application,_T,Total,_T,Total,_T,Total,_Z,Not applicable,_Z,Not applicable,_Z,Not applicable,2004,,9.328,,,,,,,,,,,,0,Units,1,One
DATAFLOW,OECD.ELS.HD:DSD_SHA@DF_SHA(1.0),Health expenditure and financing,I,BEL,Belgium,A,Annual,EXP_HEALTH,Expenditure,PT_B1GQ,Percentage of GDP,_T,Total,_Z,Not application,_T,Total,_T,Total,_T,Total,_Z,Not applicable,_Z,Not applicable,_Z,Not applicable,2005,,9.222,,,,,,,,,,,,0,Units,1,One
DATAFLOW,OECD.ELS.HD:DSD_SHA@DF_SHA(1.0),Health expenditure and financing,I,BEL,Belgium,A,Annual,EXP_HEALTH,Expenditure,PT_B1GQ,Percentage of GDP,_T,Total,_Z,Not application,_T,Total,_T,Total,_T,Total,_Z,Not applicable,_Z,Not applicable,_Z,Not applicable,2006,,9.128,,,,,,,,,,,,0,Units,1,One
DATAFLOW,OECD.ELS.HD:DSD_SHA@DF_SHA(1.0),Health expenditure and financing,I,BEL,Belgium,A,Annual,EXP_HEALTH,Expenditure,PT_B1GQ,Percentage of GDP,_T,Total,_Z,Not application,_T,Total,_T,Total,_T,Total,_Z,Not applicable,_Z,Not applicable,_Z,Not applicable,2007,,9.134,,,,,,,,,,,,0,Units,1,One
DATAFLOW,OECD.ELS.HD:DSD_SHA@DF_SHA(1.0),Health expenditure and financing,I,BEL,Belgium,A,Annual,EXP_HEALTH,Expenditure,PT_B1GQ,Percentage of GDP,_T,Total,_Z,Not application,_T,Total,_T,Total,_T,Total,_Z,Not applicable,_Z,Not applicable,_Z,Not applicable,2008,,9.593,,,,,,,,,,,,0,Units,1,One
