"Leeftijd";"Marges";"Perioden";"Wijken en buurten";"Regioaanduiding/Gemeentenaam (naam)";"Regioaanduiding/Soort regio (omschrijving)";"Regioaanduiding/Codering (code)";"Ervaren gezondheid (goed/zeer goed) (%)";"Bewegen/Voldoet aan beweegrichtlijn (%)";"Onder- en overgewicht/Mate van overgewicht/Ernstig overgewicht (%)";"Roker (%)";"Alcoholgebruik/Voldoet aan alcohol richtlijn (%)";"Lichamelijke gezondheid/Eén of meer langdurige aandoeningen (%)";"Psychische klachten (%)";"Veerkracht/(Zeer) lage veerkracht (%)";"Hoog risico op angst of depressie (%)";"Eenzaamheid/Ernstig/zeer ernstig eenzaam (%)"
"18 jaar of ouder";"Waarde";"2022";"Amsterdam";"Amsterdam                               ";"Gemeente  ";"GM0363              ";"    66.8";"    53.8";"    12.8";"    23.6";"    41.8";"    32.8";"    31.6";"    21.6";"    15.1";"    20.7"
"18 jaar of ouder";"Waarde";"2022";"Burgwallen-Oude Zijde";"Amsterdam                               ";"Wijk      ";"WK036300            ";"    71.7";"    63.2";"     8.2";"    29.4";"    25.7";"    28.8";"    33.1";"    20.2";"    15.6";"    20.6"
"18 jaar of ouder";"Waarde";"2022";"Kop Zeedijk";"Amsterdam                               ";"Buurt     ";"BU03630000          ";"    72.4";"    63.1";"     8.6";"    29.5";"    26.1";"    28.5";"    31.8";"    19.8";"    14.7";"    21.1"
"18 jaar of ouder";"Waarde";"2022";"Oude Kerk e.o.";"Amsterdam                               ";"Buurt     ";"BU03630001          ";"    70.9";"    63.0";"     8.1";"    31.1";"    24.5";"    28.5";"    33.6";"    20.7";"    16.7";"    20.9"
"18 jaar of ouder";"Waarde";"2022";"Burgwallen Oost";"Amsterdam                               ";"Buurt     ";"BU03630002          ";"    70.8";"    62.6";"     8.4";"    29.5";"    26.9";"    29.1";"    33.2";"    21.1";"    16.4";"    21.1"
"18 jaar of ouder";"Waarde";"2022";"Nes e.o.";"Amsterdam                               ";"Buurt     ";"BU03630003          ";"    74.6";"    64.8";"     7.8";"    28.3";"    23.8";"    26.9";"    34.8";"    18.3";"    15.3";"    19.9"
"18 jaar of ouder";"Waarde";"2022";"BG-terrein e.o.";"Amsterdam                               ";"Buurt     ";"BU03630004          ";"    72.0";"    63.9";"     7.4";"    28.0";"    24.6";"    29.8";"    33.6";"    19.3";"    14.4";"    18.8"
"18 jaar of ouder";"Waarde";"2022";"Burgwallen-Nieuwe Zijde";"Amsterdam                               ";"Wijk      ";"WK036301            ";"    73.1";"    64.4";"     7.7";"    29.7";"    24.5";"    27.2";"    33.9";"    19.8";"    15.7";"    20.9"
"18 jaar of ouder";"Waarde";"2022";"Stationsplein e.o.";"Amsterdam                               ";"Buurt     ";"BU03630100          ";"       .";"       .";"       .";"       .";"       .";"       .";"       .";"       .";"       .";"       ."
"18 jaar of ouder";"Waarde";"2022";"Hemelrijk";"Amsterdam                               ";"Buurt     ";"BU03630101          ";"    72.4";"    64.1";"     8.0";"    30.1";"    24.6";"    27.8";"    33.4";"    19.4";"    15.6";"    21.8"
"18 jaar of ouder";"Waarde";"2022";"Nieuwendijk Noord";"Amsterdam                               ";"Buurt     ";"BU03630102          ";"    71.5";"    63.6";"     7.9";"    31.4";"    25.4";"    27.3";"    34.7";"    21.2";"    16.4";"    22.7"
"18 jaar of ouder";"Waarde";"2022";"Spuistraat Noord";"Amsterdam                               ";"Buurt     ";"BU03630103          ";"    74.6";"    65.1";"     7.0";"    29.0";"    23.1";"    26.2";"    32.8";"    19.5";"    16.0";"    20.2"
"18 jaar of ouder";"Waarde";"2022";"Nieuwe Kerk e.o.";"Amsterdam                               ";"Buurt     ";"BU03630104          ";"    73.7";"    65.3";"     7.6";"    29.9";"    23.8";"    26.2";"    33.0";"    19.8";"    15.8";"    20.5"
"18 jaar of ouder";"Waarde";"2022";"Spuistraat Zuid";"Amsterdam                               ";"Buurt     ";"BU03630105          ";"    72.7";"    64.1";"     8.1";"    29.6";"    24.7";"    28.3";"    34.7";"    19.4";"    15.3";"    20.6"
"18 jaar of ouder";"Waarde";"2022";"Begijnhofbuurt";"Amsterdam                               ";"Buurt     ";"BU03630106          ";"    70.3";"    62.2";"     8.7";"    28.4";"    29.0";"    30.5";"    35.9";"    20.5";"    15.0";"    21.2"
"18 jaar of ouder";"Waarde";"2022";"Kalverdriehoek";"Amsterdam                               ";"Buurt     ";"BU03630107          ";"    75.6";"    65.8";"     6.9";"    30.3";"    21.5";"    24.4";"    33.5";"    18.4";"    15.0";"    19.7"
"18 jaar of ouder";"Waarde";"2022";"Grachtengordel-West";"Amsterdam                               ";"Wijk      ";"WK036302            ";"    76.3";"    63.8";"     7.3";"    23.4";"    24.7";"    28.6";"    26.9";"    15.7";"    11.4";"    17.0"
"18 jaar of ouder";"Waarde";"2022";"Langestraat e.o.";"Amsterdam                               ";"Buurt     ";"BU03630200          ";"    76.4";"    62.5";"     7.4";"    21.8";"    25.6";"    29.9";"    24.5";"    14.7";"    10.3";"    15.6"
"18 jaar of ouder";"Waarde";"2022";"Leliegracht e.o.";"Amsterdam                               ";"Buurt     ";"BU03630201          ";"    76.2";"    64.6";"     7.0";"    24.0";"    24.6";"    27.7";"    28.1";"    16.2";"    12.6";"    18.2"
"18 jaar of ouder";"Waarde";"2022";"Felix Meritisbuurt";"Amsterdam                               ";"Buurt     ";"BU03630202          ";"    76.2";"    63.8";"     7.5";"    24.1";"    24.4";"    28.8";"    27.7";"    16.0";"    11.5";"    17.1"
"18 jaar of ouder";"Waarde";"2022";"Leidsegracht Noord";"Amsterdam                               ";"Buurt     ";"BU03630203          ";"    76.6";"    64.4";"     7.2";"    24.0";"    24.0";"    27.7";"    28.1";"    15.8";"    11.2";"    17.0"
"18 jaar of ouder";"Waarde";"2022";"Grachtengordel-Zuid";"Amsterdam                               ";"Wijk      ";"WK036303            ";"    76.3";"    63.8";"     7.1";"    24.0";"    24.3";"    27.7";"    27.3";"    16.2";"    11.4";"    17.5"
"18 jaar of ouder";"Waarde";"2022";"Spiegelbuurt";"Amsterdam                               ";"Buurt     ";"BU03630300          ";"    77.1";"    64.1";"     6.9";"    23.2";"    24.3";"    27.1";"    26.6";"    15.7";"    10.9";"    17.1"
"18 jaar of ouder";"Waarde";"2022";"Gouden Bocht";"Amsterdam                               ";"Buurt     ";"BU03630301          ";"    76.7";"    63.6";"     6.6";"    25.2";"    24.5";"    26.2";"    28.0";"    15.9";"    11.8";"    19.7"
"18 jaar of ouder";"Waarde";"2022";"Van Loonbuurt";"Amsterdam                               ";"Buurt     ";"BU03630302          ";"    77.0";"    63.1";"     7.0";"    22.3";"    24.0";"    28.7";"    25.0";"    15.0";"    10.1";"    15.1"
"18 jaar of ouder";"Waarde";"2022";"Amstelveldbuurt";"Amsterdam                               ";"Buurt     ";"BU03630303          ";"    76.8";"    63.6";"     7.0";"    21.5";"    24.5";"    29.6";"    24.4";"    14.9";"     9.9";"    14.9"
"18 jaar of ouder";"Waarde";"2022";"Rembrandtpleinbuurt";"Amsterdam                               ";"Buurt     ";"BU03630304          ";"    74.5";"    64.1";"     7.6";"    27.9";"    27.0";"    25.2";"    33.2";"    20.1";"    14.7";"    25.5"
"18 jaar of ouder";"Waarde";"2022";"Reguliersbuurt";"Amsterdam                               ";"Buurt     ";"BU03630305          ";"    74.0";"    66.3";"     6.8";"    32.4";"    21.3";"    23.7";"    35.4";"    20.2";"    16.5";"    22.8"
"18 jaar of ouder";"Waarde";"2022";"Leidsegracht Zuid";"Amsterdam                               ";"Buurt     ";"BU03630306          ";"    76.6";"    63.7";"     7.1";"    24.3";"    23.6";"    28.0";"    27.5";"    15.5";"    11.0";"    16.4"
"18 jaar of ouder";"Waarde";"2022";"Nieuwmarkt/Lastage";"Amsterdam                               ";"Wijk      ";"WK036304            ";"    70.7";"    59.9";"     9.0";"    24.8";"    29.7";"    32.8";"    28.6";"    18.4";"    12.5";"    18.6"
"18 jaar of ouder";"Waarde";"2022";"Oosterdokseiland";"Amsterdam                               ";"Buurt     ";"BU03630400          ";"    73.4";"    60.2";"    10.0";"    23.6";"    30.5";"    29.2";"    28.0";"    17.0";"    12.5";"    19.8"
"18 jaar of ouder";"Waarde";"2022";"Scheepvaarthuisbuurt";"Amsterdam                               ";"Buurt     ";"BU03630401          ";"    76.2";"    63.6";"     7.1";"    24.6";"    23.0";"    28.2";"    26.6";"    16.3";"    11.9";"    14.5"
"18 jaar of ouder";"Waarde";"2022";"Rapenburg";"Amsterdam                               ";"Buurt     ";"BU03630402          ";"    72.7";"    63.3";"     8.0";"    26.8";"    26.7";"    29.0";"    30.4";"    18.7";"    13.9";"    20.1"
"18 jaar of ouder";"Waarde";"2022";"Lastage";"Amsterdam                               ";"Buurt     ";"BU03630403          ";"    73.5";"    61.6";"     8.1";"    24.4";"    27.1";"    30.9";"    27.7";"    17.5";"    11.9";"    16.9"
"18 jaar of ouder";"Waarde";"2022";"Nieuwmarkt";"Amsterdam                               ";"Buurt     ";"BU03630404          ";"    64.6";"    55.7";"    10.8";"    25.3";"    34.4";"    38.8";"    29.4";"    20.2";"    13.6";"    19.6"
"18 jaar of ouder";"Waarde";"2022";"Uilenburg";"Amsterdam                               ";"Buurt     ";"BU03630405          ";"    70.6";"    60.7";"     9.0";"    24.4";"    30.9";"    32.5";"    28.5";"    18.8";"    12.7";"    19.6"
"18 jaar of ouder";"Waarde";"2022";"Valkenburg";"Amsterdam                               ";"Buurt     ";"BU03630406          ";"    71.3";"    58.7";"     8.3";"    22.8";"    30.6";"    32.9";"    27.1";"    17.7";"    11.3";"    18.2"
"18 jaar of ouder";"Waarde";"2022";"Zuiderkerkbuurt";"Amsterdam                               ";"Buurt     ";"BU03630407          ";"    69.8";"    59.4";"     9.3";"    25.5";"    29.8";"    34.0";"    29.2";"    18.5";"    12.3";"    18.6"
"18 jaar of ouder";"Waarde";"2022";"Waterloopleinbuurt";"Amsterdam                               ";"Buurt     ";"BU03630408          ";"    70.3";"    59.7";"     9.3";"    24.7";"    30.3";"    33.4";"    29.1";"    18.5";"    12.2";"    18.9"
"18 jaar of ouder";"Waarde";"2022";"Haarlemmerbuurt";"Amsterdam                               ";"Wijk      ";"WK036305            ";"    69.8";"    59.5";"     9.8";"    24.1";"    31.9";"    33.7";"    28.4";"    18.5";"    12.5";"    18.5"
"18 jaar of ouder";"Waarde";"2022";"Westerdokseiland";"Amsterdam                               ";"Buurt     ";"BU03630500          ";"    71.2";"    58.0";"    10.0";"    20.1";"    34.2";"    33.7";"    24.7";"    17.2";"    10.8";"    16.9"
"18 jaar of ouder";"Waarde";"2022";"Haarlemmerbuurt Oost";"Amsterdam                               ";"Buurt     ";"BU03630501          ";"    71.5";"    60.5";"     8.8";"    25.6";"    28.3";"    32.2";"    29.2";"    18.0";"    12.9";"    18.2"
"18 jaar of ouder";"Waarde";"2022";"Haarlemmerbuurt West";"Amsterdam                               ";"Buurt     ";"BU03630502          ";"    68.1";"    60.0";"    10.4";"    25.9";"    32.8";"    34.0";"    30.3";"    19.7";"    13.7";"    19.5"
"18 jaar of ouder";"Waarde";"2022";"Westelijke eilanden";"Amsterdam                               ";"Buurt     ";"BU03630503          ";"    70.3";"    58.8";"     9.5";"    23.3";"    31.6";"    33.8";"    27.4";"    17.9";"    11.7";"    18.1"
"18 jaar of ouder";"Waarde";"2022";"Planciusbuurt Noord";"Amsterdam                               ";"Buurt     ";"BU03630505          ";"    67.9";"    64.9";"    10.1";"    30.0";"    30.8";"    32.7";"    33.8";"    21.3";"    15.5";"    22.2"
"18 jaar of ouder";"Waarde";"2022";"Planciusbuurt Zuid";"Amsterdam                               ";"Buurt     ";"BU03630506          ";"    59.0";"    60.2";"    12.6";"    29.9";"    36.7";"    40.8";"    35.7";"    23.9";"    17.3";"    24.9"
"18 jaar of ouder";"Waarde";"2022";"Jordaan";"Amsterdam                               ";"Wijk      ";"WK036306            ";"    69.4";"    59.5";"     9.6";"    25.7";"    30.6";"    33.4";"    30.5";"    19.3";"    13.8";"    19.4"
"18 jaar of ouder";"Waarde";"2022";"Driehoekbuurt";"Amsterdam                               ";"Buurt     ";"BU03630600          ";"    69.1";"    59.8";"     9.8";"    26.6";"    30.3";"    33.4";"    30.8";"    19.5";"    14.2";"    19.8"
"18 jaar of ouder";"Waarde";"2022";"Bloemgrachtbuurt";"Amsterdam                               ";"Buurt     ";"BU03630602          ";"    71.3";"    60.5";"     8.9";"    24.6";"    29.2";"    32.0";"    30.2";"    18.4";"    13.3";"    18.7"
"18 jaar of ouder";"Waarde";"2022";"Marnixbuurt Noord";"Amsterdam                               ";"Buurt     ";"BU03630603          ";"    65.2";"    56.7";"    11.3";"    26.9";"    35.4";"    35.1";"    32.0";"    21.2";"    15.1";"    21.1"
"18 jaar of ouder";"Waarde";"2022";"Zaagpoortbuurt";"Amsterdam                               ";"Buurt     ";"BU03630604          ";"    66.1";"    60.8";"     9.7";"    32.1";"    31.0";"    33.0";"    38.4";"    24.2";"    19.2";"    24.9"
"18 jaar of ouder";"Waarde";"2022";"Marnixbuurt Midden";"Amsterdam                               ";"Buurt     ";"BU03630605          ";"    77.1";"    63.3";"     7.5";"    26.6";"    23.9";"    24.8";"    29.1";"    17.1";"    12.4";"    17.9"
"18 jaar of ouder";"Waarde";"2022";"Elandsgrachtbuurt";"Amsterdam                               ";"Buurt     ";"BU03630606          ";"    69.4";"    59.6";"     9.7";"    25.4";"    30.9";"    33.6";"    30.1";"    19.2";"    13.4";"    19.2"
"18 jaar of ouder";"Waarde";"2022";"Passeerdersgrachtbuurt";"Amsterdam                               ";"Buurt     ";"BU03630607          ";"    71.0";"    60.4";"     8.8";"    24.8";"    29.5";"    33.0";"    29.8";"    18.6";"    12.4";"    19.2"
"18 jaar of ouder";"Waarde";"2022";"Groenmarktkadebuurt";"Amsterdam                               ";"Buurt     ";"BU03630608          ";"    75.8";"    64.6";"     6.8";"    27.4";"    21.3";"    25.3";"    31.8";"    18.7";"    15.0";"    18.0"
"18 jaar of ouder";"Waarde";"2022";"Marnixbuurt Zuid";"Amsterdam                               ";"Buurt     ";"BU03630609          ";"    67.2";"    55.7";"     9.0";"    25.1";"    32.8";"    35.4";"    31.6";"    20.2";"    13.9";"    20.9"
"18 jaar of ouder";"Waarde";"2022";"Anjeliersbuurt Noord";"Amsterdam                               ";"Buurt     ";"BU03630610          ";"    71.2";"    59.9";"     9.2";"    24.5";"    28.9";"    33.0";"    28.0";"    17.2";"    12.7";"    17.0"
"18 jaar of ouder";"Waarde";"2022";"Anjeliersbuurt Zuid";"Amsterdam                               ";"Buurt     ";"BU03630611          ";"    68.1";"    58.3";"    10.1";"    25.1";"    32.1";"    35.4";"    29.7";"    19.2";"    13.4";"    19.2"
"18 jaar of ouder";"Waarde";"2022";"De Weteringschans";"Amsterdam                               ";"Wijk      ";"WK036307            ";"    74.9";"    63.0";"     7.5";"    24.8";"    25.3";"    28.7";"    28.2";"    17.0";"    11.9";"    17.7"
"18 jaar of ouder";"Waarde";"2022";"Leidsebuurt Noordwest";"Amsterdam                               ";"Buurt     ";"BU03630700          ";"    75.6";"    65.2";"     7.2";"    28.1";"    23.0";"    25.0";"    33.6";"    19.1";"    14.0";"    21.4"
"18 jaar of ouder";"Waarde";"2022";"Leidsebuurt Zuidwest";"Amsterdam                               ";"Buurt     ";"BU03630701          ";"    71.1";"    61.9";"     9.6";"    28.8";"    28.4";"    28.0";"    34.1";"    19.8";"    15.5";"    21.1"
"18 jaar of ouder";"Waarde";"2022";"Leidsebuurt Noordoost";"Amsterdam                               ";"Buurt     ";"BU03630702          ";"    75.1";"    65.6";"     6.6";"    29.0";"    22.4";"    24.7";"    32.9";"    19.2";"    14.9";"    19.9"
"18 jaar of ouder";"Waarde";"2022";"Leidsebuurt Zuidoost";"Amsterdam                               ";"Buurt     ";"BU03630703          ";"    72.3";"    61.7";"     8.1";"    25.3";"    28.1";"    29.3";"    29.0";"    18.2";"    12.5";"    18.4"
"18 jaar of ouder";"Waarde";"2022";"Weteringbuurt";"Amsterdam                               ";"Buurt     ";"BU03630704          ";"    75.3";"    63.4";"     7.4";"    24.5";"    24.7";"    28.5";"    28.2";"    16.8";"    11.7";"    17.1"
"18 jaar of ouder";"Waarde";"2022";"Den Texbuurt";"Amsterdam                               ";"Buurt     ";"BU03630705          ";"    75.3";"    61.9";"     7.5";"    22.6";"    26.8";"    29.8";"    25.5";"    15.8";"    10.3";"    16.3"
"18 jaar of ouder";"Waarde";"2022";"Utrechtsebuurt Zuid";"Amsterdam                               ";"Buurt     ";"BU03630706          ";"    73.9";"    61.0";"     8.1";"    23.3";"    27.0";"    31.4";"    26.1";"    16.1";"    10.6";"    17.0"
"18 jaar of ouder";"Waarde";"2022";"Frederikspleinbuurt";"Amsterdam                               ";"Buurt     ";"BU03630707          ";"    75.8";"    62.6";"     7.4";"    22.6";"    25.9";"    30.6";"    25.7";"    15.6";"    10.3";"    16.7"
"18 jaar of ouder";"Waarde";"2022";"Weesperbuurt/Plantage";"Amsterdam                               ";"Wijk      ";"WK036308            ";"    73.6";"    61.7";"     7.5";"    23.8";"    26.9";"    30.4";"    27.5";"    17.3";"    11.7";"    17.3"
"18 jaar of ouder";"Waarde";"2022";"Weesperbuurt";"Amsterdam                               ";"Buurt     ";"BU03630800          ";"    72.0";"    61.1";"     7.8";"    25.3";"    27.7";"    31.3";"    28.8";"    18.2";"    12.4";"    18.3"
"18 jaar of ouder";"Waarde";"2022";"Sarphatistrook";"Amsterdam                               ";"Buurt     ";"BU03630801          ";"    72.9";"    62.5";"     7.8";"    24.7";"    27.4";"    29.6";"    29.3";"    18.5";"    13.1";"    18.7"
"18 jaar of ouder";"Waarde";"2022";"de Plantage";"Amsterdam                               ";"Buurt     ";"BU03630803          ";"    75.8";"    61.5";"     7.0";"    21.0";"    26.0";"    30.4";"    24.7";"    15.2";"     9.8";"    15.2"
"18 jaar of ouder";"Waarde";"2022";"Alexanderplein e.o.";"Amsterdam                               ";"Buurt     ";"BU03630804          ";"    76.5";"    62.5";"     7.0";"    23.6";"    24.5";"    27.8";"    26.2";"    15.8";"    10.9";"    16.0"
"18 jaar of ouder";"Waarde";"2022";"Oostelijke Eilanden/Kadijken";"Amsterdam                               ";"Wijk      ";"WK036309            ";"    68.3";"    57.5";"    10.4";"    23.7";"    34.4";"    34.0";"    29.9";"    20.5";"    13.6";"    19.4"
"18 jaar of ouder";"Waarde";"2022";"Marine-Etablissement";"Amsterdam                               ";"Buurt     ";"BU03630900          ";"    76.1";"    57.2";"    11.9";"    18.7";"    30.0";"    33.0";"    19.1";"    12.5";"     7.2";"    12.6"
"18 jaar of ouder";"Waarde";"2022";"Kattenburg";"Amsterdam                               ";"Buurt     ";"BU03630901          ";"    64.6";"    53.9";"    12.7";"    22.7";"    36.9";"    35.7";"    30.6";"    21.2";"    14.7";"    18.6"
"18 jaar of ouder";"Waarde";"2022";"Wittenburg";"Amsterdam                               ";"Buurt     ";"BU03630902          ";"    65.4";"    54.8";"    12.7";"    22.9";"    38.9";"    36.7";"    30.2";"    21.5";"    14.2";"    20.7"
"18 jaar of ouder";"Waarde";"2022";"Oostenburg";"Amsterdam                               ";"Buurt     ";"BU03630903          ";"    70.5";"    60.0";"     9.2";"    25.9";"    31.5";"    30.3";"    32.2";"    21.2";"    14.9";"    20.6"
"18 jaar of ouder";"Waarde";"2022";"Czaar Peterbuurt";"Amsterdam                               ";"Buurt     ";"BU03630904          ";"    66.9";"    58.2";"    10.1";"    26.6";"    35.0";"    33.0";"    33.1";"    22.8";"    15.7";"    21.8"
"18 jaar of ouder";"Waarde";"2022";"Het Funen";"Amsterdam                               ";"Buurt     ";"BU03630905          ";"    74.4";"    60.3";"     8.2";"    19.0";"    33.1";"    30.7";"    24.6";"    16.9";"    10.7";"    15.5"
"18 jaar of ouder";"Waarde";"2022";"Kazernebuurt";"Amsterdam                               ";"Buurt     ";"BU03630907          ";"    66.2";"    56.0";"    10.1";"    24.3";"    34.8";"    36.9";"    30.5";"    20.6";"    13.3";"    19.4"
"18 jaar of ouder";"Waarde";"2022";"Kadijken";"Amsterdam                               ";"Buurt     ";"BU03630908          ";"    69.9";"    58.3";"     9.5";"    22.5";"    32.2";"    35.4";"    26.7";"    18.3";"    11.3";"    17.6"
"18 jaar of ouder";"Waarde";"2022";"Westelijk Havengebied";"Amsterdam                               ";"Wijk      ";"WK036310            ";"    72.5";"    64.8";"     7.1";"    29.8";"    37.5";"    19.9";"    42.0";"    20.3";"    20.4";"    31.8"
"18 jaar of ouder";"Waarde";"2022";"Coenhaven/Mercuriushaven";"Amsterdam                               ";"Buurt     ";"BU03631000          ";"    72.5";"    65.6";"     6.7";"    29.9";"    37.7";"    19.6";"    42.7";"    20.5";"    20.7";"    32.5"
"18 jaar of ouder";"Waarde";"2022";"Alfa-driehoek";"Amsterdam                               ";"Buurt     ";"BU03631001          ";"       .";"       .";"       .";"       .";"       .";"       .";"       .";"       .";"       .";"       ."
"18 jaar of ouder";"Waarde";"2022";"Petroleumhaven";"Amsterdam                               ";"Buurt     ";"BU03631002          ";"       .";"       .";"       .";"       .";"       .";"       .";"       .";"       .";"       .";"       ."
"18 jaar of ouder";"Waarde";"2022";"Westhaven Noord";"Amsterdam                               ";"Buurt     ";"BU03631003          ";"    73.4";"    42.6";"    15.3";"    34.0";"    28.7";"    26.2";"    28.6";"    16.4";"    15.5";"    16.4"
"18 jaar of ouder";"Waarde";"2022";"Vervoerscentrum";"Amsterdam                               ";"Buurt     ";"BU03631004          ";"       .";"       .";"       .";"       .";"       .";"       .";"       .";"       .";"       .";"       ."
"18 jaar of ouder";"Waarde";"2022";"Amerikahaven";"Amsterdam                               ";"Buurt     ";"BU03631005          ";"       .";"       .";"       .";"       .";"       .";"       .";"       .";"       .";"       .";"       ."
"18 jaar of ouder";"Waarde";"2022";"Afrikahaven";"Amsterdam                               ";"Buurt     ";"BU03631006          ";"       .";"       .";"       .";"       .";"       .";"       .";"       .";"       .";"       .";"       ."
"18 jaar of ouder";"Waarde";"2022";"Westhaven Zuid";"Amsterdam                               ";"Buurt     ";"BU03631007          ";"       .";"       .";"       .";"       .";"       .";"       .";"       .";"       .";"       .";"       ."
"18 jaar of ouder";"Waarde";"2022";"Bedrijventerrein Sloterdijk";"Amsterdam                               ";"Wijk      ";"WK036311            ";"    69.5";"    53.7";"    11.5";"    31.3";"    43.8";"    24.1";"    40.9";"    23.4";"    21.0";"    29.3"
"18 jaar of ouder";"Waarde";"2022";"Sloterdijk II";"Amsterdam                               ";"Buurt     ";"BU03631100          ";"    73.7";"    52.1";"    13.3";"    29.3";"    47.7";"    22.9";"    34.5";"    20.7";"    15.4";"    32.1"
"18 jaar of ouder";"Waarde";"2022";"Sloterdijk III Oost";"Amsterdam                               ";"Buurt     ";"BU03631102          ";"       .";"       .";"       .";"       .";"       .";"       .";"       .";"       .";"       .";"       ."
"18 jaar of ouder";"Waarde";"2022";"Sloterdijk III West";"Amsterdam                               ";"Buurt     ";"BU03631103          ";"    64.3";"    47.7";"    14.8";"    37.7";"    42.6";"    27.9";"    41.3";"    26.1";"    22.5";"    27.3"
"18 jaar of ouder";"Waarde";"2022";"De Heining";"Amsterdam                               ";"Buurt     ";"BU03631104          ";"    68.5";"    41.2";"    21.3";"    20.2";"    48.2";"    33.6";"    21.6";"    19.3";"     9.8";"    13.9"
"18 jaar of ouder";"Waarde";"2022";"Teleport";"Amsterdam                               ";"Buurt     ";"BU03631105          ";"    70.0";"    54.8";"    10.8";"    30.8";"    43.8";"    23.4";"    41.4";"    23.3";"    21.2";"    29.9"
"18 jaar of ouder";"Waarde";"2022";"Bretten Oost";"Amsterdam                               ";"Buurt     ";"BU03631107          ";"       .";"       .";"       .";"       .";"       .";"       .";"       .";"       .";"       .";"       ."
"18 jaar of ouder";"Waarde";"2022";"Bretten West";"Amsterdam                               ";"Buurt     ";"BU03631109          ";"       .";"       .";"       .";"       .";"       .";"       .";"       .";"       .";"       .";"       ."
"18 jaar of ouder";"Waarde";"2022";"Houthavens";"Amsterdam                               ";"Wijk      ";"WK036312            ";"    78.8";"    57.0";"     9.9";"    18.1";"    32.4";"    27.2";"    22.1";"    13.3";"     8.9";"    14.3"
"18 jaar of ouder";"Waarde";"2022";"Houthavens West";"Amsterdam                               ";"Buurt     ";"BU03631200          ";"    79.9";"    57.0";"     9.7";"    17.8";"    32.0";"    25.9";"    21.8";"    12.9";"     8.8";"    13.9"
"18 jaar of ouder";"Waarde";"2022";"Houthavens Oost";"Amsterdam                               ";"Buurt     ";"BU03631201          ";"    73.9";"    57.1";"    10.6";"    19.5";"    34.6";"    33.5";"    23.5";"    15.1";"     9.4";"    16.2"
"18 jaar of ouder";"Waarde";"2022";"Spaarndammer- en Zeeheldenbuurt";"Amsterdam                               ";"Wijk      ";"WK036313            ";"    64.4";"    54.5";"    12.8";"    26.3";"    40.5";"    35.1";"    32.9";"    22.3";"    15.9";"    21.7"
"18 jaar of ouder";"Waarde";"2022";"Zeeheldenbuurt";"Amsterdam                               ";"Buurt     ";"BU03631300          ";"    65.8";"    55.0";"    13.1";"    24.0";"    38.7";"    34.4";"    31.3";"    21.1";"    14.6";"    20.7"
"18 jaar of ouder";"Waarde";"2022";"Spaarndammerbuurt Noordoost";"Amsterdam                               ";"Buurt     ";"BU03631301          ";"    61.7";"    54.4";"    12.6";"    27.4";"    42.3";"    37.3";"    34.3";"    23.9";"    17.2";"    23.1"
"18 jaar of ouder";"Waarde";"2022";"Spaarndammerbuurt Zuidoost";"Amsterdam                               ";"Buurt     ";"BU03631302          ";"    65.4";"    55.0";"    11.7";"    26.6";"    36.7";"    34.7";"    31.3";"    21.6";"    15.3";"    20.4"
"18 jaar of ouder";"Waarde";"2022";"Spaarndammerbuurt Zuidwest";"Amsterdam                               ";"Buurt     ";"BU03631303          ";"    66.4";"    55.3";"    10.7";"    26.5";"    36.8";"    33.2";"    32.0";"    21.1";"    14.9";"    21.0"
"18 jaar of ouder";"Waarde";"2022";"Spaarndammerbuurt Midden";"Amsterdam                               ";"Buurt     ";"BU03631304          ";"    66.1";"    56.5";"    11.4";"    27.2";"    38.9";"    33.7";"    33.3";"    22.3";"    16.3";"    21.4"
"18 jaar of ouder";"Waarde";"2022";"Spaarndammerbuurt Noordwest";"Amsterdam                               ";"Buurt     ";"BU03631305          ";"    63.2";"    51.4";"    16.4";"    25.7";"    46.1";"    35.5";"    33.9";"    22.7";"    16.3";"    22.4"
"18 jaar of ouder";"Waarde";"2022";"Westergasfabriek";"Amsterdam                               ";"Buurt     ";"BU03631306          ";"       .";"       .";"       .";"       .";"       .";"       .";"       .";"       .";"       .";"       ."
"18 jaar of ouder";"Waarde";"2022";"Overbraker Binnenpolder";"Amsterdam                               ";"Buurt     ";"BU03631307          ";"       .";"       .";"       .";"       .";"       .";"       .";"       .";"       .";"       .";"       ."
"18 jaar of ouder";"Waarde";"2022";"Staatsliedenbuurt";"Amsterdam                               ";"Wijk      ";"WK036314            ";"    67.3";"    57.9";"    10.8";"    26.3";"    35.6";"    33.3";"    32.5";"    21.1";"    15.4";"    21.0"
"18 jaar of ouder";"Waarde";"2022";"De Wittenbuurt Noord";"Amsterdam                               ";"Buurt     ";"BU03631400          ";"    67.6";"    59.3";"    10.6";"    26.0";"    34.8";"    33.2";"    32.0";"    20.7";"    14.9";"    20.4"
"18 jaar of ouder";"Waarde";"2022";"De Wittenbuurt Zuid";"Amsterdam                               ";"Buurt     ";"BU03631401          ";"    61.0";"    54.5";"    12.3";"    25.4";"    41.3";"    39.7";"    32.6";"    22.6";"    15.9";"    22.5"
"18 jaar of ouder";"Waarde";"2022";"Staatsliedenbuurt Noordoost";"Amsterdam                               ";"Buurt     ";"BU03631402          ";"    59.1";"    53.1";"    13.7";"    25.5";"    45.6";"    40.4";"    33.2";"    23.8";"    15.8";"    22.9"
"18 jaar of ouder";"Waarde";"2022";"Fannius Scholtenbuurt";"Amsterdam                               ";"Buurt     ";"BU03631403          ";"    66.6";"    57.6";"    11.3";"    27.6";"    36.3";"    33.4";"    33.8";"    21.8";"    16.1";"    22.1"
"18 jaar of ouder";"Waarde";"2022";"Westerstaatsman";"Amsterdam                               ";"Buurt     ";"BU03631404          ";"    69.6";"    59.1";"     9.9";"    27.4";"    33.0";"    30.7";"    33.2";"    20.8";"    15.7";"    21.2"
"18 jaar of ouder";"Waarde";"2022";"Buyskade e.o.";"Amsterdam                               ";"Buurt     ";"BU03631405          ";"    70.9";"    59.4";"     9.5";"    24.5";"    32.1";"    31.1";"    30.2";"    19.4";"    14.1";"    18.5"
"18 jaar of ouder";"Waarde";"2022";"Centrale Markt";"Amsterdam                               ";"Wijk      ";"WK036315            ";"    68.3";"    56.6";"    11.0";"    21.9";"    39.0";"    33.7";"    29.3";"    19.8";"    13.1";"    18.3"
"18 jaar of ouder";"Waarde";"2022";"Ecowijk";"Amsterdam                               ";"Buurt     ";"BU03631500          ";"    70.0";"    57.2";"    10.5";"    20.4";"    39.2";"    33.6";"    26.7";"    18.4";"    11.9";"    16.7"
"18 jaar of ouder";"Waarde";"2022";"Markthallen";"Amsterdam                               ";"Buurt     ";"BU03631501          ";"    70.7";"    58.8";"    16.0";"    28.4";"    31.9";"    32.5";"    34.6";"    20.4";"    17.6";"    24.9"
"18 jaar of ouder";"Waarde";"2022";"Bedrijvencentrum Westerkwartier";"Amsterdam                               ";"Buurt     ";"BU03631502          ";"    73.6";"    58.0";"     9.1";"    23.2";"    26.3";"    30.2";"    24.0";"    15.7";"    11.2";"    13.3"
"18 jaar of ouder";"Waarde";"2022";"Marcanti";"Amsterdam                               ";"Buurt     ";"BU03631503          ";"    66.1";"    55.9";"    11.5";"    23.5";"    39.5";"    34.0";"    32.6";"    21.7";"    14.5";"    20.3"
"18 jaar of ouder";"Waarde";"2022";"Frederik Hendrikbuurt";"Amsterdam                               ";"Wijk      ";"WK036316            ";"    69.1";"    59.3";"     9.9";"    26.5";"    32.4";"    32.2";"    32.5";"    20.8";"    15.1";"    20.4"
"18 jaar of ouder";"Waarde";"2022";"Frederik Hendrikbuurt Noord";"Amsterdam                               ";"Buurt     ";"BU03631600          ";"    69.9";"    59.7";"     9.7";"    25.9";"    31.4";"    31.4";"    31.8";"    19.9";"    14.9";"    19.5"
"18 jaar of ouder";"Waarde";"2022";"Frederik Hendrikbuurt Zuidoost";"Amsterdam                               ";"Buurt     ";"BU03631601          ";"    68.6";"    60.1";"     9.8";"    28.4";"    32.4";"    32.0";"    34.8";"    22.3";"    16.2";"    22.3"
"18 jaar of ouder";"Waarde";"2022";"Frederik Hendrikbuurt Zuidwest";"Amsterdam                               ";"Buurt     ";"BU03631602          ";"    68.1";"    56.1";"    10.6";"    22.8";"    35.6";"    35.6";"    28.7";"    19.6";"    12.8";"    18.4"
"18 jaar of ouder";"Waarde";"2022";"Da Costabuurt";"Amsterdam                               ";"Wijk      ";"WK036317            ";"    72.0";"    60.5";"     8.9";"    25.3";"    28.5";"    30.7";"    30.0";"    19.2";"    13.4";"    18.4"
"18 jaar of ouder";"Waarde";"2022";"Da Costabuurt Noord";"Amsterdam                               ";"Buurt     ";"BU03631700          ";"    72.0";"    60.5";"     8.9";"    25.3";"    28.5";"    30.7";"    30.0";"    19.2";"    13.4";"    18.4"
"18 jaar of ouder";"Waarde";"2022";"Kinkerbuurt";"Amsterdam                               ";"Wijk      ";"WK036318            ";"    70.1";"    59.9";"     9.6";"    26.8";"    30.4";"    30.9";"    32.3";"    20.8";"    14.8";"    19.7"
"18 jaar of ouder";"Waarde";"2022";"Bellamybuurt Noord";"Amsterdam                               ";"Buurt     ";"BU03631800          ";"    69.5";"    59.1";"     9.8";"    26.4";"    31.7";"    31.7";"    32.0";"    20.9";"    14.7";"    19.4"
"18 jaar of ouder";"Waarde";"2022";"Bellamybuurt Zuid";"Amsterdam                               ";"Buurt     ";"BU03631801          ";"    70.6";"    60.4";"     9.4";"    27.0";"    29.5";"    30.5";"    32.5";"    20.8";"    14.8";"    19.9"
"18 jaar of ouder";"Waarde";"2022";"Van Lennepbuurt";"Amsterdam                               ";"Wijk      ";"WK036319            ";"    63.7";"    56.6";"    11.6";"    26.5";"    38.9";"    35.6";"    34.5";"    24.3";"    16.5";"    22.7"
"18 jaar of ouder";"Waarde";"2022";"Da Costabuurt Zuid";"Amsterdam                               ";"Buurt     ";"BU03631900          ";"    71.7";"    62.2";"     8.6";"    27.1";"    27.7";"    29.3";"    32.6";"    20.6";"    14.8";"    20.3"
"18 jaar of ouder";"Waarde";"2022";"Borgerbuurt";"Amsterdam                               ";"Buurt     ";"BU03631901          ";"    56.5";"    51.3";"    14.4";"    24.7";"    49.8";"    41.3";"    36.0";"    27.5";"    17.9";"    24.5"
"18 jaar of ouder";"Waarde";"2022";"Lootsbuurt";"Amsterdam                               ";"Buurt     ";"BU03631902          ";"    64.6";"    57.3";"    11.3";"    28.2";"    36.5";"    35.0";"    34.7";"    24.2";"    16.6";"    23.1"
"18 jaar of ouder";"Waarde";"2022";"Helmersbuurt";"Amsterdam                               ";"Wijk      ";"WK036320            ";"    73.5";"    61.8";"     8.2";"    24.1";"    27.7";"    30.0";"    29.0";"    18.1";"    12.2";"    17.2"
"18 jaar of ouder";"Waarde";"2022";"Helmersbuurt Oost";"Amsterdam                               ";"Buurt     ";"BU03632000          ";"    76.7";"    64.0";"     7.2";"    23.7";"    24.2";"    27.2";"    28.4";"    16.8";"    11.5";"    15.9"
"18 jaar of ouder";"Waarde";"2022";"WG-terrein";"Amsterdam                               ";"Buurt     ";"BU03632001          ";"    69.2";"    59.1";"     9.4";"    23.8";"    33.1";"    34.5";"    29.7";"    19.7";"    12.9";"    18.8"
"18 jaar of ouder";"Waarde";"2022";"Cremerbuurt Oost";"Amsterdam                               ";"Buurt     ";"BU03632002          ";"    75.0";"    62.6";"     7.8";"    24.8";"    25.5";"    28.0";"    28.7";"    17.6";"    12.2";"    16.9"
"18 jaar of ouder";"Waarde";"2022";"Overtoomse Sluis";"Amsterdam                               ";"Wijk      ";"WK036321            ";"    73.2";"    61.1";"     8.4";"    25.2";"    27.1";"    29.4";"    29.9";"    18.4";"    12.8";"    18.0"
"18 jaar of ouder";"Waarde";"2022";"Cremerbuurt West";"Amsterdam                               ";"Buurt     ";"BU03632100          ";"    72.7";"    61.2";"     8.6";"    25.8";"    27.3";"    29.4";"    30.7";"    19.0";"    13.4";"    18.4"
"18 jaar of ouder";"Waarde";"2022";"Vondelparkbuurt West";"Amsterdam                               ";"Buurt     ";"BU03632101          ";"    74.6";"    61.0";"     7.9";"    23.7";"    26.6";"    29.3";"    27.5";"    16.7";"    11.4";"    16.6"
"18 jaar of ouder";"Waarde";"2022";"Vondelbuurt";"Amsterdam                               ";"Wijk      ";"WK036322            ";"    74.4";"    62.8";"     8.0";"    22.9";"    28.4";"    29.7";"    28.0";"    16.8";"    11.4";"    18.2"
"18 jaar of ouder";"Waarde";"2022";"Vondelparkbuurt Oost";"Amsterdam                               ";"Buurt     ";"BU03632200          ";"    76.2";"    64.1";"     7.4";"    23.1";"    26.8";"    28.3";"    27.7";"    16.3";"    10.9";"    18.6"
"18 jaar of ouder";"Waarde";"2022";"Vondelparkbuurt Midden";"Amsterdam                               ";"Buurt     ";"BU03632201          ";"    72.0";"    61.2";"     8.9";"    22.8";"    30.4";"    31.5";"    28.3";"    17.5";"    12.0";"    17.8"
"18 jaar of ouder";"Waarde";"2022";"Zuidas";"Amsterdam                               ";"Wijk      ";"WK036323            ";"    75.7";"    59.0";"     9.8";"    24.3";"    35.0";"    24.4";"    31.3";"    17.5";"    13.5";"    22.4"
"18 jaar of ouder";"Waarde";"2022";"Zuidas Noord";"Amsterdam                               ";"Buurt     ";"BU03632300          ";"    79.1";"    59.8";"     9.0";"    22.0";"    33.1";"    23.6";"    27.0";"    14.8";"    10.7";"    21.1"
"18 jaar of ouder";"Waarde";"2022";"RAI";"Amsterdam                               ";"Buurt     ";"BU03632301          ";"       .";"       .";"       .";"       .";"       .";"       .";"       .";"       .";"       .";"       ."
"18 jaar of ouder";"Waarde";"2022";"VU-kwartier";"Amsterdam                               ";"Buurt     ";"BU03632302          ";"    74.8";"    57.2";"    10.0";"    23.5";"    43.3";"    25.1";"    31.5";"    16.8";"    12.7";"    28.3"
"18 jaar of ouder";"Waarde";"2022";"Zuidas Zuid";"Amsterdam                               ";"Buurt     ";"BU03632303          ";"    76.6";"    57.3";"    10.7";"    22.2";"    35.2";"    24.8";"    28.3";"    16.3";"    11.5";"    20.8"
"18 jaar of ouder";"Waarde";"2022";"Vivaldi";"Amsterdam                               ";"Buurt     ";"BU03632304          ";"    73.3";"    61.7";"     8.5";"    28.3";"    34.3";"    23.7";"    37.4";"    20.3";"    17.4";"    24.8"
"18 jaar of ouder";"Waarde";"2022";"Oude Pijp";"Amsterdam                               ";"Wijk      ";"WK036324            ";"    71.0";"    61.8";"     8.6";"    26.8";"    28.1";"    30.2";"    32.1";"    19.8";"    14.4";"    20.1"
"18 jaar of ouder";"Waarde";"2022";"Hemonybuurt";"Amsterdam                               ";"Buurt     ";"BU03632400          ";"    74.0";"    62.9";"     8.0";"    25.1";"    26.2";"    28.6";"    29.0";"    17.6";"    12.8";"    18.2"
"18 jaar of ouder";"Waarde";"2022";"Gerard Doubuurt";"Amsterdam                               ";"Buurt     ";"BU03632401          ";"    68.2";"    60.7";"     9.4";"    27.6";"    31.3";"    32.2";"    33.6";"    21.5";"    15.6";"    21.9"
"18 jaar of ouder";"Waarde";"2022";"Frans Halsbuurt";"Amsterdam                               ";"Buurt     ";"BU03632402          ";"    72.0";"    62.2";"     8.4";"    26.3";"    27.3";"    29.7";"    31.4";"    19.2";"    13.7";"    19.8"
"18 jaar of ouder";"Waarde";"2022";"Hercules Seghersbuurt";"Amsterdam                               ";"Buurt     ";"BU03632403          ";"    68.0";"    60.4";"     9.8";"    27.6";"    30.9";"    31.9";"    34.3";"    21.8";"    15.9";"    21.8"
"18 jaar of ouder";"Waarde";"2022";"Sarphatiparkbuurt";"Amsterdam                               ";"Buurt     ";"BU03632404          ";"    71.6";"    62.1";"     8.2";"    27.1";"    26.7";"    29.4";"    32.2";"    19.4";"    14.3";"    19.6"
"18 jaar of ouder";"Waarde";"2022";"Nieuwe Pijp";"Amsterdam                               ";"Wijk      ";"WK036325            ";"    69.3";"    60.0";"     9.3";"    25.4";"    31.3";"    31.7";"    31.4";"    20.2";"    14.3";"    19.9"
"18 jaar of ouder";"Waarde";"2022";"Willibrordusbuurt";"Amsterdam                               ";"Buurt     ";"BU03632500          ";"    66.1";"    57.9";"     9.9";"    24.9";"    34.4";"    34.3";"    32.7";"    21.4";"    15.4";"    20.9"
"18 jaar of ouder";"Waarde";"2022";"Van der Helstpleinbuurt";"Amsterdam                               ";"Buurt     ";"BU03632501          ";"    71.2";"    61.5";"     8.8";"    25.8";"    29.0";"    30.4";"    31.0";"    19.4";"    13.9";"    19.6"
"18 jaar of ouder";"Waarde";"2022";"Lizzy Ansinghbuurt";"Amsterdam                               ";"Buurt     ";"BU03632502          ";"    67.3";"    59.0";"    10.1";"    25.9";"    34.0";"    32.9";"    32.0";"    21.4";"    14.8";"    20.4"
"18 jaar of ouder";"Waarde";"2022";"Cornelis Troostbuurt";"Amsterdam                               ";"Buurt     ";"BU03632503          ";"    70.9";"    60.4";"     9.0";"    25.1";"    29.9";"    30.3";"    30.5";"    19.3";"    13.5";"    19.2"
"18 jaar of ouder";"Waarde";"2022";"Zuid Pijp";"Amsterdam                               ";"Wijk      ";"WK036326            ";"    60.4";"    55.2";"    12.7";"    25.4";"    43.5";"    38.4";"    34.6";"    24.9";"    17.0";"    22.7"
"18 jaar of ouder";"Waarde";"2022";"Diamantbuurt";"Amsterdam                               ";"Buurt     ";"BU03632600          ";"    59.8";"    55.2";"    12.9";"    25.3";"    45.6";"    38.3";"    35.0";"    25.5";"    17.4";"    23.1"
"18 jaar of ouder";"Waarde";"2022";"Burgemeester Tellegenbuurt Oost";"Amsterdam                               ";"Buurt     ";"BU03632601          ";"    61.3";"    55.9";"    12.4";"    25.4";"    41.6";"    38.0";"    34.5";"    24.3";"    16.8";"    22.2"
"18 jaar of ouder";"Waarde";"2022";"Burgemeester Tellegenbuurt West";"Amsterdam                               ";"Buurt     ";"BU03632602          ";"    60.1";"    54.5";"    12.8";"    25.5";"    43.1";"    39.0";"    34.3";"    24.6";"    16.7";"    22.8"
"18 jaar of ouder";"Waarde";"2022";"Weesperzijde";"Amsterdam                               ";"Wijk      ";"WK036327            ";"    74.2";"    62.8";"     7.7";"    23.9";"    28.0";"    27.9";"    28.9";"    17.6";"    12.9";"    18.2"
"18 jaar of ouder";"Waarde";"2022";"Swammerdambuurt";"Amsterdam                               ";"Buurt     ";"BU03632700          ";"    76.6";"    63.4";"     7.0";"    23.5";"    24.3";"    26.9";"    27.2";"    16.1";"    11.7";"    16.1"
"18 jaar of ouder";"Waarde";"2022";"Weesperzijde Midden/Zuid";"Amsterdam                               ";"Buurt     ";"BU03632701          ";"    74.1";"    61.2";"     8.2";"    22.7";"    29.4";"    29.2";"    27.5";"    17.3";"    12.0";"    16.9"
"18 jaar of ouder";"Waarde";"2022";"Parooldriehoek";"Amsterdam                               ";"Buurt     ";"BU03632702          ";"    67.7";"    69.2";"     7.0";"    30.6";"    32.4";"    24.1";"    41.4";"    23.4";"    21.2";"    31.1"
"18 jaar of ouder";"Waarde";"2022";"Oosterparkbuurt";"Amsterdam                               ";"Wijk      ";"WK036328            ";"    65.4";"    57.6";"    10.9";"    25.2";"    39.1";"    34.4";"    33.2";"    23.1";"    16.0";"    21.5"
"18 jaar of ouder";"Waarde";"2022";"Oosterparkbuurt Noordwest";"Amsterdam                               ";"Buurt     ";"BU03632800          ";"    66.1";"    58.3";"    10.5";"    25.9";"    37.2";"    33.7";"    33.5";"    22.7";"    15.8";"    21.4"
"18 jaar of ouder";"Waarde";"2022";"Oosterpark";"Amsterdam                               ";"Buurt     ";"BU03632801          ";"    63.3";"    60.6";"    10.0";"    31.8";"    32.7";"    36.1";"    39.1";"    25.3";"    19.1";"    27.0"
"18 jaar of ouder";"Waarde";"2022";"Oosterparkbuurt Zuidoost";"Amsterdam                               ";"Buurt     ";"BU03632802          ";"    68.6";"    58.4";"    10.0";"    23.4";"    36.0";"    32.9";"    30.5";"    20.7";"    14.2";"    19.1"
"18 jaar of ouder";"Waarde";"2022";"Oosterparkbuurt Zuidwest";"Amsterdam                               ";"Buurt     ";"BU03632803          ";"    60.9";"    55.7";"    12.7";"    26.0";"    45.3";"    36.9";"    35.8";"    26.2";"    18.3";"    24.3"
"18 jaar of ouder";"Waarde";"2022";"Dapperbuurt";"Amsterdam                               ";"Wijk      ";"WK036329            ";"    64.6";"    56.6";"    11.4";"    24.5";"    41.0";"    35.2";"    33.6";"    23.6";"    16.0";"    21.3"
"18 jaar of ouder";"Waarde";"2022";"Dapperbuurt Noord";"Amsterdam                               ";"Buurt     ";"BU03632900          ";"    63.7";"    55.9";"    11.8";"    25.2";"    42.1";"    35.5";"    34.3";"    24.5";"    16.6";"    21.9"
"18 jaar of ouder";"Waarde";"2022";"Dapperbuurt Zuid";"Amsterdam                               ";"Buurt     ";"BU03632901          ";"    63.9";"    57.2";"    11.5";"    25.7";"    40.8";"    35.1";"    34.7";"    24.4";"    17.0";"    22.2"
"18 jaar of ouder";"Waarde";"2022";"Oostpoort";"Amsterdam                               ";"Buurt     ";"BU03632902          ";"    68.4";"    56.8";"    10.2";"    20.2";"    38.9";"    34.8";"    29.6";"    19.6";"    12.5";"    18.1"
"18 jaar of ouder";"Waarde";"2022";"Transvaalbuurt";"Amsterdam                               ";"Wijk      ";"WK036330            ";"    63.0";"    56.4";"    12.2";"    24.5";"    44.5";"    35.0";"    35.2";"    25.2";"    17.4";"    21.9"
"18 jaar of ouder";"Waarde";"2022";"Transvaalbuurt West";"Amsterdam                               ";"Buurt     ";"BU03633000          ";"    61.9";"    55.7";"    12.6";"    24.8";"    44.6";"    35.9";"    35.8";"    25.6";"    17.6";"    22.6"
"18 jaar of ouder";"Waarde";"2022";"Transvaalbuurt Oost";"Amsterdam                               ";"Buurt     ";"BU03633001          ";"    64.0";"    57.1";"    11.9";"    24.3";"    44.3";"    34.1";"    34.7";"    24.8";"    17.2";"    21.3"
"18 jaar of ouder";"Waarde";"2022";"Indische Buurt West";"Amsterdam                               ";"Wijk      ";"WK036331            ";"    63.6";"    57.4";"    11.7";"    25.4";"    43.5";"    34.3";"    37.2";"    25.4";"    17.5";"    22.3"
"18 jaar of ouder";"Waarde";"2022";"Noordwestkwadrant Indische buurt Noord";"Amsterdam                               ";"Buurt     ";"BU03633100          ";"    67.8";"    60.0";"    10.1";"    26.0";"    36.2";"    31.9";"    34.9";"    22.6";"    15.8";"    21.0"
"18 jaar of ouder";"Waarde";"2022";"Noordwestkwadrant Indische buurt Zuid";"Amsterdam                               ";"Buurt     ";"BU03633101          ";"    65.9";"    58.8";"    10.9";"    25.6";"    39.7";"    32.5";"    36.7";"    24.4";"    16.9";"    21.2"
"18 jaar of ouder";"Waarde";"2022";"Zuidwestkwadrant Indische buurt";"Amsterdam                               ";"Buurt     ";"BU03633102          ";"    56.4";"    53.0";"    14.5";"    24.5";"    55.9";"    38.9";"    40.2";"    29.7";"    20.1";"    25.1"
"18 jaar of ouder";"Waarde";"2022";"Indische Buurt Oost";"Amsterdam                               ";"Wijk      ";"WK036332            ";"    59.1";"    53.6";"    13.7";"    24.4";"    50.4";"    38.0";"    36.3";"    27.4";"    18.5";"    23.6"
"18 jaar of ouder";"Waarde";"2022";"Noordoostkwadrant Indische buurt";"Amsterdam                               ";"Buurt     ";"BU03633200          ";"    57.7";"    52.9";"    13.9";"    24.9";"    50.8";"    38.9";"    36.7";"    28.0";"    18.9";"    24.4"
"18 jaar of ouder";"Waarde";"2022";"Zuidoostkwadrant Indische buurt";"Amsterdam                               ";"Buurt     ";"BU03633201          ";"    59.8";"    54.7";"    13.6";"    24.4";"    51.1";"    37.1";"    36.9";"    27.6";"    19.0";"    23.4"
"18 jaar of ouder";"Waarde";"2022";"Zeeburgerdijk Oost";"Amsterdam                               ";"Buurt     ";"BU03633202          ";"    70.9";"    54.1";"    12.3";"    18.4";"    41.0";"    33.7";"    25.6";"    18.2";"    11.0";"    16.2"
"18 jaar of ouder";"Waarde";"2022";"Flevopark";"Amsterdam                               ";"Buurt     ";"BU03633203          ";"    80.8";"    61.2";"     9.8";"    27.2";"    24.2";"    23.9";"    29.1";"    19.6";"     8.6";"    11.1"
"18 jaar of ouder";"Waarde";"2022";"Oostelijk Havengebied";"Amsterdam                               ";"Wijk      ";"WK036333            ";"    73.3";"    55.5";"    11.2";"    20.0";"    35.9";"    31.3";"    25.6";"    16.9";"    11.2";"    16.5"
"18 jaar of ouder";"Waarde";"2022";"Oostelijke Handelskade";"Amsterdam                               ";"Buurt     ";"BU03633300          ";"    72.8";"    54.7";"    12.6";"    21.7";"    37.7";"    30.0";"    27.8";"    17.9";"    12.5";"    17.9"
"18 jaar of ouder";"Waarde";"2022";"Rietlanden";"Amsterdam                               ";"Buurt     ";"BU03633301          ";"    71.7";"    56.6";"    10.8";"    20.1";"    35.2";"    31.5";"    26.8";"    18.2";"    12.1";"    17.2"
"18 jaar of ouder";"Waarde";"2022";"Java-eiland";"Amsterdam                               ";"Buurt     ";"BU03633302          ";"    73.9";"    54.0";"    11.9";"    19.0";"    36.5";"    32.0";"    24.2";"    15.2";"    10.0";"    15.8"
"18 jaar of ouder";"Waarde";"2022";"KNSM-eiland";"Amsterdam                               ";"Buurt     ";"BU03633303          ";"    70.7";"    50.3";"    13.3";"    18.2";"    39.6";"    35.5";"    23.9";"    16.5";"    10.2";"    16.4"
"18 jaar of ouder";"Waarde";"2022";"Sporenburg";"Amsterdam                               ";"Buurt     ";"BU03633304          ";"    77.5";"    57.8";"    10.2";"    17.5";"    33.2";"    29.2";"    21.9";"    14.3";"     9.3";"    13.0"
"18 jaar of ouder";"Waarde";"2022";"Borneo";"Amsterdam                               ";"Buurt     ";"BU03633305          ";"    75.5";"    56.8";"    10.6";"    18.6";"    36.1";"    29.7";"    24.1";"    16.0";"    10.4";"    14.8"
"18 jaar of ouder";"Waarde";"2022";"Entrepot-Noordwest";"Amsterdam                               ";"Buurt     ";"BU03633306          ";"    64.8";"    55.4";"    12.1";"    23.9";"    42.0";"    36.0";"    30.7";"    23.4";"    15.1";"    21.8"
"18 jaar of ouder";"Waarde";"2022";"Architectenbuurt";"Amsterdam                               ";"Buurt     ";"BU03633307          ";"    68.0";"    56.6";"    10.9";"    22.0";"    37.8";"    36.1";"    28.0";"    20.1";"    12.6";"    19.0"
"18 jaar of ouder";"Waarde";"2022";"Bedrijvengebied Veelaan";"Amsterdam                               ";"Buurt     ";"BU03633308          ";"    71.6";"    57.9";"    10.5";"    17.0";"    34.3";"    36.4";"    20.9";"    15.5";"     7.1";"    13.4"
"18 jaar of ouder";"Waarde";"2022";"Bedrijvengebied Cruquiusweg";"Amsterdam                               ";"Buurt     ";"BU03633309          ";"    80.0";"    56.6";"     9.2";"    22.1";"    29.2";"    23.4";"    27.2";"    15.3";"    11.2";"    15.8"
"18 jaar of ouder";"Waarde";"2022";"Bedrijvengebied Zeeburgerkade";"Amsterdam                               ";"Buurt     ";"BU03633310          ";"    74.0";"    62.2";"     7.5";"    24.5";"    26.6";"    27.6";"    30.1";"    17.6";"    12.2";"    19.5"
"18 jaar of ouder";"Waarde";"2022";"Zeeburgereiland/Nieuwe Diep";"Amsterdam                               ";"Wijk      ";"WK036334            ";"    73.0";"    51.1";"    11.7";"    23.3";"    38.0";"    26.5";"    31.2";"    19.7";"    15.2";"    20.1"
"18 jaar of ouder";"Waarde";"2022";"Zeeburgereiland Noordwest";"Amsterdam                               ";"Buurt     ";"BU03633400          ";"    79.3";"    49.6";"    11.9";"    17.4";"    30.1";"    30.3";"    15.5";"    11.1";"     6.6";"    10.0"
"18 jaar of ouder";"Waarde";"2022";"Zeeburgereiland Zuidoost";"Amsterdam                               ";"Buurt     ";"BU03633402          ";"    70.5";"    55.1";"     8.7";"    29.9";"    31.5";"    21.8";"    41.8";"    24.0";"    22.0";"    23.5"
"18 jaar of ouder";"Waarde";"2022";"Zeeburgereiland Zuidwest";"Amsterdam                               ";"Buurt     ";"BU03633403          ";"    74.1";"    54.9";"     8.6";"    30.8";"    27.8";"    23.2";"    36.5";"    20.2";"    18.3";"    17.7"
"18 jaar of ouder";"Waarde";"2022";"Nieuwe Diep/Diemerpark";"Amsterdam                               ";"Buurt     ";"BU03633404          ";"    74.2";"    46.7";"    13.2";"    16.5";"    35.1";"    31.2";"    17.7";"    13.9";"     7.7";"    11.3"
"18 jaar of ouder";"Waarde";"2022";"RI Oost terrein";"Amsterdam                               ";"Buurt     ";"BU03633405          ";"    73.2";"    50.5";"    12.3";"    22.2";"    39.5";"    27.2";"    30.0";"    19.3";"    14.4";"    20.1"
"18 jaar of ouder";"Waarde";"2022";"Zeeburgereiland Noordoost";"Amsterdam                               ";"Buurt     ";"BU03633406          ";"    74.1";"    47.2";"    14.2";"    19.0";"    34.5";"    31.4";"    22.0";"    13.8";"     8.7";"    15.7"
"18 jaar of ouder";"Waarde";"2022";"IJburg West";"Amsterdam                               ";"Wijk      ";"WK036335            ";"    71.0";"    49.0";"    13.6";"    18.4";"    44.9";"    29.2";"    27.5";"    18.7";"    12.3";"    18.5"
"18 jaar of ouder";"Waarde";"2022";"Steigereiland Noord";"Amsterdam                               ";"Buurt     ";"BU03633500          ";"    72.2";"    47.3";"    13.4";"    21.0";"    40.2";"    27.9";"    28.2";"    18.5";"    12.6";"    19.2"
"18 jaar of ouder";"Waarde";"2022";"Steigereiland Zuid";"Amsterdam                               ";"Buurt     ";"BU03633501          ";"    72.7";"    49.5";"    12.6";"    16.6";"    43.1";"    28.8";"    24.7";"    17.7";"    10.8";"    17.1"
"18 jaar of ouder";"Waarde";"2022";"Haveneiland Zuidwest/Rieteiland West";"Amsterdam                               ";"Buurt     ";"BU03633502          ";"    77.5";"    53.2";"    10.6";"    14.1";"    38.1";"    26.5";"    21.4";"    13.4";"     8.2";"    12.7"
"18 jaar of ouder";"Waarde";"2022";"Haveneiland Noordwest";"Amsterdam                               ";"Buurt     ";"BU03633504          ";"    68.3";"    47.2";"    14.5";"    20.7";"    47.4";"    30.5";"    30.9";"    20.8";"    14.2";"    21.5"
"18 jaar of ouder";"Waarde";"2022";"Haveneiland Noordoost";"Amsterdam                               ";"Buurt     ";"BU03633505          ";"    68.2";"    48.4";"    15.1";"    18.9";"    49.5";"    30.4";"    29.7";"    20.5";"    13.8";"    19.9"
"18 jaar of ouder";"Waarde";"2022";"Sloterdijk";"Amsterdam                               ";"Wijk      ";"WK036336            ";"    78.3";"    56.4";"    10.8";"    23.8";"    28.9";"    24.8";"    27.5";"    15.3";"    11.5";"    16.3"
"18 jaar of ouder";"Waarde";"2022";"Woon- en Groengebied Sloterdijk";"Amsterdam                               ";"Buurt     ";"BU03633600          ";"    79.1";"    56.7";"    10.5";"    23.2";"    27.6";"    24.3";"    26.7";"    14.6";"    11.0";"    15.4"
"18 jaar of ouder";"Waarde";"2022";"Bedrijventerrein Sloterdijk I";"Amsterdam                               ";"Buurt     ";"BU03633601          ";"    68.1";"    52.2";"    13.9";"    32.0";"    45.1";"    31.1";"    36.9";"    23.2";"    17.7";"    29.0"
"18 jaar of ouder";"Waarde";"2022";"Landlust";"Amsterdam                               ";"Wijk      ";"WK036337            ";"    64.7";"    54.3";"    12.7";"    25.7";"    43.9";"    32.8";"    36.0";"    24.2";"    18.4";"    22.3"
"18 jaar of ouder";"Waarde";"2022";"Bedrijventerrein Landlust";"Amsterdam                               ";"Buurt     ";"BU03633700          ";"    75.9";"    57.5";"     8.9";"    25.3";"    28.7";"    24.8";"    31.3";"    17.9";"    13.8";"    20.0"
"18 jaar of ouder";"Waarde";"2022";"Bosleeuw";"Amsterdam                               ";"Buurt     ";"BU03633702          ";"    62.0";"    52.5";"    14.2";"    25.5";"    50.2";"    33.5";"    37.6";"    26.4";"    20.2";"    23.4"
"18 jaar of ouder";"Waarde";"2022";"Landlust Zuid";"Amsterdam                               ";"Buurt     ";"BU03633703          ";"    67.2";"    56.6";"    11.1";"    26.0";"    38.6";"    32.4";"    34.6";"    22.2";"    16.5";"    20.9"
"18 jaar of ouder";"Waarde";"2022";"Erasmusparkbuurt Oost";"Amsterdam                               ";"Buurt     ";"BU03633704          ";"    69.2";"    57.7";"    10.5";"    23.6";"    38.7";"    31.5";"    32.7";"    21.0";"    15.7";"    19.4"
"18 jaar of ouder";"Waarde";"2022";"Gibraltarbuurt";"Amsterdam                               ";"Buurt     ";"BU03633705          ";"    62.8";"    52.3";"    13.9";"    26.5";"    44.2";"    33.7";"    36.8";"    25.0";"    18.8";"    23.7"
"18 jaar of ouder";"Waarde";"2022";"Landlust Noord";"Amsterdam                               ";"Buurt     ";"BU03633706          ";"    63.0";"    54.4";"    12.9";"    25.9";"    46.3";"    33.6";"    36.9";"    25.6";"    19.7";"    22.5"
"18 jaar of ouder";"Waarde";"2022";"Erasmuspark";"Amsterdam                               ";"Wijk      ";"WK036338            ";"    70.2";"    57.5";"    10.5";"    25.1";"    34.8";"    29.9";"    33.4";"    20.9";"    15.8";"    19.2"
"18 jaar of ouder";"Waarde";"2022";"Erasmusparkbuurt West";"Amsterdam                               ";"Buurt     ";"BU03633802          ";"    71.4";"    57.9";"    10.0";"    24.5";"    33.6";"    28.9";"    32.8";"    20.1";"    15.1";"    18.8"
"18 jaar of ouder";"Waarde";"2022";"Robert Scottbuurt Oost";"Amsterdam                               ";"Buurt     ";"BU03633803          ";"    67.3";"    56.5";"    11.4";"    26.4";"    37.6";"    32.0";"    34.6";"    22.7";"    17.5";"    20.2"
"18 jaar of ouder";"Waarde";"2022";"De Kolenkit";"Amsterdam                               ";"Wijk      ";"WK036339            ";"    63.0";"    52.4";"    13.9";"    25.3";"    52.5";"    31.7";"    38.2";"    26.6";"    20.9";"    24.0"
"18 jaar of ouder";"Waarde";"2022";"Robert Scottbuurt West";"Amsterdam                               ";"Buurt     ";"BU03633900          ";"    63.5";"    54.8";"    11.8";"    26.8";"    44.0";"    31.8";"    38.9";"    26.1";"    20.9";"    24.5"
"18 jaar of ouder";"Waarde";"2022";"Laan van Spartaan";"Amsterdam                               ";"Buurt     ";"BU03633901          ";"    69.9";"    58.4";"     9.9";"    25.6";"    40.8";"    26.7";"    35.3";"    23.2";"    18.5";"    22.4"
"18 jaar of ouder";"Waarde";"2022";"Kolenkitbuurt Zuid";"Amsterdam                               ";"Buurt     ";"BU03633902          ";"    62.4";"    49.8";"    14.7";"    23.5";"    55.5";"    33.2";"    37.3";"    26.4";"    19.9";"    22.5"
"18 jaar of ouder";"Waarde";"2022";"Kolenkitbuurt Noord";"Amsterdam                               ";"Buurt     ";"BU03633903          ";"    58.8";"    48.8";"    17.1";"    25.1";"    62.4";"    34.1";"    40.2";"    29.2";"    22.7";"    25.6"
"18 jaar of ouder";"Waarde";"2022";"Geuzenbuurt";"Amsterdam                               ";"Wijk      ";"WK036340            ";"    71.4";"    59.6";"     9.2";"    25.8";"    29.8";"    29.4";"    31.4";"    19.8";"    14.9";"    18.5"
"18 jaar of ouder";"Waarde";"2022";"Geuzenhofbuurt";"Amsterdam                               ";"Buurt     ";"BU03634000          ";"    75.2";"    61.3";"     7.8";"    25.2";"    24.8";"    26.8";"    30.1";"    18.0";"    13.4";"    17.6"
"18 jaar of ouder";"Waarde";"2022";"Trompbuurt";"Amsterdam                               ";"Buurt     ";"BU03634001          ";"    72.5";"    59.9";"     8.8";"    25.3";"    28.8";"    28.7";"    30.2";"    18.9";"    14.2";"    17.2"
"18 jaar of ouder";"Waarde";"2022";"Pieter van der Doesbuurt";"Amsterdam                               ";"Buurt     ";"BU03634002          ";"    66.0";"    57.3";"    11.1";"    27.2";"    36.2";"    33.1";"    34.5";"    23.1";"    17.6";"    21.6"
"18 jaar of ouder";"Waarde";"2022";"Van Galenbuurt";"Amsterdam                               ";"Wijk      ";"WK036341            ";"    63.3";"    55.2";"    12.5";"    27.5";"    41.3";"    35.2";"    36.5";"    24.8";"    18.8";"    22.8"
"18 jaar of ouder";"Waarde";"2022";"John Franklinbuurt";"Amsterdam                               ";"Buurt     ";"BU03634100          ";"    65.0";"    55.9";"    11.6";"    27.9";"    38.1";"    34.1";"    35.6";"    23.8";"    18.1";"    21.9"
"18 jaar of ouder";"Waarde";"2022";"Jan Maijenbuurt";"Amsterdam                               ";"Buurt     ";"BU03634101          ";"    61.1";"    54.6";"    13.7";"    27.9";"    44.7";"    36.3";"    38.4";"    26.4";"    20.4";"    24.3"
"18 jaar of ouder";"Waarde";"2022";"Orteliusbuurt Noord";"Amsterdam                               ";"Buurt     ";"BU03634102          ";"    64.6";"    54.9";"    11.7";"    26.4";"    40.4";"    34.7";"    34.6";"    23.7";"    17.3";"    21.7"
"18 jaar of ouder";"Waarde";"2022";"Mercatorpark";"Amsterdam                               ";"Buurt     ";"BU03634103          ";"       .";"       .";"       .";"       .";"       .";"       .";"       .";"       .";"       .";"       ."
"18 jaar of ouder";"Waarde";"2022";"Hoofdweg e.o.";"Amsterdam                               ";"Wijk      ";"WK036342            ";"    65.5";"    57.0";"    11.7";"    27.4";"    38.0";"    32.9";"    35.0";"    24.2";"    17.4";"    22.0"
"18 jaar of ouder";"Waarde";"2022";"Balboaplein e.o.";"Amsterdam                               ";"Buurt     ";"BU03634200          ";"    65.1";"    57.1";"    12.0";"    28.0";"    38.6";"    32.4";"    35.8";"    24.6";"    18.2";"    22.1"
"18 jaar of ouder";"Waarde";"2022";"Columbusplein e.o.";"Amsterdam                               ";"Buurt     ";"BU03634201          ";"    62.3";"    55.9";"    12.9";"    27.7";"    42.7";"    35.2";"    36.6";"    26.4";"    18.7";"    23.8"
"18 jaar of ouder";"Waarde";"2022";"Orteliusbuurt Midden";"Amsterdam                               ";"Buurt     ";"BU03634202          ";"    67.7";"    57.3";"    10.7";"    26.4";"    34.5";"    31.9";"    33.1";"    22.4";"    15.7";"    20.5"
"18 jaar of ouder";"Waarde";"2022";"Orteliusbuurt Zuid";"Amsterdam                               ";"Buurt     ";"BU03634203          ";"    69.8";"    58.4";"    10.1";"    27.0";"    31.9";"    30.3";"    32.4";"    21.4";"    15.1";"    20.2"
"18 jaar of ouder";"Waarde";"2022";"Westindische Buurt";"Amsterdam                               ";"Wijk      ";"WK036343            ";"    72.0";"    59.4";"     9.2";"    25.5";"    29.1";"    29.5";"    30.1";"    19.4";"    13.5";"    17.9"
"18 jaar of ouder";"Waarde";"2022";"Paramariboplein e.o.";"Amsterdam                               ";"Buurt     ";"BU03634300          ";"    72.6";"    59.9";"     9.0";"    25.3";"    29.1";"    28.9";"    30.1";"    19.3";"    13.5";"    18.0"
"18 jaar of ouder";"Waarde";"2022";"Postjeskade e.o.";"Amsterdam                               ";"Buurt     ";"BU03634301          ";"    71.3";"    58.9";"     9.4";"    25.7";"    29.3";"    30.3";"    30.1";"    19.5";"    13.6";"    17.8"
"18 jaar of ouder";"Waarde";"2022";"Hoofddorppleinbuurt";"Amsterdam                               ";"Wijk      ";"WK036344            ";"    73.4";"    59.1";"     8.7";"    23.7";"    28.3";"    29.3";"    28.3";"    17.8";"    12.1";"    17.4"
"18 jaar of ouder";"Waarde";"2022";"Surinamepleinbuurt";"Amsterdam                               ";"Buurt     ";"BU03634400          ";"    74.5";"    59.8";"     8.1";"    22.9";"    27.4";"    29.3";"    27.4";"    16.8";"    11.4";"    16.2"
"18 jaar of ouder";"Waarde";"2022";"Westlandgrachtbuurt";"Amsterdam                               ";"Buurt     ";"BU03634401          ";"    72.9";"    58.3";"     9.0";"    24.1";"    28.7";"    29.6";"    28.3";"    18.2";"    12.2";"    17.5"
"18 jaar of ouder";"Waarde";"2022";"Aalsmeerwegbuurt West";"Amsterdam                               ";"Buurt     ";"BU03634402          ";"    74.3";"    59.4";"     8.4";"    23.9";"    27.1";"    28.2";"    28.6";"    17.9";"    12.2";"    16.9"
"18 jaar of ouder";"Waarde";"2022";"Aalsmeerwegbuurt Oost";"Amsterdam                               ";"Buurt     ";"BU03634403          ";"    72.6";"    59.6";"     8.8";"    23.6";"    28.7";"    30.0";"    28.4";"    18.1";"    12.1";"    17.6"
"18 jaar of ouder";"Waarde";"2022";"Legmeerpleinbuurt";"Amsterdam                               ";"Buurt     ";"BU03634404          ";"    72.7";"    59.0";"     8.8";"    23.3";"    28.3";"    30.5";"    27.8";"    17.4";"    11.8";"    17.3"
"18 jaar of ouder";"Waarde";"2022";"Bedrijventerrein Schinkel";"Amsterdam                               ";"Buurt     ";"BU03634405          ";"    74.9";"    58.9";"     8.6";"    25.8";"    34.0";"    23.1";"    34.1";"    17.0";"    14.4";"    25.8"
"18 jaar of ouder";"Waarde";"2022";"Schinkelbuurt";"Amsterdam                               ";"Wijk      ";"WK036345            ";"    70.0";"    59.7";"     9.4";"    25.9";"    30.1";"    31.2";"    31.9";"    20.1";"    13.9";"    19.7"
"18 jaar of ouder";"Waarde";"2022";"Schinkelbuurt Noord";"Amsterdam                               ";"Buurt     ";"BU03634500          ";"    72.7";"    61.7";"     8.4";"    25.5";"    27.0";"    28.9";"    31.2";"    18.7";"    13.1";"    18.7"
"18 jaar of ouder";"Waarde";"2022";"Schinkelbuurt Zuid";"Amsterdam                               ";"Buurt     ";"BU03634501          ";"    65.4";"    56.3";"    11.3";"    26.6";"    35.4";"    35.2";"    32.9";"    22.3";"    15.4";"    21.5"
"18 jaar of ouder";"Waarde";"2022";"Willemspark";"Amsterdam                               ";"Wijk      ";"WK036346            ";"    77.0";"    62.0";"     7.8";"    19.4";"    27.7";"    28.3";"    23.2";"    14.2";"     9.1";"    14.8"
"18 jaar of ouder";"Waarde";"2022";"Valeriusbuurt Oost";"Amsterdam                               ";"Buurt     ";"BU03634600          ";"    78.8";"    63.3";"     7.4";"    17.8";"    26.6";"    27.7";"    20.9";"    12.6";"     7.7";"    13.9"
"18 jaar of ouder";"Waarde";"2022";"Valeriusbuurt West";"Amsterdam                               ";"Buurt     ";"BU03634601          ";"    75.7";"    60.8";"     8.3";"    19.5";"    30.0";"    29.2";"    23.9";"    15.2";"     9.5";"    15.4"
"18 jaar of ouder";"Waarde";"2022";"Willemsparkbuurt Noord";"Amsterdam                               ";"Buurt     ";"BU03634602          ";"    77.7";"    63.0";"     7.3";"    20.8";"    25.1";"    27.4";"    24.1";"    14.1";"     9.4";"    14.4"
"18 jaar of ouder";"Waarde";"2022";"Vondelpark West";"Amsterdam                               ";"Buurt     ";"BU03634603          ";"       .";"       .";"       .";"       .";"       .";"       .";"       .";"       .";"       .";"       ."
"18 jaar of ouder";"Waarde";"2022";"Museumkwartier";"Amsterdam                               ";"Wijk      ";"WK036347            ";"    75.8";"    61.1";"     7.7";"    19.9";"    27.6";"    30.2";"    23.1";"    14.4";"     9.1";"    14.8"
"18 jaar of ouder";"Waarde";"2022";"Johannnes Vermeerbuurt";"Amsterdam                               ";"Buurt     ";"BU03634700          ";"    77.1";"    62.4";"     7.4";"    19.9";"    26.7";"    29.0";"    23.1";"    14.0";"     9.0";"    15.0"
"18 jaar of ouder";"Waarde";"2022";"P.C. Hooftbuurt";"Amsterdam                               ";"Buurt     ";"BU03634701          ";"    75.6";"    62.3";"     8.0";"    21.8";"    26.9";"    29.2";"    25.0";"    15.3";"    10.2";"    16.5"
"18 jaar of ouder";"Waarde";"2022";"Concertgebouwbuurt";"Amsterdam                               ";"Buurt     ";"BU03634702          ";"    77.7";"    62.5";"     7.1";"    20.1";"    26.9";"    28.2";"    22.7";"    14.0";"     9.0";"    15.1"
"18 jaar of ouder";"Waarde";"2022";"Cornelis Schuytbuurt";"Amsterdam                               ";"Buurt     ";"BU03634703          ";"    78.7";"    63.5";"     6.9";"    19.0";"    25.8";"    27.8";"    21.5";"    13.0";"     8.3";"    13.6"
"18 jaar of ouder";"Waarde";"2022";"Banpleinbuurt";"Amsterdam                               ";"Buurt     ";"BU03634704          ";"    78.0";"    61.7";"     7.1";"    16.0";"    25.9";"    30.9";"    18.8";"    11.9";"     7.1";"    11.3"
"18 jaar of ouder";"Waarde";"2022";"Hondecoeterbuurt";"Amsterdam                               ";"Buurt     ";"BU03634705          ";"    75.9";"    61.2";"     7.6";"    20.2";"    27.3";"    29.6";"    23.4";"    14.6";"     9.2";"    14.9"
"18 jaar of ouder";"Waarde";"2022";"Harmoniehofbuurt";"Amsterdam                               ";"Buurt     ";"BU03634706          ";"    67.6";"    51.4";"    10.2";"    17.4";"    35.6";"    40.5";"    21.7";"    15.2";"     7.9";"    13.9"
"18 jaar of ouder";"Waarde";"2022";"Museumplein";"Amsterdam                               ";"Buurt     ";"BU03634707          ";"       .";"       .";"       .";"       .";"       .";"       .";"       .";"       .";"       .";"       ."
"18 jaar of ouder";"Waarde";"2022";"Vondelpark Oost";"Amsterdam                               ";"Buurt     ";"BU03634708          ";"       .";"       .";"       .";"       .";"       .";"       .";"       .";"       .";"       .";"       ."
"18 jaar of ouder";"Waarde";"2022";"Duivelseiland";"Amsterdam                               ";"Buurt     ";"BU03634709          ";"    73.7";"    62.3";"     8.1";"    24.6";"    26.3";"    28.8";"    29.5";"    17.5";"    12.3";"    18.4"
"18 jaar of ouder";"Waarde";"2022";"Stadionbuurt";"Amsterdam                               ";"Wijk      ";"WK036348            ";"    66.7";"    54.4";"    12.4";"    23.0";"    38.2";"    34.7";"    30.3";"    20.4";"    13.7";"    19.9"
"18 jaar of ouder";"Waarde";"2022";"Bertelmanpleinbuurt";"Amsterdam                               ";"Buurt     ";"BU03634800          ";"    59.2";"    52.5";"    13.2";"    26.5";"    42.8";"    40.0";"    34.6";"    25.0";"    16.8";"    22.8"
"18 jaar of ouder";"Waarde";"2022";"Marathonbuurt Oost";"Amsterdam                               ";"Buurt     ";"BU03634801          ";"    62.0";"    54.0";"    12.4";"    24.9";"    40.0";"    38.6";"    32.0";"    22.5";"    15.2";"    21.6"
"18 jaar of ouder";"Waarde";"2022";"Marathonbuurt West";"Amsterdam                               ";"Buurt     ";"BU03634802          ";"    58.3";"    51.8";"    15.2";"    26.2";"    44.5";"    40.3";"    36.0";"    25.6";"    17.7";"    24.9"
"18 jaar of ouder";"Waarde";"2022";"Olympisch Stadion e.o.";"Amsterdam                               ";"Buurt     ";"BU03634803          ";"    69.8";"    55.5";"    11.7";"    19.8";"    37.8";"    32.5";"    27.1";"    18.2";"    11.4";"    18.9"
"18 jaar of ouder";"Waarde";"2022";"IJsbaanpad e.o.";"Amsterdam                               ";"Buurt     ";"BU03634804          ";"    77.5";"    53.2";"    10.9";"    13.3";"    34.2";"    29.8";"    18.7";"    11.9";"     7.0";"    10.8"
"18 jaar of ouder";"Waarde";"2022";"Van Tuyllbuurt";"Amsterdam                               ";"Buurt     ";"BU03634805          ";"    72.7";"    55.9";"    11.1";"    21.9";"    33.4";"    30.2";"    28.0";"    17.4";"    11.7";"    16.9"
"18 jaar of ouder";"Waarde";"2022";"Apollobuurt";"Amsterdam                               ";"Wijk      ";"WK036349            ";"    78.1";"    61.2";"     7.6";"    16.9";"    28.0";"    28.9";"    20.8";"    12.5";"     7.8";"    13.2"
"18 jaar of ouder";"Waarde";"2022";"Diepenbrockbuurt";"Amsterdam                               ";"Buurt     ";"BU03634900          ";"    80.4";"    62.3";"     7.1";"    14.4";"    25.9";"    27.9";"    17.7";"    10.5";"     6.3";"    10.7"
"18 jaar of ouder";"Waarde";"2022";"Beethovenbuurt";"Amsterdam                               ";"Buurt     ";"BU03634901          ";"    77.5";"    61.7";"     7.4";"    17.8";"    28.3";"    29.1";"    21.7";"    13.0";"     8.3";"    14.2"
"18 jaar of ouder";"Waarde";"2022";"Hiltonbuurt";"Amsterdam                               ";"Buurt     ";"BU03634902          ";"    82.2";"    64.3";"     6.5";"    15.0";"    23.0";"    24.2";"    18.9";"     9.4";"     6.3";"    11.1"
"18 jaar of ouder";"Waarde";"2022";"Minervabuurt Noord";"Amsterdam                               ";"Buurt     ";"BU03634903          ";"    78.7";"    61.9";"     7.3";"    16.5";"    27.8";"    28.6";"    19.9";"    12.1";"     7.2";"    12.6"
"18 jaar of ouder";"Waarde";"2022";"Minervabuurt Midden";"Amsterdam                               ";"Buurt     ";"BU03634904          ";"    78.3";"    62.2";"     7.1";"    17.1";"    28.1";"    28.7";"    20.9";"    12.5";"     7.8";"    13.2"
"18 jaar of ouder";"Waarde";"2022";"Minervabuurt Zuid";"Amsterdam                               ";"Buurt     ";"BU03634905          ";"    77.0";"    59.2";"     8.5";"    17.1";"    28.6";"    29.6";"    21.6";"    13.3";"     8.2";"    13.9"
"18 jaar of ouder";"Waarde";"2022";"IJburg Oost";"Amsterdam                               ";"Wijk      ";"WK036350            ";"    76.3";"    47.5";"    12.8";"    17.2";"    40.1";"    25.5";"    24.9";"    16.0";"    11.2";"    17.1"
"18 jaar of ouder";"Waarde";"2022";"Strandeiland";"Amsterdam                               ";"Buurt     ";"BU03635000          ";"       .";"       .";"       .";"       .";"       .";"       .";"       .";"       .";"       .";"       ."
"18 jaar of ouder";"Waarde";"2022";"Middeneiland Zuidoost";"Amsterdam                               ";"Buurt     ";"BU03635001          ";"       .";"       .";"       .";"       .";"       .";"       .";"       .";"       .";"       .";"       ."
"18 jaar of ouder";"Waarde";"2022";"Middeneiland Zuidwest";"Amsterdam                               ";"Buurt     ";"BU03635003          ";"       .";"       .";"       .";"       .";"       .";"       .";"       .";"       .";"       .";"       ."
"18 jaar of ouder";"Waarde";"2022";"Buiteneiland";"Amsterdam                               ";"Buurt     ";"BU03635005          ";"       .";"       .";"       .";"       .";"       .";"       .";"       .";"       .";"       .";"       ."
"18 jaar of ouder";"Waarde";"2022";"Centrumeiland";"Amsterdam                               ";"Buurt     ";"BU03635006          ";"    76.3";"    47.5";"    12.8";"    17.2";"    40.1";"    25.5";"    24.9";"    16.0";"    11.2";"    17.1"
"18 jaar of ouder";"Waarde";"2022";"IJburg Zuid";"Amsterdam                               ";"Wijk      ";"WK036351            ";"    70.1";"    48.5";"    14.3";"    17.9";"    47.6";"    29.9";"    27.4";"    19.8";"    12.7";"    19.9"
"18 jaar of ouder";"Waarde";"2022";"Rieteiland Oost";"Amsterdam                               ";"Buurt     ";"BU03635100          ";"    86.0";"    59.0";"     7.2";"     9.5";"    28.5";"    20.3";"    13.9";"     8.3";"     4.6";"     8.0"
"18 jaar of ouder";"Waarde";"2022";"Haveneiland Oost";"Amsterdam                               ";"Buurt     ";"BU03635101          ";"    71.9";"    49.3";"    13.4";"    17.1";"    46.2";"    29.0";"    25.7";"    18.7";"    11.7";"    18.8"
"18 jaar of ouder";"Waarde";"2022";"Haveneiland Noord";"Amsterdam                               ";"Buurt     ";"BU03635102          ";"    62.5";"    44.6";"    17.8";"    21.7";"    54.6";"    34.0";"    34.3";"    25.0";"    16.8";"    24.7"
"18 jaar of ouder";"Waarde";"2022";"Scheldebuurt";"Amsterdam                               ";"Wijk      ";"WK036352            ";"    74.2";"    59.7";"     8.4";"    21.9";"    28.9";"    29.7";"    26.2";"    16.3";"    10.9";"    15.1"
"18 jaar of ouder";"Waarde";"2022";"Wielingenbuurt";"Amsterdam                               ";"Buurt     ";"BU03635200          ";"    76.0";"    61.2";"     7.7";"    21.6";"    26.1";"    29.2";"    24.7";"    15.2";"     9.9";"    13.8"
"18 jaar of ouder";"Waarde";"2022";"Scheldebuurt West";"Amsterdam                               ";"Buurt     ";"BU03635201          ";"    73.3";"    59.5";"     8.5";"    22.3";"    29.4";"    30.0";"    26.8";"    16.6";"    11.3";"    15.5"
"18 jaar of ouder";"Waarde";"2022";"Scheldebuurt Midden";"Amsterdam                               ";"Buurt     ";"BU03635202          ";"    75.2";"    60.3";"     7.9";"    21.2";"    27.8";"    29.1";"    25.0";"    15.5";"    10.2";"    14.0"
"18 jaar of ouder";"Waarde";"2022";"Scheldebuurt Oost";"Amsterdam                               ";"Buurt     ";"BU03635203          ";"    75.1";"    61.0";"     7.6";"    22.2";"    27.1";"    28.6";"    26.9";"    16.3";"    11.2";"    14.8"
"18 jaar of ouder";"Waarde";"2022";"Veluwebuurt";"Amsterdam                               ";"Buurt     ";"BU03635206          ";"    66.8";"    54.0";"    11.4";"    22.9";"    37.1";"    35.9";"    29.6";"    20.3";"    13.1";"    19.2"
"18 jaar of ouder";"Waarde";"2022";"Kop Zuidas";"Amsterdam                               ";"Buurt     ";"BU03635207          ";"    79.3";"    60.2";"     8.8";"    20.6";"    31.1";"    24.6";"    26.0";"    15.2";"    10.1";"    16.4"
"18 jaar of ouder";"Waarde";"2022";"IJselbuurt";"Amsterdam                               ";"Wijk      ";"WK036353            ";"    68.0";"    58.7";"     9.9";"    25.6";"    33.2";"    33.1";"    31.1";"    20.4";"    14.3";"    18.7"
"18 jaar of ouder";"Waarde";"2022";"IJselbuurt West";"Amsterdam                               ";"Buurt     ";"BU03635300          ";"    66.5";"    58.2";"    10.2";"    26.3";"    33.3";"    34.7";"    31.6";"    21.0";"    14.7";"    19.6"
"18 jaar of ouder";"Waarde";"2022";"IJselbuurt Oost";"Amsterdam                               ";"Buurt     ";"BU03635301          ";"    69.3";"    59.2";"     9.6";"    25.1";"    33.0";"    31.7";"    30.7";"    20.0";"    13.9";"    18.0"
"18 jaar of ouder";"Waarde";"2022";"Rijnbuurt";"Amsterdam                               ";"Wijk      ";"WK036354            ";"    67.8";"    56.8";"    10.5";"    24.3";"    33.8";"    33.6";"    31.0";"    20.7";"    14.1";"    18.7"
"18 jaar of ouder";"Waarde";"2022";"Kromme Mijdrechtbuurt";"Amsterdam                               ";"Buurt     ";"BU03635400          ";"    66.7";"    57.0";"    10.1";"    25.3";"    34.4";"    34.4";"    32.3";"    21.4";"    15.0";"    19.6"
"18 jaar of ouder";"Waarde";"2022";"Rijnbuurt Oost";"Amsterdam                               ";"Buurt     ";"BU03635401          ";"    72.3";"    59.6";"     8.4";"    23.8";"    28.8";"    30.1";"    28.8";"    18.3";"    12.6";"    16.3"
"18 jaar of ouder";"Waarde";"2022";"Rijnbuurt Midden";"Amsterdam                               ";"Buurt     ";"BU03635402          ";"    72.3";"    58.0";"     9.6";"    22.7";"    29.1";"    30.3";"    28.7";"    18.3";"    12.3";"    16.0"
"18 jaar of ouder";"Waarde";"2022";"Rijnbuurt West";"Amsterdam                               ";"Buurt     ";"BU03635403          ";"    55.3";"    49.9";"    15.8";"    26.2";"    47.6";"    42.6";"    36.1";"    27.1";"    17.8";"    25.2"
"18 jaar of ouder";"Waarde";"2022";"Zorgvlied";"Amsterdam                               ";"Buurt     ";"BU03635404          ";"    80.1";"    55.7";"     8.9";"    14.7";"    31.2";"    30.6";"    16.8";"    10.2";"     6.3";"    10.7"
"18 jaar of ouder";"Waarde";"2022";"Frankendael";"Amsterdam                               ";"Wijk      ";"WK036355            ";"    67.3";"    56.0";"    11.7";"    23.6";"    38.5";"    33.2";"    31.6";"    21.2";"    14.7";"    20.6"
"18 jaar of ouder";"Waarde";"2022";"De Eenhoorn";"Amsterdam                               ";"Buurt     ";"BU03635501          ";"    71.6";"    64.0";"     7.1";"    28.6";"    27.7";"    25.9";"    37.1";"    21.3";"    17.8";"    24.2"
"18 jaar of ouder";"Waarde";"2022";"Julianapark";"Amsterdam                               ";"Buurt     ";"BU03635502          ";"    75.3";"    58.5";"     9.0";"    21.3";"    29.3";"    28.6";"    27.5";"    16.9";"    10.8";"    17.2"
"18 jaar of ouder";"Waarde";"2022";"Don Bosco";"Amsterdam                               ";"Buurt     ";"BU03635503          ";"    72.5";"    59.3";"     9.0";"    20.4";"    33.9";"    31.1";"    26.3";"    17.4";"    11.5";"    15.8"
"18 jaar of ouder";"Waarde";"2022";"Frankendael";"Amsterdam                               ";"Buurt     ";"BU03635504          ";"    81.5";"    63.6";"     6.4";"    15.3";"    34.2";"    36.8";"    30.2";"    11.3";"     8.0";"     9.5"
"18 jaar of ouder";"Waarde";"2022";"Tuindorp Amstelstation";"Amsterdam                               ";"Buurt     ";"BU03635505          ";"    48.8";"    45.9";"    18.9";"    25.7";"    55.4";"    47.1";"    38.6";"    30.7";"    20.0";"    26.3"
"18 jaar of ouder";"Waarde";"2022";"De Wetbuurt";"Amsterdam                               ";"Buurt     ";"BU03635506          ";"    66.9";"    52.5";"    14.0";"    19.6";"    42.9";"    35.9";"    26.4";"    19.3";"    11.7";"    17.0"
"18 jaar of ouder";"Waarde";"2022";"Tuindorp Frankendael";"Amsterdam                               ";"Buurt     ";"BU03635507          ";"    63.4";"    49.6";"    15.4";"    23.3";"    45.9";"    37.7";"    31.0";"    22.4";"    14.7";"    21.4"
"18 jaar of ouder";"Waarde";"2022";"Van der Kunbuurt";"Amsterdam                               ";"Buurt     ";"BU03635508          ";"    56.9";"    54.1";"    14.2";"    26.6";"    53.2";"    36.9";"    40.6";"    30.0";"    21.2";"    27.2"
"18 jaar of ouder";"Waarde";"2022";"Middenmeer";"Amsterdam                               ";"Wijk      ";"WK036356            ";"    74.3";"    58.6";"     9.1";"    20.5";"    33.0";"    28.5";"    26.9";"    16.9";"    11.6";"    16.4"
"18 jaar of ouder";"Waarde";"2022";"Linnaeusparkbuurt";"Amsterdam                               ";"Buurt     ";"BU03635600          ";"    76.3";"    60.7";"     7.6";"    19.6";"    28.2";"    29.2";"    23.8";"    14.7";"     9.7";"    13.8"
"18 jaar of ouder";"Waarde";"2022";"Middenmeer Noord";"Amsterdam                               ";"Buurt     ";"BU03635601          ";"    75.1";"    59.5";"     8.4";"    18.7";"    30.7";"    30.2";"    23.0";"    15.2";"     9.5";"    12.8"
"18 jaar of ouder";"Waarde";"2022";"Middenmeer Zuid";"Amsterdam                               ";"Buurt     ";"BU03635602          ";"    75.3";"    57.0";"    10.0";"    18.7";"    33.6";"    29.2";"    24.1";"    15.4";"     9.8";"    13.8"
"18 jaar of ouder";"Waarde";"2022";"Sportpark Middenmeer Zuid";"Amsterdam                               ";"Buurt     ";"BU03635603          ";"    68.3";"    43.9";"    12.7";"    13.1";"    43.9";"    38.9";"    19.4";"    14.8";"     6.9";"    13.3"
"18 jaar of ouder";"Waarde";"2022";"Sportpark Middenmeer Noord";"Amsterdam                               ";"Buurt     ";"BU03635604          ";"    62.6";"    49.3";"    12.7";"    36.3";"    53.0";"    24.3";"    50.1";"    35.4";"    29.2";"    38.9"
"18 jaar of ouder";"Waarde";"2022";"Park de Meer";"Amsterdam                               ";"Buurt     ";"BU03635605          ";"    71.3";"    51.7";"    12.6";"    15.4";"    43.5";"    34.0";"    23.4";"    16.9";"    10.0";"    14.8"
"18 jaar of ouder";"Waarde";"2022";"Sportpark Voorland";"Amsterdam                               ";"Buurt     ";"BU03635606          ";"       .";"       .";"       .";"       .";"       .";"       .";"       .";"       .";"       .";"       ."
"18 jaar of ouder";"Waarde";"2022";"Science Park Noord";"Amsterdam                               ";"Buurt     ";"BU03635607          ";"    74.5";"    66.0";"     6.7";"    26.2";"    28.0";"    22.1";"    35.8";"    19.4";"    15.9";"    22.7"
"18 jaar of ouder";"Waarde";"2022";"Science Park Zuid";"Amsterdam                               ";"Buurt     ";"BU03635608          ";"    65.7";"    49.4";"    12.2";"    32.8";"    46.1";"    25.2";"    45.3";"    32.1";"    26.1";"    35.0"
"18 jaar of ouder";"Waarde";"2022";"Betondorp";"Amsterdam                               ";"Wijk      ";"WK036357            ";"    57.7";"    43.0";"    18.7";"    22.4";"    51.1";"    41.8";"    31.8";"    24.2";"    15.1";"    21.5"
"18 jaar of ouder";"Waarde";"2022";"Betondorp";"Amsterdam                               ";"Buurt     ";"BU03635700          ";"    57.7";"    43.0";"    18.7";"    22.4";"    51.1";"    41.9";"    31.8";"    24.2";"    15.1";"    21.5"
"18 jaar of ouder";"Waarde";"2022";"Nieuwe Oosterbegraafplaats";"Amsterdam                               ";"Buurt     ";"BU03635701          ";"       .";"       .";"       .";"       .";"       .";"       .";"       .";"       .";"       .";"       ."
"18 jaar of ouder";"Waarde";"2022";"Drieburg";"Amsterdam                               ";"Buurt     ";"BU03635702          ";"       .";"       .";"       .";"       .";"       .";"       .";"       .";"       .";"       .";"       ."
"18 jaar of ouder";"Waarde";"2022";"Omval/Overamstel";"Amsterdam                               ";"Wijk      ";"WK036358            ";"    77.8";"    57.0";"     8.8";"    22.4";"    30.1";"    24.5";"    29.1";"    16.7";"    12.6";"    17.1"
"18 jaar of ouder";"Waarde";"2022";"Weespertrekvaart";"Amsterdam                               ";"Buurt     ";"BU03635801          ";"    79.0";"    55.2";"     9.2";"    21.5";"    32.4";"    23.1";"    28.8";"    15.7";"    12.3";"    16.2"
"18 jaar of ouder";"Waarde";"2022";"Amstelglorie";"Amsterdam                               ";"Buurt     ";"BU03635804          ";"    79.0";"    52.5";"    10.5";"    16.4";"    35.8";"    27.4";"    19.2";"    11.6";"     7.1";"    12.1"
"18 jaar of ouder";"Waarde";"2022";"Overamstel";"Amsterdam                               ";"Buurt     ";"BU03635805          ";"    83.2";"    52.8";"     9.2";"    10.8";"    31.1";"    25.1";"    14.3";"    11.0";"     5.0";"     8.8"
"18 jaar of ouder";"Waarde";"2022";"Amstelkwartier Noord";"Amsterdam                               ";"Buurt     ";"BU03635806          ";"    78.3";"    58.7";"     8.8";"    22.5";"    29.3";"    24.3";"    29.0";"    16.4";"    12.4";"    16.1"
"18 jaar of ouder";"Waarde";"2022";"De Omval";"Amsterdam                               ";"Buurt     ";"BU03635807          ";"    77.5";"    61.0";"     7.2";"    19.6";"    28.3";"    28.6";"    23.4";"    14.6";"     8.9";"    16.7"
"18 jaar of ouder";"Waarde";"2022";"Amstelkwartier Zuid";"Amsterdam                               ";"Buurt     ";"BU03635808          ";"    73.1";"    52.5";"    11.1";"    25.2";"    41.8";"    26.6";"    27.9";"    16.5";"    11.6";"    24.8"
"18 jaar of ouder";"Waarde";"2022";"Amstelkwartier West";"Amsterdam                               ";"Buurt     ";"BU03635809          ";"    75.7";"    51.1";"     9.1";"    25.7";"    30.7";"    22.8";"    35.4";"    20.4";"    16.8";"    21.1"
"18 jaar of ouder";"Waarde";"2022";"Prinses Irenebuurt e.o.";"Amsterdam                               ";"Wijk      ";"WK036359            ";"    77.5";"    57.5";"     8.1";"    15.4";"    33.2";"    30.1";"    19.7";"    12.6";"     6.9";"    13.3"
"18 jaar of ouder";"Waarde";"2022";"Prinses Irenebuurt";"Amsterdam                               ";"Buurt     ";"BU03635900          ";"    77.5";"    57.5";"     8.1";"    15.4";"    33.2";"    30.1";"    19.7";"    12.6";"     6.9";"    13.3"
"18 jaar of ouder";"Waarde";"2022";"Beatrixpark";"Amsterdam                               ";"Buurt     ";"BU03635901          ";"       .";"       .";"       .";"       .";"       .";"       .";"       .";"       .";"       .";"       ."
"18 jaar of ouder";"Waarde";"2022";"Volewijck";"Amsterdam                               ";"Wijk      ";"WK036360            ";"    57.5";"    48.6";"    19.3";"    26.8";"    52.3";"    39.4";"    35.4";"    26.4";"    18.1";"    23.6"
"18 jaar of ouder";"Waarde";"2022";"Van der Pekbuurt";"Amsterdam                               ";"Buurt     ";"BU03636000          ";"    56.8";"    49.7";"    19.1";"    27.7";"    54.8";"    38.8";"    38.3";"    28.3";"    20.0";"    25.3"
"18 jaar of ouder";"Waarde";"2022";"Bloemenbuurt Zuid";"Amsterdam                               ";"Buurt     ";"BU03636001          ";"    56.2";"    47.7";"    20.0";"    26.8";"    53.1";"    40.7";"    35.0";"    26.3";"    17.9";"    23.7"
"18 jaar of ouder";"Waarde";"2022";"Bloemenbuurt Noord";"Amsterdam                               ";"Buurt     ";"BU03636002          ";"    60.1";"    47.5";"    19.3";"    24.9";"    46.9";"    39.2";"    30.6";"    23.0";"    14.9";"    20.3"
"18 jaar of ouder";"Waarde";"2022";"IJplein/Vogelbuurt";"Amsterdam                               ";"Wijk      ";"WK036361            ";"    59.2";"    48.6";"    18.2";"    25.7";"    52.1";"    37.8";"    35.2";"    26.2";"    17.8";"    23.6"
"18 jaar of ouder";"Waarde";"2022";"IJplein e.o.";"Amsterdam                               ";"Buurt     ";"BU03636100          ";"    57.4";"    46.7";"    18.5";"    25.7";"    53.7";"    39.9";"    35.5";"    26.8";"    17.9";"    24.8"
"18 jaar of ouder";"Waarde";"2022";"Vogelbuurt Zuid";"Amsterdam                               ";"Buurt     ";"BU03636101          ";"    58.9";"    49.4";"    18.4";"    26.1";"    53.1";"    37.3";"    36.0";"    26.8";"    18.4";"    23.8"
"18 jaar of ouder";"Waarde";"2022";"Vogelbuurt Noord";"Amsterdam                               ";"Buurt     ";"BU03636102          ";"    61.5";"    48.8";"    17.9";"    25.7";"    48.2";"    36.7";"    33.5";"    24.3";"    16.7";"    21.7"
"18 jaar of ouder";"Waarde";"2022";"Vliegenbos";"Amsterdam                               ";"Buurt     ";"BU03636103          ";"    79.4";"    55.0";"    10.9";"    15.9";"    31.1";"    27.3";"    19.3";"    12.5";"     7.7";"    10.5"
"18 jaar of ouder";"Waarde";"2022";"Tuindorp Nieuwendam";"Amsterdam                               ";"Wijk      ";"WK036362            ";"    59.9";"    44.1";"    19.3";"    21.8";"    46.9";"    41.0";"    28.2";"    21.7";"    13.3";"    18.2"
"18 jaar of ouder";"Waarde";"2022";"Tuindorp Nieuwendam West";"Amsterdam                               ";"Buurt     ";"BU03636200          ";"    59.4";"    44.2";"    19.7";"    21.7";"    47.4";"    41.1";"    27.3";"    21.0";"    12.4";"    17.6"
"18 jaar of ouder";"Waarde";"2022";"Tuindorp Nieuwendam Oost";"Amsterdam                               ";"Buurt     ";"BU03636201          ";"    60.1";"    44.0";"    19.1";"    21.8";"    46.7";"    40.9";"    28.7";"    22.1";"    13.7";"    18.5"
"18 jaar of ouder";"Waarde";"2022";"Tuindorp Buiksloot";"Amsterdam                               ";"Wijk      ";"WK036363            ";"    59.4";"    46.4";"    20.4";"    25.2";"    47.7";"    39.7";"    30.3";"    23.2";"    14.8";"    19.7"
"18 jaar of ouder";"Waarde";"2022";"Blauwe Zand";"Amsterdam                               ";"Buurt     ";"BU03636300          ";"    59.4";"    46.4";"    20.4";"    25.2";"    47.7";"    39.7";"    30.3";"    23.2";"    14.8";"    19.7"
"18 jaar of ouder";"Waarde";"2022";"Nieuwendammerdijk/Buiksloterdijk";"Amsterdam                               ";"Wijk      ";"WK036364            ";"    81.7";"    56.8";"     8.1";"    12.3";"    31.4";"    27.6";"    16.4";"    10.1";"     5.7";"     8.9"
"18 jaar of ouder";"Waarde";"2022";"Buiksloterdijk West";"Amsterdam                               ";"Buurt     ";"BU03636400          ";"    82.4";"    57.6";"     7.7";"    13.8";"    30.4";"    27.0";"    16.5";"     9.4";"     5.6";"     9.1"
"18 jaar of ouder";"Waarde";"2022";"Buiksloterdijk Oost";"Amsterdam                               ";"Buurt     ";"BU03636401          ";"    82.0";"    56.0";"     7.1";"    10.9";"    31.7";"    29.9";"    13.8";"     9.2";"     4.7";"     7.6"
"18 jaar of ouder";"Waarde";"2022";"Nieuwendammerdijk West";"Amsterdam                               ";"Buurt     ";"BU03636402          ";"    81.1";"    57.1";"     8.3";"    12.6";"    31.9";"    28.1";"    17.0";"    10.3";"     6.1";"     9.2"
"18 jaar of ouder";"Waarde";"2022";"Nieuwendammerdijk Oost";"Amsterdam                               ";"Buurt     ";"BU03636403          ";"    83.0";"    55.6";"     7.9";"    11.0";"    30.6";"    25.2";"    15.4";"    10.3";"     5.3";"     8.4"
"18 jaar of ouder";"Waarde";"2022";"Nieuwendammerdijk Zuid";"Amsterdam                               ";"Buurt     ";"BU03636404          ";"       .";"       .";"       .";"       .";"       .";"       .";"       .";"       .";"       .";"       ."
"18 jaar of ouder";"Waarde";"2022";"Tuindorp Oostzaan";"Amsterdam                               ";"Wijk      ";"WK036365            ";"    62.6";"    45.7";"    18.4";"    21.6";"    49.8";"    36.9";"    29.0";"    21.5";"    14.1";"    18.7"
"18 jaar of ouder";"Waarde";"2022";"Tuindorp Oostzaan West";"Amsterdam                               ";"Buurt     ";"BU03636500          ";"    60.7";"    41.3";"    19.9";"    20.5";"    50.7";"    40.7";"    25.1";"    21.1";"    11.9";"    17.4"
"18 jaar of ouder";"Waarde";"2022";"Tuindorp Oostzaan Oost";"Amsterdam                               ";"Buurt     ";"BU03636501          ";"    60.8";"    44.0";"    20.2";"    22.1";"    49.1";"    39.1";"    28.7";"    21.9";"    14.0";"    17.9"
"18 jaar of ouder";"Waarde";"2022";"Terrasdorp";"Amsterdam                               ";"Buurt     ";"BU03636502          ";"    59.3";"    45.0";"    19.1";"    24.1";"    51.7";"    39.0";"    32.0";"    23.5";"    16.0";"    21.5"
"18 jaar of ouder";"Waarde";"2022";"De Bongerd";"Amsterdam                               ";"Buurt     ";"BU03636503          ";"    73.2";"    52.6";"    12.9";"    16.7";"    47.1";"    27.1";"    25.7";"    17.4";"    12.2";"    15.3"
"18 jaar of ouder";"Waarde";"2022";"Oostzanerwerf";"Amsterdam                               ";"Wijk      ";"WK036366            ";"    65.3";"    46.7";"    17.5";"    20.2";"    49.1";"    34.8";"    27.6";"    20.6";"    13.4";"    18.1"
"18 jaar of ouder";"Waarde";"2022";"Oostzanerdijk";"Amsterdam                               ";"Buurt     ";"BU03636601          ";"    74.9";"    49.1";"    14.0";"    16.5";"    36.7";"    30.3";"    20.0";"    14.1";"     8.5";"    11.6"
"18 jaar of ouder";"Waarde";"2022";"Walvisbuurt";"Amsterdam                               ";"Buurt     ";"BU03636602          ";"    69.9";"    48.0";"    16.2";"    18.3";"    45.6";"    32.2";"    23.7";"    17.6";"    11.2";"    15.3"
"18 jaar of ouder";"Waarde";"2022";"Twiske West";"Amsterdam                               ";"Buurt     ";"BU03636603          ";"    71.6";"    49.2";"    14.9";"    16.8";"    42.0";"    31.9";"    22.1";"    16.2";"    10.0";"    13.2"
"18 jaar of ouder";"Waarde";"2022";"Noorder IJplas";"Amsterdam                               ";"Buurt     ";"BU03636604          ";"    73.8";"    48.8";"    14.1";"    12.7";"    35.7";"    33.1";"    16.3";"    13.1";"     6.0";"     9.8"
"18 jaar of ouder";"Waarde";"2022";"Molenwijk";"Amsterdam                               ";"Buurt     ";"BU03636605          ";"    55.3";"    43.6";"    20.8";"    24.3";"    60.5";"    39.4";"    36.0";"    27.0";"    18.5";"    24.7"
"18 jaar of ouder";"Waarde";"2022";"Circus/Kermisbuurt";"Amsterdam                               ";"Buurt     ";"BU03636606          ";"    66.6";"    46.3";"    17.7";"    21.8";"    46.6";"    34.1";"    27.3";"    20.5";"    13.1";"    18.4"
"18 jaar of ouder";"Waarde";"2022";"Kadoelen";"Amsterdam                               ";"Wijk      ";"WK036367            ";"    72.4";"    48.6";"    14.5";"    15.8";"    41.9";"    31.5";"    21.5";"    15.9";"     9.4";"    12.9"
"18 jaar of ouder";"Waarde";"2022";"Kadoelen";"Amsterdam                               ";"Buurt     ";"BU03636700          ";"    74.7";"    50.5";"    12.7";"    15.1";"    39.4";"    29.7";"    20.8";"    14.7";"     8.9";"    12.2"
"18 jaar of ouder";"Waarde";"2022";"Twiske Oost";"Amsterdam                               ";"Buurt     ";"BU03636701          ";"    67.7";"    44.6";"    18.3";"    17.2";"    47.1";"    35.1";"    23.0";"    18.4";"    10.5";"    14.3"
"18 jaar of ouder";"Waarde";"2022";"Waterlandpleinbuurt";"Amsterdam                               ";"Wijk      ";"WK036368            ";"    61.1";"    46.4";"    18.2";"    22.9";"    58.2";"    34.8";"    34.2";"    25.5";"    17.6";"    23.8"
"18 jaar of ouder";"Waarde";"2022";"Baanakkerspark Noord";"Amsterdam                               ";"Buurt     ";"BU03636800          ";"    70.4";"    50.4";"    12.8";"    20.6";"    40.6";"    31.4";"    27.0";"    17.3";"    11.7";"    18.8"
"18 jaar of ouder";"Waarde";"2022";"Baanakkerspark Zuid";"Amsterdam                               ";"Buurt     ";"BU03636801          ";"    70.0";"    50.0";"    12.4";"    19.1";"    41.0";"    35.1";"    24.5";"    15.8";"    10.1";"    17.0"
"18 jaar of ouder";"Waarde";"2022";"Werengouw Midden";"Amsterdam                               ";"Buurt     ";"BU03636802          ";"    59.2";"    45.8";"    18.8";"    24.7";"    56.0";"    36.6";"    34.8";"    26.1";"    17.8";"    24.8"
"18 jaar of ouder";"Waarde";"2022";"Markengouw Midden";"Amsterdam                               ";"Buurt     ";"BU03636803          ";"    60.3";"    46.6";"    19.4";"    22.8";"    65.3";"    33.4";"    36.2";"    26.9";"    19.3";"    24.0"
"18 jaar of ouder";"Waarde";"2022";"Markengouw Zuid";"Amsterdam                               ";"Buurt     ";"BU03636804          ";"    61.9";"    45.7";"    18.1";"    22.6";"    61.1";"    32.8";"    34.9";"    26.8";"    18.3";"    25.0"
"18 jaar of ouder";"Waarde";"2022";"Werengouw Zuid";"Amsterdam                               ";"Buurt     ";"BU03636805          ";"    60.5";"    45.9";"    18.0";"    19.7";"    59.5";"    36.6";"    32.9";"    26.2";"    17.2";"    22.7"
"18 jaar of ouder";"Waarde";"2022";"Buikslotermeer";"Amsterdam                               ";"Wijk      ";"WK036369            ";"    60.6";"    47.3";"    17.0";"    23.4";"    52.1";"    36.2";"    33.3";"    24.3";"    16.7";"    23.2"
"18 jaar of ouder";"Waarde";"2022";"Rode Kruisbuurt";"Amsterdam                               ";"Buurt     ";"BU03636900          ";"    76.7";"    54.4";"     9.6";"    13.0";"    38.1";"    33.1";"    16.9";"    11.9";"     6.2";"    11.8"
"18 jaar of ouder";"Waarde";"2022";"Loenermark";"Amsterdam                               ";"Buurt     ";"BU03636902          ";"    64.8";"    48.5";"    15.1";"    24.7";"    44.9";"    33.1";"    32.1";"    21.9";"    15.2";"    22.6"
"18 jaar of ouder";"Waarde";"2022";"Buikslotermeerplein";"Amsterdam                               ";"Buurt     ";"BU03636909          ";"    57.1";"    44.2";"    18.1";"    22.6";"    55.3";"    39.4";"    33.5";"    25.1";"    16.2";"    24.0"
"18 jaar of ouder";"Waarde";"2022";"Plan van Gool";"Amsterdam                               ";"Buurt     ";"BU03636910          ";"    59.6";"    48.9";"    17.7";"    24.7";"    55.2";"    36.2";"    35.2";"    26.0";"    18.2";"    24.8"
"18 jaar of ouder";"Waarde";"2022";"De Kleine Wereld";"Amsterdam                               ";"Buurt     ";"BU03636911          ";"    52.9";"    43.9";"    21.0";"    24.3";"    63.4";"    40.6";"    37.1";"    29.2";"    20.1";"    26.3"
"18 jaar of ouder";"Waarde";"2022";"Buikslotermeer Noord";"Amsterdam                               ";"Buurt     ";"BU03636912          ";"    66.4";"    48.7";"    13.7";"    21.2";"    42.7";"    33.0";"    29.9";"    20.1";"    14.1";"    19.6"
"18 jaar of ouder";"Waarde";"2022";"Banne Buiksloot";"Amsterdam                               ";"Wijk      ";"WK036370            ";"    60.2";"    46.1";"    18.4";"    23.0";"    57.1";"    36.3";"    33.1";"    24.9";"    17.1";"    22.7"
"18 jaar of ouder";"Waarde";"2022";"Banne Zuidwest";"Amsterdam                               ";"Buurt     ";"BU03637000          ";"    58.6";"    46.3";"    18.9";"    22.7";"    60.7";"    36.0";"    34.8";"    26.0";"    18.2";"    23.6"
"18 jaar of ouder";"Waarde";"2022";"Banne Zuidoost";"Amsterdam                               ";"Buurt     ";"BU03637001          ";"    63.4";"    47.2";"    17.0";"    22.6";"    51.2";"    35.4";"    30.4";"    22.4";"    14.9";"    21.2"
"18 jaar of ouder";"Waarde";"2022";"Banne Noordwest";"Amsterdam                               ";"Buurt     ";"BU03637002          ";"    56.2";"    43.8";"    20.3";"    25.4";"    62.3";"    37.6";"    36.6";"    28.0";"    19.7";"    25.8"
"18 jaar of ouder";"Waarde";"2022";"Banne Noordoost";"Amsterdam                               ";"Buurt     ";"BU03637003          ";"    58.6";"    44.7";"    19.6";"    22.9";"    59.6";"    37.5";"    33.8";"    25.9";"    17.9";"    22.9"
"18 jaar of ouder";"Waarde";"2022";"Buiksloterbreek";"Amsterdam                               ";"Buurt     ";"BU03637004          ";"    79.9";"    56.1";"     8.7";"    12.6";"    33.7";"    30.9";"    15.2";"    10.2";"     5.2";"     8.9"
"18 jaar of ouder";"Waarde";"2022";"Marjoleinterrein";"Amsterdam                               ";"Buurt     ";"BU03637005          ";"    68.7";"    52.1";"    14.3";"    20.7";"    49.8";"    31.0";"    30.8";"    21.6";"    14.7";"    19.8"
"18 jaar of ouder";"Waarde";"2022";"Noordelijke IJ-oevers West";"Amsterdam                               ";"Wijk      ";"WK036371            ";"    75.7";"    55.8";"    10.7";"    24.6";"    33.0";"    25.7";"    30.5";"    17.4";"    13.9";"    18.7"
"18 jaar of ouder";"Waarde";"2022";"Papaverweg e.o.";"Amsterdam                               ";"Buurt     ";"BU03637102          ";"    79.5";"    57.3";"     9.9";"    18.3";"    33.6";"    25.6";"    23.0";"    13.3";"     9.7";"    14.0"
"18 jaar of ouder";"Waarde";"2022";"Cornelis Douwesterrein";"Amsterdam                               ";"Buurt     ";"BU03637104          ";"       .";"       .";"       .";"       .";"       .";"       .";"       .";"       .";"       .";"       ."
"18 jaar of ouder";"Waarde";"2022";"NDSM terrein";"Amsterdam                               ";"Buurt     ";"BU03637105          ";"    75.2";"    53.0";"    10.8";"    28.0";"    32.4";"    22.7";"    35.5";"    19.2";"    17.0";"    20.3"
"18 jaar of ouder";"Waarde";"2022";"Buiksloterham";"Amsterdam                               ";"Buurt     ";"BU03637106          ";"    71.3";"    54.3";"    13.0";"    23.9";"    40.0";"    29.5";"    31.6";"    19.8";"    15.0";"    20.3"
"18 jaar of ouder";"Waarde";"2022";"Overhoeks";"Amsterdam                               ";"Buurt     ";"BU03637107          ";"    76.4";"    58.9";"    10.1";"    23.7";"    31.0";"    27.5";"    27.7";"    16.2";"    11.8";"    18.2"
"18 jaar of ouder";"Waarde";"2022";"Noordelijke IJ-oevers Oost";"Amsterdam                               ";"Wijk      ";"WK036372            ";"    72.1";"    58.1";"    10.8";"    29.9";"    38.0";"    25.7";"    34.8";"    19.1";"    15.2";"    26.4"
"18 jaar of ouder";"Waarde";"2022";"Bedrijventerrein Hamerstraat";"Amsterdam                               ";"Buurt     ";"BU03637200          ";"    72.1";"    58.5";"    10.7";"    30.7";"    38.0";"    25.2";"    35.6";"    19.3";"    15.5";"    27.2"
"18 jaar of ouder";"Waarde";"2022";"Zamenhofstraat e.o.";"Amsterdam                               ";"Buurt     ";"BU03637201          ";"       .";"       .";"       .";"       .";"       .";"       .";"       .";"       .";"       .";"       ."
"18 jaar of ouder";"Waarde";"2022";"Bedrijventerrein Nieuwendammerdijk";"Amsterdam                               ";"Buurt     ";"BU03637202          ";"    78.1";"    55.0";"    10.0";"    15.2";"    36.8";"    28.1";"    21.5";"    12.8";"     7.9";"    14.4"
"18 jaar of ouder";"Waarde";"2022";"Waterland";"Amsterdam                               ";"Wijk      ";"WK036373            ";"    78.0";"    48.1";"    10.7";"    12.6";"    34.1";"    28.6";"    16.4";"    12.1";"     6.1";"     9.9"
"18 jaar of ouder";"Waarde";"2022";"Schellingwoude West";"Amsterdam                               ";"Buurt     ";"BU03637300          ";"    78.9";"    50.4";"     9.8";"    10.8";"    31.3";"    33.3";"    13.6";"    10.4";"     4.9";"     9.4"
"18 jaar of ouder";"Waarde";"2022";"Schellingwoude Oost";"Amsterdam                               ";"Buurt     ";"BU03637301          ";"    79.2";"    50.4";"     9.9";"    11.6";"    34.9";"    29.0";"    16.0";"    11.5";"     5.7";"     9.8"
"18 jaar of ouder";"Waarde";"2022";"Schellingwoude Noord";"Amsterdam                               ";"Buurt     ";"BU03637302          ";"       .";"       .";"       .";"       .";"       .";"       .";"       .";"       .";"       .";"       ."
"18 jaar of ouder";"Waarde";"2022";"Durgerdam";"Amsterdam                               ";"Buurt     ";"BU03637303          ";"    79.0";"    47.9";"    10.2";"    11.8";"    32.6";"    27.2";"    16.0";"    11.0";"     5.7";"     9.6"
"18 jaar of ouder";"Waarde";"2022";"Zwarte Gouw";"Amsterdam                               ";"Buurt     ";"BU03637304          ";"       .";"       .";"       .";"       .";"       .";"       .";"       .";"       .";"       .";"       ."
"18 jaar of ouder";"Waarde";"2022";"Ransdorp";"Amsterdam                               ";"Buurt     ";"BU03637305          ";"    79.1";"    47.4";"     9.7";"    11.0";"    34.7";"    27.9";"    14.5";"    11.2";"     4.8";"     8.2"
"18 jaar of ouder";"Waarde";"2022";"Holysloot";"Amsterdam                               ";"Buurt     ";"BU03637306          ";"    78.2";"    45.7";"    11.1";"    11.4";"    34.5";"    28.0";"    14.6";"    11.5";"     5.0";"     8.2"
"18 jaar of ouder";"Waarde";"2022";"Zunderdorp";"Amsterdam                               ";"Buurt     ";"BU03637307          ";"    76.6";"    47.1";"    11.7";"    13.1";"    33.3";"    28.4";"    16.6";"    13.0";"     6.4";"     9.9"
"18 jaar of ouder";"Waarde";"2022";"Noorderstrook West";"Amsterdam                               ";"Buurt     ";"BU03637308          ";"    66.1";"    47.4";"    16.1";"    30.0";"    39.7";"    35.3";"    35.3";"    23.3";"    16.6";"    24.9"
"18 jaar of ouder";"Waarde";"2022";"Noorderstrook Oost";"Amsterdam                               ";"Buurt     ";"BU03637309          ";"       .";"       .";"       .";"       .";"       .";"       .";"       .";"       .";"       .";"       ."
"18 jaar of ouder";"Waarde";"2022";"Elzenhagen";"Amsterdam                               ";"Wijk      ";"WK036374            ";"    69.9";"    52.2";"    12.3";"    24.5";"    42.7";"    27.1";"    32.8";"    21.5";"    16.9";"    21.2"
"18 jaar of ouder";"Waarde";"2022";"Nintemanterrein";"Amsterdam                               ";"Buurt     ";"BU03637400          ";"    81.9";"    58.1";"     8.9";"    11.1";"    31.8";"    31.5";"    15.3";"     8.8";"     4.1";"     8.3"
"18 jaar of ouder";"Waarde";"2022";"Elzenhagen Zuid";"Amsterdam                               ";"Buurt     ";"BU03637401          ";"    61.8";"    51.3";"    14.1";"    35.3";"    45.5";"    29.3";"    44.2";"    29.5";"    25.1";"    31.0"
"18 jaar of ouder";"Waarde";"2022";"Elzenhagen Noord";"Amsterdam                               ";"Buurt     ";"BU03637402          ";"    73.4";"    52.4";"    11.5";"    19.7";"    41.7";"    25.9";"    27.8";"    18.0";"    13.3";"    16.8"
"18 jaar of ouder";"Waarde";"2022";"Chassébuurt";"Amsterdam                               ";"Wijk      ";"WK036375            ";"    66.3";"    57.3";"    11.8";"    25.4";"    39.7";"    32.6";"    34.0";"    23.7";"    16.7";"    20.6"
"18 jaar of ouder";"Waarde";"2022";"Kortenaerkwartier";"Amsterdam                               ";"Buurt     ";"BU03637500          ";"    69.1";"    58.3";"    10.3";"    25.0";"    34.8";"    31.6";"    31.8";"    21.2";"    15.2";"    18.4"
"18 jaar of ouder";"Waarde";"2022";"Filips van Almondekwartier";"Amsterdam                               ";"Buurt     ";"BU03637501          ";"    70.9";"    59.5";"     9.4";"    26.0";"    32.1";"    29.4";"    32.4";"    21.1";"    15.3";"    19.0"
"18 jaar of ouder";"Waarde";"2022";"De Wester Quartier";"Amsterdam                               ";"Buurt     ";"BU03637502          ";"    63.2";"    56.2";"    13.4";"    25.7";"    45.4";"    33.9";"    36.0";"    26.5";"    18.0";"    22.7"
"18 jaar of ouder";"Waarde";"2022";"Van Brakelkwartier";"Amsterdam                               ";"Buurt     ";"BU03637503          ";"    60.0";"    54.2";"    15.2";"    24.9";"    50.0";"    36.4";"    37.3";"    27.9";"    19.6";"    23.6"
"18 jaar of ouder";"Waarde";"2022";"Slotermeer-Noordoost";"Amsterdam                               ";"Wijk      ";"WK036376            ";"    57.8";"    47.7";"    18.8";"    24.5";"    63.0";"    36.1";"    38.5";"    28.1";"    20.9";"    25.1"
"18 jaar of ouder";"Waarde";"2022";"Buurt 3";"Amsterdam                               ";"Buurt     ";"BU03637600          ";"    58.8";"    47.6";"    18.6";"    24.5";"    61.3";"    35.8";"    37.7";"    27.3";"    20.1";"    24.6"
"18 jaar of ouder";"Waarde";"2022";"Buurt 2";"Amsterdam                               ";"Buurt     ";"BU03637601          ";"    55.6";"    48.0";"    19.3";"    24.6";"    66.8";"    36.8";"    40.5";"    29.8";"    22.6";"    26.2"
"18 jaar of ouder";"Waarde";"2022";"Slotermeer-Zuidwest";"Amsterdam                               ";"Wijk      ";"WK036377            ";"    58.6";"    46.5";"    18.2";"    24.5";"    62.0";"    35.6";"    37.9";"    27.7";"    20.5";"    24.6"
"18 jaar of ouder";"Waarde";"2022";"Slotermeer Zuid";"Amsterdam                               ";"Buurt     ";"BU03637700          ";"    55.1";"    47.1";"    18.4";"    27.2";"    62.6";"    38.3";"    41.0";"    30.2";"    23.0";"    27.5"
"18 jaar of ouder";"Waarde";"2022";"Noordoever Sloterplas";"Amsterdam                               ";"Buurt     ";"BU03637701          ";"    67.5";"    51.6";"    13.8";"    22.1";"    48.6";"    31.3";"    31.6";"    21.3";"    15.4";"    20.9"
"18 jaar of ouder";"Waarde";"2022";"Buurt 4 Oost";"Amsterdam                               ";"Buurt     ";"BU03637702          ";"    61.6";"    46.7";"    17.7";"    24.0";"    58.1";"    34.2";"    35.1";"    25.0";"    18.0";"    23.4"
"18 jaar of ouder";"Waarde";"2022";"Buurt 5 Noord";"Amsterdam                               ";"Buurt     ";"BU03637703          ";"    51.7";"    43.0";"    21.9";"    24.8";"    74.6";"    38.7";"    42.7";"    32.9";"    24.4";"    26.6"
"18 jaar of ouder";"Waarde";"2022";"Sloterpark";"Amsterdam                               ";"Buurt     ";"BU03637704          ";"    72.9";"    51.4";"    12.3";"    25.0";"    49.0";"    21.6";"    35.9";"    22.0";"    18.6";"    21.2"
"18 jaar of ouder";"Waarde";"2022";"Buurt 5 Zuid";"Amsterdam                               ";"Buurt     ";"BU03637705          ";"    56.7";"    44.2";"    19.5";"    24.4";"    66.5";"    36.0";"    39.4";"    29.3";"    21.9";"    24.6"
"18 jaar of ouder";"Waarde";"2022";"Geuzenveld";"Amsterdam                               ";"Wijk      ";"WK036378            ";"    57.9";"    43.6";"    20.0";"    23.4";"    68.2";"    35.0";"    36.9";"    28.0";"    20.5";"    23.9"
"18 jaar of ouder";"Waarde";"2022";"Buurt 6";"Amsterdam                               ";"Buurt     ";"BU03637800          ";"    53.5";"    42.4";"    22.1";"    24.9";"    69.6";"    38.5";"    40.0";"    30.4";"    22.7";"    25.4"
"18 jaar of ouder";"Waarde";"2022";"Buurt 7";"Amsterdam                               ";"Buurt     ";"BU03637801          ";"    62.9";"    44.0";"    17.7";"    20.6";"    65.0";"    32.2";"    31.7";"    23.9";"    16.7";"    20.7"
"18 jaar of ouder";"Waarde";"2022";"Buurt 8";"Amsterdam                               ";"Buurt     ";"BU03637802          ";"    58.9";"    44.5";"    19.4";"    23.9";"    66.5";"    34.0";"    38.4";"    28.6";"    21.6";"    25.2"
"18 jaar of ouder";"Waarde";"2022";"Buurt 9";"Amsterdam                               ";"Buurt     ";"BU03637803          ";"    56.6";"    43.3";"    20.7";"    23.5";"    70.8";"    35.6";"    37.1";"    28.7";"    20.8";"    23.9"
"18 jaar of ouder";"Waarde";"2022";"Eendrachtspark";"Amsterdam                               ";"Buurt     ";"BU03637804          ";"    65.6";"    46.8";"    16.5";"    24.2";"    53.4";"    32.7";"    32.1";"    23.3";"    17.0";"    24.0"
"18 jaar of ouder";"Waarde";"2022";"Eendracht";"Amsterdam                               ";"Wijk      ";"WK036379            ";"    66.0";"    44.2";"    17.5";"    18.2";"    57.6";"    34.3";"    26.9";"    20.7";"    13.3";"    18.0"
"18 jaar of ouder";"Waarde";"2022";"Osdorper Binnenpolder";"Amsterdam                               ";"Buurt     ";"BU03637900          ";"    73.4";"    48.4";"    12.3";"    14.2";"    39.2";"    31.4";"    19.2";"    13.5";"     6.7";"    15.6"
"18 jaar of ouder";"Waarde";"2022";"Buurt 10";"Amsterdam                               ";"Buurt     ";"BU03637901          ";"    65.9";"    44.1";"    17.6";"    18.3";"    57.9";"    34.4";"    27.0";"    20.8";"    13.4";"    18.1"
"18 jaar of ouder";"Waarde";"2022";"Lutkemeer/Ookmeer";"Amsterdam                               ";"Wijk      ";"WK036380            ";"    71.8";"    48.3";"    15.1";"    17.3";"    40.6";"    32.3";"    21.1";"    16.4";"     9.5";"    13.6"
"18 jaar of ouder";"Waarde";"2022";"Ookmeer";"Amsterdam                               ";"Buurt     ";"BU03638000          ";"       .";"       .";"       .";"       .";"       .";"       .";"       .";"       .";"       .";"       ."
"18 jaar of ouder";"Waarde";"2022";"Osdorper Bovenpolder";"Amsterdam                               ";"Buurt     ";"BU03638001          ";"    71.7";"    48.1";"    15.4";"    17.3";"    40.9";"    32.6";"    20.9";"    16.4";"     9.4";"    13.4"
"18 jaar of ouder";"Waarde";"2022";"Bedrijvenpark Lutkemeer";"Amsterdam                               ";"Buurt     ";"BU03638002          ";"    74.5";"    49.9";"    12.1";"    17.1";"    37.2";"    28.9";"    22.5";"    15.8";"     9.4";"    15.0"
"18 jaar of ouder";"Waarde";"2022";"Osdorp-Oost";"Amsterdam                               ";"Wijk      ";"WK036381            ";"    60.1";"    45.0";"    17.3";"    22.8";"    57.2";"    36.3";"    34.8";"    25.7";"    17.8";"    23.1"
"18 jaar of ouder";"Waarde";"2022";"Wildeman";"Amsterdam                               ";"Buurt     ";"BU03638100          ";"    50.9";"    40.0";"    21.6";"    23.8";"    69.5";"    41.5";"    40.2";"    32.3";"    22.2";"    26.9"
"18 jaar of ouder";"Waarde";"2022";"Meer en Oever";"Amsterdam                               ";"Buurt     ";"BU03638101          ";"    65.4";"    45.4";"    15.7";"    20.3";"    53.1";"    33.5";"    30.0";"    21.6";"    14.3";"    20.5"
"18 jaar of ouder";"Waarde";"2022";"Osdorpplein e.o.";"Amsterdam                               ";"Buurt     ";"BU03638102          ";"    63.8";"    48.1";"    15.6";"    24.0";"    54.5";"    31.9";"    36.4";"    25.2";"    18.4";"    22.7"
"18 jaar of ouder";"Waarde";"2022";"Calandlaan/Lelylaan";"Amsterdam                               ";"Buurt     ";"BU03638103          ";"    56.9";"    44.0";"    17.8";"    23.7";"    58.4";"    41.6";"    34.9";"    26.2";"    17.9";"    24.6"
"18 jaar of ouder";"Waarde";"2022";"Osdorp Zuidoost";"Amsterdam                               ";"Buurt     ";"BU03638104          ";"    63.3";"    47.2";"    15.2";"    22.2";"    49.0";"    35.5";"    31.2";"    22.2";"    14.9";"    20.7"
"18 jaar of ouder";"Waarde";"2022";"Osdorp-Midden";"Amsterdam                               ";"Wijk      ";"WK036382            ";"    58.9";"    45.1";"    18.0";"    23.2";"    63.3";"    35.2";"    37.4";"    28.0";"    20.0";"    24.5"
"18 jaar of ouder";"Waarde";"2022";"Osdorp Midden Noord";"Amsterdam                               ";"Buurt     ";"BU03638200          ";"    51.6";"    40.2";"    22.0";"    22.2";"    75.1";"    39.9";"    41.3";"    32.8";"    23.1";"    26.1"
"18 jaar of ouder";"Waarde";"2022";"Osdorp Midden Zuid";"Amsterdam                               ";"Buurt     ";"BU03638201          ";"    56.5";"    44.6";"    19.0";"    23.8";"    66.4";"    36.5";"    39.3";"    30.1";"    21.6";"    25.6"
"18 jaar of ouder";"Waarde";"2022";"Zuidwestkwadrant Osdorp Noord";"Amsterdam                               ";"Buurt     ";"BU03638202          ";"    56.9";"    42.2";"    18.4";"    23.0";"    63.3";"    35.9";"    38.3";"    28.5";"    20.5";"    25.0"
"18 jaar of ouder";"Waarde";"2022";"Zuidwestkwadrant Osdorp Zuid";"Amsterdam                               ";"Buurt     ";"BU03638203          ";"    64.0";"    48.6";"    15.7";"    23.3";"    57.0";"    32.3";"    34.4";"    24.8";"    17.7";"    23.2"
"18 jaar of ouder";"Waarde";"2022";"De Punt";"Amsterdam                               ";"Wijk      ";"WK036383            ";"    62.9";"    46.2";"    17.7";"    23.4";"    57.2";"    32.7";"    33.5";"    24.1";"    17.1";"    22.6"
"18 jaar of ouder";"Waarde";"2022";"De Punt";"Amsterdam                               ";"Buurt     ";"BU03638300          ";"    62.9";"    46.2";"    17.7";"    23.4";"    57.2";"    32.7";"    33.5";"    24.1";"    17.1";"    22.6"
"18 jaar of ouder";"Waarde";"2022";"Bedrijvencentrum Osdorp";"Amsterdam                               ";"Buurt     ";"BU03638301          ";"       .";"       .";"       .";"       .";"       .";"       .";"       .";"       .";"       .";"       ."
"18 jaar of ouder";"Waarde";"2022";"Middelveldsche Akerpolder";"Amsterdam                               ";"Wijk      ";"WK036384            ";"    67.8";"    46.8";"    16.0";"    17.8";"    53.6";"    32.7";"    27.4";"    19.8";"    13.0";"    17.7"
"18 jaar of ouder";"Waarde";"2022";"Middelveldsche Akerpolder";"Amsterdam                               ";"Buurt     ";"BU03638400          ";"    62.7";"    43.0";"    19.9";"    19.3";"    59.6";"    35.3";"    30.2";"    22.9";"    14.9";"    19.1"
"18 jaar of ouder";"Waarde";"2022";"De Aker West";"Amsterdam                               ";"Buurt     ";"BU03638401          ";"    69.3";"    46.8";"    15.3";"    16.9";"    51.9";"    31.9";"    26.2";"    18.6";"    12.1";"    17.2"
"18 jaar of ouder";"Waarde";"2022";"De Aker Oost";"Amsterdam                               ";"Buurt     ";"BU03638402          ";"    69.8";"    49.1";"    14.1";"    17.5";"    51.1";"    31.7";"    26.5";"    18.8";"    12.4";"    17.2"
"18 jaar of ouder";"Waarde";"2022";"Slotervaart Noord";"Amsterdam                               ";"Wijk      ";"WK036385            ";"    62.8";"    48.0";"    15.9";"    21.6";"    54.9";"    35.7";"    32.4";"    23.9";"    16.2";"    21.4"
"18 jaar of ouder";"Waarde";"2022";"Oostoever Sloterplas";"Amsterdam                               ";"Buurt     ";"BU03638500          ";"    69.4";"    49.1";"    12.0";"    16.4";"    45.7";"    34.7";"    23.6";"    16.6";"     9.8";"    15.6"
"18 jaar of ouder";"Waarde";"2022";"Emanuel van Meterenbuurt";"Amsterdam                               ";"Buurt     ";"BU03638501          ";"    64.9";"    48.2";"    15.4";"    21.9";"    51.6";"    34.9";"    31.2";"    22.6";"    15.4";"    20.4"
"18 jaar of ouder";"Waarde";"2022";"Jacob Geelbuurt";"Amsterdam                               ";"Buurt     ";"BU03638502          ";"    55.4";"    46.9";"    19.6";"    26.0";"    65.2";"    37.1";"    41.0";"    31.1";"    22.2";"    27.2"
"18 jaar of ouder";"Waarde";"2022";"Overtoomse Veld";"Amsterdam                               ";"Wijk      ";"WK036386            ";"    64.9";"    55.6";"    12.8";"    24.5";"    48.8";"    30.4";"    36.9";"    25.7";"    19.1";"    22.9"
"18 jaar of ouder";"Waarde";"2022";"Overtoomse Veld Noord";"Amsterdam                               ";"Buurt     ";"BU03638600          ";"    59.1";"    50.7";"    16.9";"    21.7";"    62.9";"    34.7";"    38.8";"    28.8";"    20.9";"    23.3"
"18 jaar of ouder";"Waarde";"2022";"Overtoomse Veld Zuid";"Amsterdam                               ";"Buurt     ";"BU03638601          ";"    66.2";"    55.5";"    11.8";"    25.1";"    45.9";"    29.7";"    35.8";"    25.6";"    18.4";"    21.9"
"18 jaar of ouder";"Waarde";"2022";"Rembrandtpark Noord";"Amsterdam                               ";"Buurt     ";"BU03638602          ";"    73.8";"    62.3";"     6.9";"    28.7";"    24.1";"    24.5";"    33.3";"    18.9";"    15.4";"    18.5"
"18 jaar of ouder";"Waarde";"2022";"Rembrandtpark Zuid";"Amsterdam                               ";"Buurt     ";"BU03638603          ";"    76.0";"    59.8";"     7.9";"    24.3";"    26.2";"    25.6";"    27.7";"    17.3";"    11.3";"    18.1"
"18 jaar of ouder";"Waarde";"2022";"Johan Jongkindbuurt";"Amsterdam                               ";"Buurt     ";"BU03638604          ";"    52.7";"    51.8";"    18.3";"    26.6";"    68.4";"    37.2";"    44.0";"    34.9";"    25.4";"    31.0"
"18 jaar of ouder";"Waarde";"2022";"Lucas/Andreasziekenhuis e.o.";"Amsterdam                               ";"Buurt     ";"BU03638605          ";"    75.4";"    69.4";"     5.1";"    29.5";"    26.0";"    19.9";"    38.1";"    20.1";"    19.8";"    27.4"
"18 jaar of ouder";"Waarde";"2022";"Westlandgracht";"Amsterdam                               ";"Wijk      ";"WK036387            ";"    70.1";"    58.7";"     9.5";"    27.0";"    34.0";"    26.9";"    35.4";"    22.7";"    17.3";"    23.5"
"18 jaar of ouder";"Waarde";"2022";"Koningin Wilhelminaplein";"Amsterdam                               ";"Buurt     ";"BU03638700          ";"    76.1";"    60.3";"     7.8";"    25.1";"    27.6";"    24.7";"    29.9";"    18.7";"    12.4";"    20.9"
"18 jaar of ouder";"Waarde";"2022";"Andreasterrein";"Amsterdam                               ";"Buurt     ";"BU03638701          ";"    69.7";"    57.4";"    10.9";"    20.4";"    41.7";"    31.3";"    28.8";"    20.7";"    13.8";"    18.7"
"18 jaar of ouder";"Waarde";"2022";"Delflandpleinbuurt Oost";"Amsterdam                               ";"Buurt     ";"BU03638702          ";"    66.1";"    61.3";"     9.9";"    26.7";"    38.9";"    28.8";"    38.5";"    25.9";"    20.1";"    27.2"
"18 jaar of ouder";"Waarde";"2022";"Delflandpleinbuurt West";"Amsterdam                               ";"Buurt     ";"BU03638703          ";"    66.4";"    55.3";"    11.2";"    28.0";"    37.9";"    28.9";"    37.6";"    24.5";"    19.2";"    23.6"
"18 jaar of ouder";"Waarde";"2022";"Riekerhaven";"Amsterdam                               ";"Buurt     ";"BU03638704          ";"    66.4";"    53.5";"    11.3";"    36.0";"    39.8";"    23.1";"    46.2";"    29.5";"    26.4";"    32.1"
"18 jaar of ouder";"Waarde";"2022";"Schipluidenbuurt";"Amsterdam                               ";"Buurt     ";"BU03638705          ";"    75.1";"    64.6";"     5.9";"    29.1";"    23.4";"    22.1";"    37.1";"    21.2";"    17.3";"    24.3"
"18 jaar of ouder";"Waarde";"2022";"Sloter-/Riekerpolder";"Amsterdam                               ";"Wijk      ";"WK036388            ";"    70.1";"    47.5";"    14.5";"    17.0";"    46.4";"    32.5";"    24.8";"    17.6";"    10.9";"    16.1"
"18 jaar of ouder";"Waarde";"2022";"Riekerpolder";"Amsterdam                               ";"Buurt     ";"BU03638800          ";"    78.0";"    47.0";"    11.0";"    22.9";"    33.3";"    22.0";"    29.7";"    17.5";"    13.2";"    19.2"
"18 jaar of ouder";"Waarde";"2022";"Park Haagseweg";"Amsterdam                               ";"Buurt     ";"BU03638801          ";"    77.5";"    51.7";"    10.3";"    12.2";"    37.9";"    31.3";"    18.2";"    12.4";"     6.7";"    11.9"
"18 jaar of ouder";"Waarde";"2022";"Nieuwe Meer";"Amsterdam                               ";"Buurt     ";"BU03638802          ";"    67.0";"    45.0";"    16.2";"    25.1";"    38.5";"    34.6";"    28.8";"    19.9";"    13.4";"    18.3"
"18 jaar of ouder";"Waarde";"2022";"Sloterweg e.o.";"Amsterdam                               ";"Buurt     ";"BU03638803          ";"    76.1";"    49.9";"    10.8";"    13.9";"    42.6";"    29.5";"    19.4";"    14.0";"     8.5";"    12.9"
"18 jaar of ouder";"Waarde";"2022";"Nieuw Sloten Noordwest";"Amsterdam                               ";"Buurt     ";"BU03638804          ";"    67.1";"    46.8";"    15.5";"    17.2";"    51.7";"    33.7";"    26.7";"    19.6";"    12.3";"    16.9"
"18 jaar of ouder";"Waarde";"2022";"Nieuw Sloten Noordoost";"Amsterdam                               ";"Buurt     ";"BU03638805          ";"    66.7";"    46.0";"    16.3";"    17.8";"    49.4";"    35.0";"    25.6";"    18.8";"    11.3";"    16.6"
"18 jaar of ouder";"Waarde";"2022";"Belgiëplein e.o.";"Amsterdam                               ";"Buurt     ";"BU03638806          ";"    62.8";"    44.0";"    16.3";"    17.2";"    51.6";"    37.9";"    28.0";"    21.1";"    12.7";"    20.1"
"18 jaar of ouder";"Waarde";"2022";"Nieuw Sloten Zuidwest";"Amsterdam                               ";"Buurt     ";"BU03638807          ";"    75.9";"    51.7";"    11.6";"    13.2";"    41.2";"    29.9";"    20.0";"    13.8";"     8.2";"    12.5"
"18 jaar of ouder";"Waarde";"2022";"Nieuw Sloten Zuidoost";"Amsterdam                               ";"Buurt     ";"BU03638808          ";"    68.8";"    45.7";"    16.9";"    20.1";"    50.0";"    31.6";"    27.5";"    19.3";"    12.7";"    17.6"
"18 jaar of ouder";"Waarde";"2022";"Dorp Sloten";"Amsterdam                               ";"Buurt     ";"BU03638809          ";"    74.0";"    49.5";"    13.3";"    15.4";"    38.6";"    32.0";"    20.9";"    14.1";"     8.7";"    13.4"
"18 jaar of ouder";"Waarde";"2022";"Slotervaart Zuid";"Amsterdam                               ";"Wijk      ";"WK036389            ";"    61.6";"    49.2";"    15.5";"    23.8";"    53.1";"    33.8";"    36.5";"    26.5";"    18.7";"    23.5"
"18 jaar of ouder";"Waarde";"2022";"Louis Chrispijnbuurt";"Amsterdam                               ";"Buurt     ";"BU03638900          ";"    58.9";"    45.9";"    17.6";"    22.9";"    56.5";"    36.9";"    34.7";"    26.0";"    17.7";"    22.9"
"18 jaar of ouder";"Waarde";"2022";"Jacques Veltmanbuurt";"Amsterdam                               ";"Buurt     ";"BU03638901          ";"    65.0";"    52.6";"    13.1";"    24.0";"    45.2";"    31.5";"    35.2";"    24.5";"    17.2";"    23.2"
"18 jaar of ouder";"Waarde";"2022";"Staalmanbuurt";"Amsterdam                               ";"Buurt     ";"BU03638902          ";"    59.0";"    46.7";"    17.5";"    21.5";"    63.3";"    35.5";"    37.7";"    29.4";"    20.4";"    23.7"
"18 jaar of ouder";"Waarde";"2022";"Medisch Centrum Slotervaart";"Amsterdam                               ";"Buurt     ";"BU03638903          ";"    65.5";"    54.5";"    11.2";"    33.9";"    40.7";"    27.3";"    44.4";"    27.2";"    23.5";"    26.9"
"18 jaar of ouder";"Waarde";"2022";"Buitenveldert-West";"Amsterdam                               ";"Wijk      ";"WK036390            ";"    68.6";"    51.6";"    12.1";"    19.1";"    42.7";"    33.0";"    27.2";"    18.2";"    11.3";"    19.4"
"18 jaar of ouder";"Waarde";"2022";"Gelderlandpleinbuurt";"Amsterdam                               ";"Buurt     ";"BU03639000          ";"    67.3";"    52.1";"    12.2";"    20.4";"    42.6";"    33.6";"    28.7";"    19.3";"    12.1";"    20.3"
"18 jaar of ouder";"Waarde";"2022";"Buitenveldert Midden Zuid";"Amsterdam                               ";"Buurt     ";"BU03639002          ";"    70.8";"    55.9";"    11.4";"    20.2";"    40.6";"    30.0";"    29.0";"    18.7";"    12.4";"    20.3"
"18 jaar of ouder";"Waarde";"2022";"Buitenveldert Zuidwest";"Amsterdam                               ";"Buurt     ";"BU03639003          ";"    67.5";"    47.3";"    12.8";"    17.2";"    45.3";"    35.1";"    25.0";"    17.2";"    10.1";"    18.2"
"18 jaar of ouder";"Waarde";"2022";"Amsterdamse Bos";"Amsterdam                               ";"Buurt     ";"BU03639004          ";"    74.3";"    50.5";"    14.2";"    17.2";"    32.9";"    32.4";"    20.6";"    14.0";"     9.0";"    14.3"
"18 jaar of ouder";"Waarde";"2022";"Buitenveldert West Midden";"Amsterdam                               ";"Buurt     ";"BU03639008          ";"    70.2";"    49.4";"    11.6";"    15.0";"    42.1";"    34.1";"    22.0";"    15.0";"     8.5";"    15.7"
"18 jaar of ouder";"Waarde";"2022";"Zuiderhof";"Amsterdam                               ";"Buurt     ";"BU03639009          ";"    76.0";"    56.5";"     8.1";"    34.2";"    36.3";"    19.8";"    37.5";"    18.1";"    14.1";"    33.4"
"18 jaar of ouder";"Waarde";"2022";"Buitenveldert-Oost";"Amsterdam                               ";"Wijk      ";"WK036391            ";"    67.3";"    50.6";"    13.1";"    19.8";"    45.4";"    33.8";"    28.8";"    19.8";"    12.4";"    20.8"
"18 jaar of ouder";"Waarde";"2022";"De Klenckebuurt";"Amsterdam                               ";"Buurt     ";"BU03639100          ";"    70.9";"    51.0";"    12.3";"    17.5";"    42.7";"    33.1";"    24.4";"    16.3";"     9.3";"    18.2"
"18 jaar of ouder";"Waarde";"2022";"Buitenveldert Oost Midden";"Amsterdam                               ";"Buurt     ";"BU03639101          ";"    62.5";"    47.9";"    15.3";"    20.5";"    49.3";"    37.5";"    30.4";"    22.0";"    13.6";"    21.8"
"18 jaar of ouder";"Waarde";"2022";"Buitenveldert Zuidoost";"Amsterdam                               ";"Buurt     ";"BU03639102          ";"    70.8";"    53.0";"    11.3";"    19.6";"    42.4";"    30.6";"    28.2";"    18.4";"    12.0";"    20.5"
"18 jaar of ouder";"Waarde";"2022";"Amstelpark";"Amsterdam                               ";"Buurt     ";"BU03639103          ";"    71.1";"    50.1";"    14.6";"    20.2";"    42.7";"    28.5";"    25.9";"    18.3";"    14.4";"    19.3"
"18 jaar of ouder";"Waarde";"2022";"Amstel III/Bullewijk";"Amsterdam                               ";"Wijk      ";"WK036392            ";"    72.1";"    51.3";"    10.1";"    28.0";"    36.0";"    22.5";"    39.7";"    22.3";"    19.2";"    25.3"
"18 jaar of ouder";"Waarde";"2022";"Hoofdcentrum Zuidoost";"Amsterdam                               ";"Buurt     ";"BU03639200          ";"    75.6";"    58.1";"     8.1";"    30.4";"    41.9";"    19.5";"    38.3";"    18.9";"    15.4";"    35.8"
"18 jaar of ouder";"Waarde";"2022";"Amstel III deel A/B Noord";"Amsterdam                               ";"Buurt     ";"BU03639201          ";"    73.3";"    49.6";"    12.0";"    27.4";"    36.7";"    22.3";"    35.8";"    20.4";"    17.2";"    24.7"
"18 jaar of ouder";"Waarde";"2022";"Amstel III deel C/D Noord";"Amsterdam                               ";"Buurt     ";"BU03639202          ";"    75.7";"    51.1";"    11.4";"    31.9";"    34.1";"    23.8";"    31.7";"    16.2";"    11.6";"    26.9"
"18 jaar of ouder";"Waarde";"2022";"Amstel III deel A/B Zuid";"Amsterdam                               ";"Buurt     ";"BU03639203          ";"    72.1";"    51.9";"     9.6";"    27.9";"    35.8";"    22.1";"    40.7";"    22.7";"    19.8";"    25.4"
"18 jaar of ouder";"Waarde";"2022";"Amstel III deel C/D Zuid";"Amsterdam                               ";"Buurt     ";"BU03639204          ";"       .";"       .";"       .";"       .";"       .";"       .";"       .";"       .";"       .";"       ."
"18 jaar of ouder";"Waarde";"2022";"AMC";"Amsterdam                               ";"Buurt     ";"BU03639205          ";"    48.6";"    40.6";"    20.0";"    40.2";"    53.2";"    51.6";"    43.7";"    35.7";"    20.5";"    32.6"
"18 jaar of ouder";"Waarde";"2022";"Hoge Dijk";"Amsterdam                               ";"Buurt     ";"BU03639206          ";"    71.2";"    45.9";"    11.8";"    29.3";"    30.9";"    26.0";"    32.4";"    19.7";"    15.0";"    19.8"
"18 jaar of ouder";"Waarde";"2022";"Bijlmer Centrum (D,F,H)";"Amsterdam                               ";"Wijk      ";"WK036393            ";"    58.4";"    49.0";"    17.2";"    27.2";"    51.1";"    34.8";"    37.8";"    26.9";"    19.8";"    28.5"
"18 jaar of ouder";"Waarde";"2022";"Venserpolder West";"Amsterdam                               ";"Buurt     ";"BU03639300          ";"    56.6";"    45.8";"    18.9";"    27.1";"    53.9";"    37.8";"    36.6";"    26.7";"    18.8";"    28.7"
"18 jaar of ouder";"Waarde";"2022";"Venserpolder Oost";"Amsterdam                               ";"Buurt     ";"BU03639301          ";"    59.3";"    48.3";"    17.5";"    26.3";"    51.4";"    36.1";"    35.7";"    25.6";"    18.6";"    27.8"
"18 jaar of ouder";"Waarde";"2022";"D-buurt";"Amsterdam                               ";"Buurt     ";"BU03639302          ";"    65.1";"    61.2";"     9.9";"    32.1";"    31.8";"    25.0";"    43.4";"    27.1";"    22.9";"    27.4"
"18 jaar of ouder";"Waarde";"2022";"F-buurt";"Amsterdam                               ";"Buurt     ";"BU03639303          ";"    63.6";"    51.3";"    15.2";"    25.1";"    47.9";"    30.4";"    34.7";"    23.9";"    18.0";"    25.6"
"18 jaar of ouder";"Waarde";"2022";"Amsterdamse Poort";"Amsterdam                               ";"Buurt     ";"BU03639304          ";"    51.5";"    46.9";"    19.2";"    30.6";"    55.8";"    40.7";"    41.6";"    30.5";"    21.9";"    32.6"
"18 jaar of ouder";"Waarde";"2022";"Hoptille";"Amsterdam                               ";"Buurt     ";"BU03639305          ";"    60.3";"    49.8";"    16.6";"    29.9";"    49.8";"    31.3";"    41.2";"    28.1";"    21.6";"    30.4"
"18 jaar of ouder";"Waarde";"2022";"Rechte H-buurt";"Amsterdam                               ";"Buurt     ";"BU03639306          ";"    53.3";"    46.4";"    19.8";"    26.0";"    58.5";"    38.6";"    39.2";"    29.5";"    20.4";"    31.0"
"18 jaar of ouder";"Waarde";"2022";"Hakfort/Huigenbos";"Amsterdam                               ";"Buurt     ";"BU03639307          ";"    52.0";"    45.6";"    21.5";"    28.5";"    59.0";"    38.8";"    41.3";"    31.4";"    22.7";"    31.0"
"18 jaar of ouder";"Waarde";"2022";"Huntum";"Amsterdam                               ";"Buurt     ";"BU03639308          ";"    73.4";"    48.1";"    11.2";"    13.2";"    43.1";"    31.9";"    19.6";"    13.2";"     8.0";"    13.4"
"18 jaar of ouder";"Waarde";"2022";"Vogeltjeswei";"Amsterdam                               ";"Buurt     ";"BU03639309          ";"    58.3";"    48.3";"    14.0";"    20.4";"    51.9";"    36.7";"    30.7";"    22.7";"    15.7";"    23.6"
"18 jaar of ouder";"Waarde";"2022";"Nelson Mandelapark";"Amsterdam                               ";"Buurt     ";"BU03639310          ";"       .";"       .";"       .";"       .";"       .";"       .";"       .";"       .";"       .";"       ."
"18 jaar of ouder";"Waarde";"2022";"Bijlmer Oost (E,G,K)";"Amsterdam                               ";"Wijk      ";"WK036394            ";"    58.8";"    46.8";"    17.7";"    24.6";"    52.4";"    36.0";"    33.9";"    24.8";"    17.1";"    26.6"
"18 jaar of ouder";"Waarde";"2022";"E-buurt";"Amsterdam                               ";"Buurt     ";"BU03639400          ";"    67.8";"    52.7";"    13.3";"    22.8";"    46.6";"    26.9";"    30.9";"    21.1";"    15.6";"    21.8"
"18 jaar of ouder";"Waarde";"2022";"G-buurt West";"Amsterdam                               ";"Buurt     ";"BU03639401          ";"    60.8";"    48.1";"    16.9";"    24.6";"    50.4";"    34.5";"    32.5";"    22.9";"    16.3";"    25.3"
"18 jaar of ouder";"Waarde";"2022";"Bijlmermuseum Noord";"Amsterdam                               ";"Buurt     ";"BU03639402          ";"    48.6";"    46.0";"    21.4";"    25.5";"    61.2";"    42.8";"    38.9";"    30.9";"    20.2";"    31.8"
"18 jaar of ouder";"Waarde";"2022";"Kortvoort";"Amsterdam                               ";"Buurt     ";"BU03639403          ";"    51.9";"    42.0";"    20.7";"    27.8";"    55.6";"    41.7";"    36.6";"    28.4";"    18.7";"    28.7"
"18 jaar of ouder";"Waarde";"2022";"Kelbergen";"Amsterdam                               ";"Buurt     ";"BU03639404          ";"    56.2";"    43.0";"    21.0";"    24.7";"    56.7";"    37.7";"    33.4";"    25.3";"    17.0";"    26.8"
"18 jaar of ouder";"Waarde";"2022";"K-buurt Midden";"Amsterdam                               ";"Buurt     ";"BU03639405          ";"    54.5";"    47.2";"    19.3";"    29.1";"    54.1";"    36.8";"    40.8";"    29.5";"    21.6";"    31.7"
"18 jaar of ouder";"Waarde";"2022";"K-buurt Zuidoost";"Amsterdam                               ";"Buurt     ";"BU03639406          ";"    65.2";"    47.5";"    16.2";"    22.4";"    52.7";"    29.3";"    31.4";"    21.5";"    16.4";"    24.7"
"18 jaar of ouder";"Waarde";"2022";"K-buurt Zuidwest";"Amsterdam                               ";"Buurt     ";"BU03639407          ";"    60.8";"    45.2";"    17.6";"    22.3";"    54.5";"    32.8";"    32.1";"    23.5";"    16.8";"    26.3"
"18 jaar of ouder";"Waarde";"2022";"Grunder/Koningshoef";"Amsterdam                               ";"Buurt     ";"BU03639408          ";"    61.5";"    46.7";"    17.4";"    23.3";"    52.8";"    32.9";"    32.1";"    22.9";"    16.3";"    25.6"
"18 jaar of ouder";"Waarde";"2022";"G-buurt Oost";"Amsterdam                               ";"Buurt     ";"BU03639409          ";"    66.4";"    45.7";"    13.9";"    19.3";"    44.3";"    35.7";"    26.0";"    18.2";"    11.0";"    19.2"
"18 jaar of ouder";"Waarde";"2022";"Kantershof";"Amsterdam                               ";"Buurt     ";"BU03639410          ";"    60.2";"    43.6";"    17.1";"    21.9";"    52.4";"    37.5";"    29.7";"    22.3";"    14.0";"    24.9"
"18 jaar of ouder";"Waarde";"2022";"Gooise Kant";"Amsterdam                               ";"Buurt     ";"BU03639411          ";"    71.4";"    50.5";"    13.7";"    20.9";"    45.6";"    24.7";"    28.4";"    18.6";"    14.7";"    20.6"
"18 jaar of ouder";"Waarde";"2022";"G-buurt Noord";"Amsterdam                               ";"Buurt     ";"BU03639412          ";"    47.5";"    46.9";"    22.3";"    31.9";"    59.4";"    43.2";"    42.7";"    33.1";"    23.2";"    34.5"
"18 jaar of ouder";"Waarde";"2022";"Bijlmermuseum Zuid";"Amsterdam                               ";"Buurt     ";"BU03639413          ";"    57.8";"    51.4";"    17.6";"    26.5";"    52.0";"    35.2";"    38.2";"    27.4";"    19.3";"    30.2"
"18 jaar of ouder";"Waarde";"2022";"Nellestein";"Amsterdam                               ";"Wijk      ";"WK036395            ";"    65.3";"    44.8";"    16.3";"    21.2";"    45.7";"    34.7";"    28.3";"    19.7";"    12.4";"    21.8"
"18 jaar of ouder";"Waarde";"2022";"L-buurt";"Amsterdam                               ";"Buurt     ";"BU03639500          ";"    65.2";"    44.8";"    16.4";"    21.3";"    45.9";"    34.7";"    28.5";"    19.8";"    12.5";"    22.0"
"18 jaar of ouder";"Waarde";"2022";"Gaasperpark";"Amsterdam                               ";"Buurt     ";"BU03639501          ";"    68.5";"    48.5";"    17.4";"    23.6";"    35.0";"    34.0";"    26.3";"    17.7";"    12.2";"    17.3"
"18 jaar of ouder";"Waarde";"2022";"Gaasperplas";"Amsterdam                               ";"Buurt     ";"BU03639502          ";"    74.6";"    45.4";"    12.3";"    13.2";"    34.7";"    29.2";"    17.7";"    13.9";"     6.1";"    10.6"
"18 jaar of ouder";"Waarde";"2022";"Holendrecht/Reigersbos";"Amsterdam                               ";"Wijk      ";"WK036396            ";"    56.5";"    43.7";"    19.5";"    23.6";"    55.0";"    38.9";"    32.6";"    25.1";"    16.6";"    25.5"
"18 jaar of ouder";"Waarde";"2022";"Holendrecht West";"Amsterdam                               ";"Buurt     ";"BU03639600          ";"    46.0";"    39.4";"    23.7";"    27.5";"    62.4";"    44.9";"    38.2";"    31.7";"    20.5";"    29.1"
"18 jaar of ouder";"Waarde";"2022";"Reigersbos Noord";"Amsterdam                               ";"Buurt     ";"BU03639601          ";"    52.1";"    43.3";"    21.4";"    26.1";"    59.8";"    39.8";"    36.8";"    28.8";"    19.6";"    28.6"
"18 jaar of ouder";"Waarde";"2022";"Holendrecht Oost";"Amsterdam                               ";"Buurt     ";"BU03639602          ";"    63.8";"    45.4";"    16.3";"    17.6";"    49.2";"    37.0";"    24.6";"    18.8";"    11.4";"    18.0"
"18 jaar of ouder";"Waarde";"2022";"Gaasperdam Noord";"Amsterdam                               ";"Buurt     ";"BU03639603          ";"    58.9";"    46.4";"    18.2";"    25.0";"    51.8";"    36.6";"    34.1";"    24.9";"    17.1";"    27.7"
"18 jaar of ouder";"Waarde";"2022";"Gaasperdam Zuid";"Amsterdam                               ";"Buurt     ";"BU03639604          ";"    58.0";"    44.3";"    18.3";"    24.6";"    53.0";"    38.1";"    33.5";"    24.5";"    16.7";"    27.8"
"18 jaar of ouder";"Waarde";"2022";"Reigersbos Midden";"Amsterdam                               ";"Buurt     ";"BU03639605          ";"    57.9";"    43.7";"    19.1";"    23.4";"    54.6";"    37.7";"    31.9";"    23.8";"    16.0";"    25.2"
"18 jaar of ouder";"Waarde";"2022";"Reigersbos Zuid";"Amsterdam                               ";"Buurt     ";"BU03639606          ";"    62.3";"    44.3";"    17.9";"    20.5";"    50.3";"    36.9";"    27.7";"    20.7";"    13.2";"    21.3"
"18 jaar of ouder";"Waarde";"2022";"Gein";"Amsterdam                               ";"Wijk      ";"WK036397            ";"    62.7";"    45.2";"    18.0";"    21.6";"    50.4";"    36.3";"    29.1";"    21.7";"    14.0";"    23.3"
"18 jaar of ouder";"Waarde";"2022";"Gein Noordwest";"Amsterdam                               ";"Buurt     ";"BU03639700          ";"    56.3";"    44.2";"    19.8";"    26.7";"    54.5";"    38.2";"    35.5";"    26.7";"    18.0";"    28.9"
"18 jaar of ouder";"Waarde";"2022";"Gein Zuidwest";"Amsterdam                               ";"Buurt     ";"BU03639701          ";"    56.0";"    45.3";"    19.6";"    26.5";"    56.7";"    37.8";"    36.7";"    27.3";"    19.0";"    30.3"
"18 jaar of ouder";"Waarde";"2022";"Gein Noordoost";"Amsterdam                               ";"Buurt     ";"BU03639702          ";"    73.0";"    49.0";"    13.8";"    14.6";"    42.3";"    32.3";"    20.2";"    14.6";"     8.3";"    15.5"
"18 jaar of ouder";"Waarde";"2022";"Gein Zuidoost";"Amsterdam                               ";"Buurt     ";"BU03639703          ";"    61.2";"    42.5";"    20.0";"    21.9";"    51.8";"    37.9";"    28.9";"    22.0";"    13.8";"    23.0"
"18 jaar of ouder";"Waarde";"2022";"Driemond";"Amsterdam                               ";"Wijk      ";"WK036398            ";"    71.9";"    45.7";"    15.7";"    16.9";"    36.7";"    30.9";"    20.3";"    15.7";"     8.6";"    12.9"
"18 jaar of ouder";"Waarde";"2022";"Dorp Driemond";"Amsterdam                               ";"Buurt     ";"BU03639800          ";"    71.1";"    45.2";"    16.2";"    17.3";"    37.2";"    31.5";"    20.8";"    16.1";"     8.9";"    13.3"
"18 jaar of ouder";"Waarde";"2022";"Landelijk gebied Driemond";"Amsterdam                               ";"Buurt     ";"BU03639801          ";"    81.3";"    51.6";"     9.1";"    11.5";"    31.2";"    24.2";"    13.9";"    10.1";"     4.9";"     7.7"
"18 jaar of ouder";"Waarde";"2022";"Apeldoorn";"Apeldoorn                               ";"Gemeente  ";"GM0200              ";"    69.9";"    47.9";"    16.7";"    17.8";"    44.9";"    34.1";"    20.6";"    16.4";"     9.6";"    13.0"
"18 jaar of ouder";"Waarde";"2022";"Centrum";"Apeldoorn                               ";"Wijk      ";"WK020001            ";"    67.8";"    50.0";"    15.4";"    23.5";"    40.4";"    33.8";"    26.1";"    18.8";"    12.9";"    17.2"
"18 jaar of ouder";"Waarde";"2022";"Binnenstad";"Apeldoorn                               ";"Buurt     ";"BU02000101          ";"    67.9";"    50.5";"    15.1";"    24.7";"    39.0";"    33.0";"    27.1";"    19.3";"    13.6";"    17.9"
"18 jaar of ouder";"Waarde";"2022";"De Haven";"Apeldoorn                               ";"Buurt     ";"BU02000102          ";"    67.3";"    48.3";"    16.6";"    19.3";"    44.8";"    36.5";"    22.6";"    17.3";"    10.6";"    15.1"
"18 jaar of ouder";"Waarde";"2022";"West";"Apeldoorn                               ";"Wijk      ";"WK020002            ";"    70.5";"    48.3";"    15.3";"    16.4";"    45.2";"    34.7";"    19.3";"    15.7";"     8.9";"    12.8"
"18 jaar of ouder";"Waarde";"2022";"Brinkhorst";"Apeldoorn                               ";"Buurt     ";"BU02000201          ";"    70.4";"    50.7";"    15.4";"    18.6";"    40.6";"    34.5";"    20.6";"    16.1";"     9.5";"    13.5"
"18 jaar of ouder";"Waarde";"2022";"Sprengenweg-Noord";"Apeldoorn                               ";"Buurt     ";"BU02000202          ";"    70.3";"    47.9";"    14.0";"    14.3";"    46.3";"    36.1";"    18.2";"    14.5";"     7.7";"    11.6"
"18 jaar of ouder";"Waarde";"2022";"Sprengenbos";"Apeldoorn                               ";"Buurt     ";"BU02000203          ";"    74.7";"    50.3";"    12.9";"    13.4";"    42.4";"    32.1";"    16.5";"    12.7";"     6.7";"    10.0"
"18 jaar of ouder";"Waarde";"2022";"Berg en Bos";"Apeldoorn                               ";"Buurt     ";"BU02000204          ";"    79.5";"    51.5";"     9.2";"     9.5";"    40.9";"    30.1";"    11.3";"     9.1";"     3.9";"     6.9"
"18 jaar of ouder";"Waarde";"2022";"Driehuizen";"Apeldoorn                               ";"Buurt     ";"BU02000205          ";"    70.9";"    48.4";"    15.9";"    16.2";"    43.8";"    34.7";"    19.1";"    15.1";"     8.6";"    12.2"
"18 jaar of ouder";"Waarde";"2022";"Orden";"Apeldoorn                               ";"Buurt     ";"BU02000206          ";"    64.4";"    44.8";"    18.8";"    20.2";"    51.5";"    37.7";"    23.7";"    20.4";"    12.1";"    16.9"
"18 jaar of ouder";"Waarde";"2022";"Park Berg en Bos";"Apeldoorn                               ";"Buurt     ";"BU02000207          ";"       .";"       .";"       .";"       .";"       .";"       .";"       .";"       .";"       .";"       ."
"18 jaar of ouder";"Waarde";"2022";"Zuidwest";"Apeldoorn                               ";"Wijk      ";"WK020003            ";"    71.4";"    48.2";"    16.1";"    16.2";"    44.0";"    33.9";"    18.5";"    15.1";"     8.3";"    11.7"
"18 jaar of ouder";"Waarde";"2022";"Ugchelen";"Apeldoorn                               ";"Buurt     ";"BU02000301          ";"    74.4";"    47.8";"    14.0";"    11.4";"    42.6";"    33.4";"    13.9";"    12.1";"     5.4";"     8.6"
"18 jaar of ouder";"Waarde";"2022";"Ugchelen-Zuid";"Apeldoorn                               ";"Buurt     ";"BU02000302          ";"    64.2";"    41.2";"    20.5";"    17.0";"    47.0";"    40.5";"    18.0";"    16.8";"     7.9";"    11.9"
"18 jaar of ouder";"Waarde";"2022";"De Heeze";"Apeldoorn                               ";"Buurt     ";"BU02000303          ";"    65.1";"    46.5";"    19.0";"    20.5";"    47.2";"    37.5";"    23.8";"    19.2";"    11.7";"    15.3"
"18 jaar of ouder";"Waarde";"2022";"Westenenk";"Apeldoorn                               ";"Buurt     ";"BU02000304          ";"    69.2";"    48.3";"    17.9";"    18.5";"    45.2";"    35.2";"    20.7";"    17.0";"     9.9";"    12.7"
"18 jaar of ouder";"Waarde";"2022";"Winkewijert";"Apeldoorn                               ";"Buurt     ";"BU02000305          ";"    71.2";"    48.8";"    17.0";"    17.5";"    43.8";"    33.3";"    19.4";"    15.6";"     9.0";"    11.5"
"18 jaar of ouder";"Waarde";"2022";"De Bouwhof";"Apeldoorn                               ";"Buurt     ";"BU02000306          ";"    73.9";"    48.8";"    15.0";"    12.7";"    43.3";"    33.5";"    14.8";"    12.9";"     5.9";"     9.2"
"18 jaar of ouder";"Waarde";"2022";"Brouwersmolen-Noord";"Apeldoorn                               ";"Buurt     ";"BU02000307          ";"    72.1";"    47.9";"    17.0";"    22.2";"    41.1";"    30.6";"    20.0";"    16.5";"     9.9";"    12.7"
"18 jaar of ouder";"Waarde";"2022";"Dennenheuvel";"Apeldoorn                               ";"Buurt     ";"BU02000308          ";"    82.5";"    52.6";"     9.0";"    10.0";"    37.9";"    26.3";"    11.3";"     8.5";"     3.9";"     6.7"
"18 jaar of ouder";"Waarde";"2022";"Holthuizen";"Apeldoorn                               ";"Buurt     ";"BU02000309          ";"    74.4";"    52.0";"    13.9";"    15.0";"    38.6";"    32.7";"    16.0";"    13.0";"     7.0";"     8.8"
"18 jaar of ouder";"Waarde";"2022";"Brouwersmolen-Zuid";"Apeldoorn                               ";"Buurt     ";"BU02000310          ";"    74.8";"    55.8";"     7.9";"    30.5";"    46.5";"    18.9";"    34.1";"    19.5";"    16.2";"    35.5"
"18 jaar of ouder";"Waarde";"2022";"Wernem";"Apeldoorn                               ";"Buurt     ";"BU02000311          ";"    80.3";"    49.4";"    12.8";"    13.6";"    37.2";"    26.0";"    15.1";"    11.3";"     6.4";"     8.7"
"18 jaar of ouder";"Waarde";"2022";"Zuid";"Apeldoorn                               ";"Wijk      ";"WK020004            ";"    64.4";"    47.0";"    19.6";"    22.4";"    47.3";"    36.5";"    25.4";"    20.2";"    13.0";"    16.3"
"18 jaar of ouder";"Waarde";"2022";"Brummelhof";"Apeldoorn                               ";"Buurt     ";"BU02000401          ";"    69.1";"    50.1";"    16.9";"    19.3";"    41.7";"    35.2";"    21.3";"    16.8";"    10.2";"    13.3"
"18 jaar of ouder";"Waarde";"2022";"Vogelkwartier";"Apeldoorn                               ";"Buurt     ";"BU02000402          ";"    62.5";"    46.0";"    20.9";"    23.7";"    47.9";"    37.7";"    26.2";"    20.9";"    13.4";"    16.9"
"18 jaar of ouder";"Waarde";"2022";"Staatsliedenkwartier";"Apeldoorn                               ";"Buurt     ";"BU02000403          ";"    60.3";"    47.8";"    20.6";"    26.1";"    50.8";"    37.6";"    30.8";"    24.0";"    16.5";"    20.2"
"18 jaar of ouder";"Waarde";"2022";"Componistenkwartier";"Apeldoorn                               ";"Buurt     ";"BU02000404          ";"    63.9";"    45.1";"    20.4";"    20.8";"    48.9";"    37.4";"    24.3";"    19.9";"    12.2";"    15.4"
"18 jaar of ouder";"Waarde";"2022";"Rivierenkwartier";"Apeldoorn                               ";"Buurt     ";"BU02000405          ";"    65.4";"    45.3";"    19.6";"    21.7";"    48.4";"    35.5";"    25.1";"    19.9";"    12.8";"    16.4"
"18 jaar of ouder";"Waarde";"2022";"Malkenschoten";"Apeldoorn                               ";"Buurt     ";"BU02000406          ";"    68.6";"    46.4";"    15.5";"    22.8";"    40.4";"    33.2";"    24.5";"    19.9";"    13.5";"    13.9"
"18 jaar of ouder";"Waarde";"2022";"Kayersmolen-Noord";"Apeldoorn                               ";"Buurt     ";"BU02000407          ";"    69.8";"    51.4";"    18.6";"    23.0";"    48.8";"    29.0";"    25.8";"    18.9";"    13.1";"    15.1"
"18 jaar of ouder";"Waarde";"2022";"Kayersmolen-Midden";"Apeldoorn                               ";"Buurt     ";"BU02000408          ";"    72.8";"    47.3";"    18.0";"    23.3";"    40.9";"    30.5";"    19.3";"    16.8";"    10.4";"    10.6"
"18 jaar of ouder";"Waarde";"2022";"Kayersmolen-Zuid";"Apeldoorn                               ";"Buurt     ";"BU02000409          ";"       .";"       .";"       .";"       .";"       .";"       .";"       .";"       .";"       .";"       ."
"18 jaar of ouder";"Waarde";"2022";"Zuidoost";"Apeldoorn                               ";"Wijk      ";"WK020005            ";"    67.8";"    47.3";"    19.2";"    18.8";"    45.5";"    36.3";"    21.4";"    17.2";"    10.1";"    13.5"
"18 jaar of ouder";"Waarde";"2022";"Matendreef";"Apeldoorn                               ";"Buurt     ";"BU02000501          ";"    67.1";"    47.6";"    19.3";"    20.5";"    45.8";"    35.6";"    23.3";"    17.9";"    11.2";"    14.7"
"18 jaar of ouder";"Waarde";"2022";"Matenhorst";"Apeldoorn                               ";"Buurt     ";"BU02000502          ";"    66.3";"    47.6";"    20.0";"    20.7";"    46.7";"    36.4";"    23.5";"    18.7";"    11.6";"    15.2"
"18 jaar of ouder";"Waarde";"2022";"Matendonk";"Apeldoorn                               ";"Buurt     ";"BU02000503          ";"    67.1";"    47.2";"    19.6";"    18.7";"    46.2";"    37.1";"    22.7";"    17.6";"    10.5";"    13.7"
"18 jaar of ouder";"Waarde";"2022";"Matenhoeve";"Apeldoorn                               ";"Buurt     ";"BU02000504          ";"    70.5";"    48.3";"    18.6";"    16.1";"    43.8";"    35.7";"    18.3";"    15.0";"     8.0";"    11.2"
"18 jaar of ouder";"Waarde";"2022";"Matenveld";"Apeldoorn                               ";"Buurt     ";"BU02000505          ";"    69.2";"    46.6";"    19.0";"    18.0";"    44.8";"    35.5";"    19.3";"    16.3";"     9.1";"    12.4"
"18 jaar of ouder";"Waarde";"2022";"Matengaarde";"Apeldoorn                               ";"Buurt     ";"BU02000506          ";"    64.2";"    46.2";"    19.0";"    20.5";"    47.1";"    39.0";"    23.7";"    19.0";"    11.6";"    15.4"
"18 jaar of ouder";"Waarde";"2022";"Matenhoek";"Apeldoorn                               ";"Buurt     ";"BU02000507          ";"    72.2";"    51.1";"    15.5";"    20.5";"    41.2";"    30.5";"    19.6";"    15.5";"     9.7";"    11.3"
"18 jaar of ouder";"Waarde";"2022";"Kuipersveld";"Apeldoorn                               ";"Buurt     ";"BU02000508          ";"       .";"       .";"       .";"       .";"       .";"       .";"       .";"       .";"       .";"       ."
"18 jaar of ouder";"Waarde";"2022";"Oost";"Apeldoorn                               ";"Wijk      ";"WK020006            ";"    73.1";"    49.8";"    15.7";"    15.7";"    42.9";"    32.3";"    18.6";"    14.4";"     8.3";"    11.1"
"18 jaar of ouder";"Waarde";"2022";"Welgelegen";"Apeldoorn                               ";"Buurt     ";"BU02000601          ";"    72.2";"    50.5";"    15.5";"    15.3";"    43.1";"    34.1";"    17.8";"    14.0";"     7.7";"    11.0"
"18 jaar of ouder";"Waarde";"2022";"Osseveld-West";"Apeldoorn                               ";"Buurt     ";"BU02000602          ";"    72.2";"    50.3";"    15.3";"    15.0";"    44.1";"    33.7";"    19.2";"    14.4";"     8.1";"    10.8"
"18 jaar of ouder";"Waarde";"2022";"Osseveld-Oost";"Apeldoorn                               ";"Buurt     ";"BU02000603          ";"    73.3";"    49.3";"    16.1";"    16.6";"    43.2";"    30.8";"    19.9";"    15.0";"     9.2";"    11.8"
"18 jaar of ouder";"Waarde";"2022";"Woudhuis";"Apeldoorn                               ";"Buurt     ";"BU02000604          ";"    72.6";"    48.8";"    16.2";"    15.7";"    43.1";"    32.8";"    18.2";"    14.6";"     8.3";"    11.2"
"18 jaar of ouder";"Waarde";"2022";"Groot Zonnehoeve";"Apeldoorn                               ";"Buurt     ";"BU02000605          ";"    78.4";"    52.1";"    13.7";"    14.8";"    38.4";"    27.6";"    17.9";"    12.4";"     7.8";"     9.3"
"18 jaar of ouder";"Waarde";"2022";"De Voorwaarts";"Apeldoorn                               ";"Buurt     ";"BU02000606          ";"    77.9";"    53.4";"    14.8";"    19.7";"    37.1";"    24.6";"    17.8";"    13.5";"     7.9";"    12.4"
"18 jaar of ouder";"Waarde";"2022";"Bedrijvenpark Ecofactorij";"Apeldoorn                               ";"Buurt     ";"BU02000607          ";"       .";"       .";"       .";"       .";"       .";"       .";"       .";"       .";"       .";"       ."
"18 jaar of ouder";"Waarde";"2022";"Bedrijvenpark Oost";"Apeldoorn                               ";"Buurt     ";"BU02000608          ";"    76.2";"    51.3";"    14.5";"    14.4";"    42.1";"    29.1";"    14.0";"    12.6";"     6.3";"     7.8"
"18 jaar of ouder";"Waarde";"2022";"Noordoost";"Apeldoorn                               ";"Wijk      ";"WK020007            ";"    68.4";"    47.9";"    17.6";"    18.6";"    48.8";"    33.8";"    23.2";"    17.9";"    11.0";"    14.5"
"18 jaar of ouder";"Waarde";"2022";"Zevenhuizen";"Apeldoorn                               ";"Buurt     ";"BU02000701          ";"    72.6";"    49.7";"    15.1";"    14.4";"    43.0";"    34.4";"    17.1";"    13.8";"     7.4";"    10.4"
"18 jaar of ouder";"Waarde";"2022";"Sluisoord";"Apeldoorn                               ";"Buurt     ";"BU02000702          ";"    62.6";"    46.6";"    19.7";"    20.4";"    54.5";"    37.4";"    26.8";"    20.9";"    13.3";"    17.4"
"18 jaar of ouder";"Waarde";"2022";"De Mheen";"Apeldoorn                               ";"Buurt     ";"BU02000703          ";"    69.6";"    47.7";"    18.1";"    18.7";"    45.1";"    32.6";"    22.7";"    16.4";"    10.0";"    13.1"
"18 jaar of ouder";"Waarde";"2022";"Anklaar";"Apeldoorn                               ";"Buurt     ";"BU02000704          ";"    65.4";"    46.3";"    18.5";"    18.7";"    52.5";"    36.9";"    24.9";"    19.2";"    11.7";"    15.9"
"18 jaar of ouder";"Waarde";"2022";"Sprenkelaar";"Apeldoorn                               ";"Buurt     ";"BU02000705          ";"    63.8";"    48.1";"    19.0";"    21.3";"    53.6";"    36.2";"    27.9";"    21.6";"    14.1";"    17.7"
"18 jaar of ouder";"Waarde";"2022";"Bedrijvenpark Apeldoorn Noord";"Apeldoorn                               ";"Buurt     ";"BU02000706          ";"    64.5";"    46.0";"    18.4";"    23.9";"    43.9";"    37.7";"    27.9";"    20.9";"    14.6";"    14.7"
"18 jaar of ouder";"Waarde";"2022";"Sleutelbloem";"Apeldoorn                               ";"Buurt     ";"BU02000707          ";"    72.4";"    50.4";"    14.7";"    22.1";"    39.2";"    31.0";"    22.3";"    15.6";"    10.7";"    15.2"
"18 jaar of ouder";"Waarde";"2022";"Zuidbroek - Mozaïek & Rooster";"Apeldoorn                               ";"Buurt     ";"BU02000708          ";"    76.2";"    49.3";"    15.3";"    16.5";"    43.1";"    27.1";"    18.5";"    14.5";"     8.7";"    11.3"
"18 jaar of ouder";"Waarde";"2022";"Zuidbroek - De Wellen";"Apeldoorn                               ";"Buurt     ";"BU02000709          ";"    72.0";"    48.3";"    15.6";"    19.0";"    43.0";"    30.1";"    22.1";"    17.3";"    11.2";"    14.0"
"18 jaar of ouder";"Waarde";"2022";"Noord";"Apeldoorn                               ";"Wijk      ";"WK020008            ";"    71.4";"    47.8";"    14.6";"    15.3";"    45.1";"    34.3";"    18.7";"    14.9";"     8.3";"    11.9"
"18 jaar of ouder";"Waarde";"2022";"De Parken";"Apeldoorn                               ";"Buurt     ";"BU02000801          ";"    78.7";"    54.0";"    10.3";"    12.5";"    39.0";"    29.6";"    14.6";"    10.7";"     5.9";"     8.4"
"18 jaar of ouder";"Waarde";"2022";"Spainkbos";"Apeldoorn                               ";"Buurt     ";"BU02000802          ";"    71.8";"    47.7";"    13.8";"    14.3";"    44.3";"    34.9";"    17.5";"    13.3";"     7.2";"    11.4"
"18 jaar of ouder";"Waarde";"2022";"Loolaan-Noord";"Apeldoorn                               ";"Buurt     ";"BU02000803          ";"    74.2";"    49.6";"    13.4";"    14.2";"    42.3";"    33.2";"    16.4";"    12.9";"     6.8";"    10.2"
"18 jaar of ouder";"Waarde";"2022";"Het Loo";"Apeldoorn                               ";"Buurt     ";"BU02000804          ";"    75.4";"    49.0";"    13.0";"    11.1";"    43.4";"    33.3";"    13.6";"    11.4";"     5.2";"     8.4"
"18 jaar of ouder";"Waarde";"2022";"Kerschoten-West";"Apeldoorn                               ";"Buurt     ";"BU02000805          ";"    62.6";"    41.9";"    18.8";"    18.5";"    52.3";"    39.7";"    23.6";"    20.1";"    11.3";"    15.9"
"18 jaar of ouder";"Waarde";"2022";"Kerschoten";"Apeldoorn                               ";"Buurt     ";"BU02000806          ";"    65.1";"    43.6";"    18.1";"    19.0";"    50.4";"    37.2";"    24.4";"    19.8";"    11.8";"    16.1"
"18 jaar of ouder";"Waarde";"2022";"Paleispark";"Apeldoorn                               ";"Buurt     ";"BU02000807          ";"    75.9";"    49.0";"    12.6";"    16.5";"    43.8";"    29.5";"    20.3";"    13.1";"     8.9";"    14.2"
"18 jaar of ouder";"Waarde";"2022";"Stadhoudersmolen";"Apeldoorn                               ";"Buurt     ";"BU02000808          ";"    73.9";"    46.3";"    15.8";"    19.5";"    40.6";"    28.9";"    18.6";"    14.2";"     8.3";"    10.5"
"18 jaar of ouder";"Waarde";"2022";"Hommelbrink";"Apeldoorn                               ";"Buurt     ";"BU02000809          ";"    74.1";"    48.8";"    14.2";"    12.8";"    42.9";"    34.2";"    15.0";"    13.0";"     6.0";"     9.4"
"18 jaar of ouder";"Waarde";"2022";"Uddel en omgeving";"Apeldoorn                               ";"Wijk      ";"WK020010            ";"    75.9";"    45.2";"    14.8";"    16.3";"    44.7";"    27.5";"    15.8";"    13.7";"     6.9";"     9.2"
"18 jaar of ouder";"Waarde";"2022";"Uddel";"Apeldoorn                               ";"Buurt     ";"BU02001001          ";"    75.1";"    44.8";"    15.5";"    16.1";"    44.8";"    27.9";"    15.9";"    14.1";"     6.9";"     9.3"
"18 jaar of ouder";"Waarde";"2022";"Agrarisch gebied Uddel";"Apeldoorn                               ";"Buurt     ";"BU02001002          ";"    77.3";"    45.7";"    13.7";"    18.0";"    44.7";"    25.9";"    16.0";"    13.4";"     6.9";"     9.5"
"18 jaar of ouder";"Waarde";"2022";"Bosgebied Meerveld";"Apeldoorn                               ";"Buurt     ";"BU02001003          ";"    77.1";"    46.2";"    13.6";"    15.4";"    45.4";"    27.4";"    15.3";"    12.8";"     6.8";"     8.7"
"18 jaar of ouder";"Waarde";"2022";"Bosgebied Nieuw Milligen";"Apeldoorn                               ";"Buurt     ";"BU02001004          ";"    79.2";"    46.2";"    13.7";"    13.5";"    40.2";"    27.5";"    14.7";"    11.4";"     6.0";"     8.1"
"18 jaar of ouder";"Waarde";"2022";"Hoog Soeren en Radio Kootwijk";"Apeldoorn                               ";"Wijk      ";"WK020011            ";"    76.0";"    46.4";"    12.3";"    11.0";"    42.9";"    31.8";"    12.8";"    11.0";"     4.8";"     8.0"
"18 jaar of ouder";"Waarde";"2022";"Orderbos";"Apeldoorn                               ";"Buurt     ";"BU02001101          ";"       .";"       .";"       .";"       .";"       .";"       .";"       .";"       .";"       .";"       ."
"18 jaar of ouder";"Waarde";"2022";"Hoog Soeren";"Apeldoorn                               ";"Buurt     ";"BU02001102          ";"    76.8";"    46.8";"    11.3";"    10.1";"    44.0";"    32.1";"    12.0";"    10.3";"     4.3";"     7.2"
"18 jaar of ouder";"Waarde";"2022";"Bosgebied Hoog Soeren";"Apeldoorn                               ";"Buurt     ";"BU02001103          ";"    72.1";"    44.8";"    13.0";"    13.9";"    46.1";"    33.1";"    16.0";"    13.9";"     6.6";"    10.5"
"18 jaar of ouder";"Waarde";"2022";"Bosgebied Hoog Buurloo";"Apeldoorn                               ";"Buurt     ";"BU02001104          ";"    76.1";"    46.4";"    14.0";"    11.2";"    39.9";"    30.8";"    12.8";"    11.0";"     4.9";"     8.5"
"18 jaar of ouder";"Waarde";"2022";"Hoenderloo en omgeving";"Apeldoorn                               ";"Wijk      ";"WK020012            ";"    71.7";"    44.9";"    15.8";"    15.4";"    42.7";"    34.1";"    16.6";"    14.3";"     7.2";"    10.2"
"18 jaar of ouder";"Waarde";"2022";"Hoenderloo";"Apeldoorn                               ";"Buurt     ";"BU02001201          ";"    70.8";"    43.5";"    16.7";"    15.0";"    43.6";"    34.3";"    16.9";"    14.7";"     7.0";"    10.2"
"18 jaar of ouder";"Waarde";"2022";"Bosgebied Ugchelen";"Apeldoorn                               ";"Buurt     ";"BU02001202          ";"    72.0";"    46.3";"    15.5";"    16.1";"    40.4";"    33.0";"    16.4";"    14.2";"     7.2";"     9.7"
"18 jaar of ouder";"Waarde";"2022";"Bosgebied Hoenderloo";"Apeldoorn                               ";"Buurt     ";"BU02001203          ";"    72.7";"    47.5";"    15.7";"    17.5";"    41.0";"    32.3";"    17.1";"    14.3";"     7.8";"    10.6"
"18 jaar of ouder";"Waarde";"2022";"Miggelenberg";"Apeldoorn                               ";"Buurt     ";"BU02001204          ";"    72.7";"    46.0";"    14.3";"    15.1";"    42.4";"    34.7";"    16.0";"    13.7";"     7.1";"    10.2"
"18 jaar of ouder";"Waarde";"2022";"Loenen en omgeving";"Apeldoorn                               ";"Wijk      ";"WK020013            ";"    72.6";"    45.4";"    16.2";"    14.4";"    39.8";"    33.0";"    16.5";"    13.8";"     6.6";"     9.8"
"18 jaar of ouder";"Waarde";"2022";"Het Goreld";"Apeldoorn                               ";"Buurt     ";"BU02001301          ";"    77.3";"    48.3";"    12.9";"    12.8";"    38.2";"    28.8";"    13.5";"    12.4";"     5.2";"     7.5"
"18 jaar of ouder";"Waarde";"2022";"Loenen";"Apeldoorn                               ";"Buurt     ";"BU02001302          ";"    70.8";"    44.4";"    17.4";"    15.0";"    40.7";"    34.4";"    17.5";"    14.6";"     7.1";"    10.5"
"18 jaar of ouder";"Waarde";"2022";"Bosgebied Loenen";"Apeldoorn                               ";"Buurt     ";"BU02001303          ";"    76.5";"    47.7";"    13.7";"    13.1";"    37.8";"    30.5";"    14.4";"    11.9";"     5.7";"     8.4"
"18 jaar of ouder";"Waarde";"2022";"Beekbergen en omgeving";"Apeldoorn                               ";"Wijk      ";"WK020014            ";"    72.6";"    46.4";"    15.4";"    16.2";"    41.1";"    32.6";"    17.2";"    14.0";"     7.4";"    11.2"
"18 jaar of ouder";"Waarde";"2022";"Beekbergen";"Apeldoorn                               ";"Buurt     ";"BU02001401          ";"    71.5";"    45.6";"    15.8";"    15.7";"    42.7";"    33.3";"    17.1";"    14.4";"     7.4";"    11.0"
"18 jaar of ouder";"Waarde";"2022";"Bosgebied Beekbergen-West";"Apeldoorn                               ";"Buurt     ";"BU02001402          ";"    78.0";"    49.5";"    12.3";"    11.4";"    40.1";"    29.5";"    12.4";"    10.6";"     4.7";"     7.5"
"18 jaar of ouder";"Waarde";"2022";"Agrarisch gebied Beekbergen";"Apeldoorn                               ";"Buurt     ";"BU02001403          ";"    78.1";"    49.7";"    12.7";"    12.6";"    36.8";"    28.6";"    13.9";"    11.2";"     5.6";"     7.7"
"18 jaar of ouder";"Waarde";"2022";"Bosgebied Beekbergen-Zuid";"Apeldoorn                               ";"Buurt     ";"BU02001404          ";"    71.2";"    46.0";"    16.4";"    19.8";"    39.8";"    33.5";"    19.9";"    15.2";"     8.7";"    13.9"
"18 jaar of ouder";"Waarde";"2022";"Lieren en omgeving";"Apeldoorn                               ";"Wijk      ";"WK020015            ";"    76.1";"    47.0";"    13.8";"    12.7";"    39.5";"    29.9";"    13.9";"    12.5";"     5.6";"     7.9"
"18 jaar of ouder";"Waarde";"2022";"Lieren";"Apeldoorn                               ";"Buurt     ";"BU02001501          ";"    75.1";"    45.9";"    14.7";"    13.0";"    40.1";"    31.3";"    14.2";"    12.8";"     5.8";"     8.2"
"18 jaar of ouder";"Waarde";"2022";"Agrarisch gebied Lieren-Oosterhuizen";"Apeldoorn                               ";"Buurt     ";"BU02001502          ";"    77.3";"    48.1";"    12.7";"    12.2";"    39.6";"    28.0";"    13.8";"    12.3";"     5.5";"     7.5"
"18 jaar of ouder";"Waarde";"2022";"Bosgebied Oosterhuizen";"Apeldoorn                               ";"Buurt     ";"BU02001503          ";"    76.9";"    48.1";"    13.7";"    12.7";"    35.9";"    30.8";"    12.7";"    11.2";"     5.0";"     7.5"
"18 jaar of ouder";"Waarde";"2022";"Klarenbeek en omgeving";"Apeldoorn                               ";"Wijk      ";"WK020016            ";"    75.6";"    47.2";"    14.6";"    14.2";"    38.2";"    29.7";"    15.1";"    12.9";"     6.2";"     8.8"
"18 jaar of ouder";"Waarde";"2022";"Wolthuis";"Apeldoorn                               ";"Buurt     ";"BU02001601          ";"    76.7";"    47.2";"    13.2";"    12.9";"    39.5";"    28.3";"    14.2";"    12.5";"     6.0";"     8.0"
"18 jaar of ouder";"Waarde";"2022";"Klarenbeek";"Apeldoorn                               ";"Buurt     ";"BU02001602          ";"    73.1";"    45.9";"    16.1";"    16.3";"    39.2";"    31.6";"    16.8";"    14.2";"     7.2";"    10.3"
"18 jaar of ouder";"Waarde";"2022";"De Hooilanden";"Apeldoorn                               ";"Buurt     ";"BU02001603          ";"    76.5";"    47.8";"    14.2";"    13.6";"    37.5";"    29.3";"    14.6";"    12.3";"     5.8";"     8.4"
"18 jaar of ouder";"Waarde";"2022";"De Hooilanden-Oosterhuizen";"Apeldoorn                               ";"Buurt     ";"BU02001604          ";"    77.7";"    48.9";"    13.6";"    12.2";"    37.0";"    28.0";"    13.4";"    11.8";"     5.2";"     7.1"
"18 jaar of ouder";"Waarde";"2022";"Wenum Wiesel Beemte";"Apeldoorn                               ";"Wijk      ";"WK020017            ";"    76.3";"    47.6";"    13.7";"    13.8";"    39.8";"    29.4";"    14.6";"    12.3";"     5.9";"     8.3"
"18 jaar of ouder";"Waarde";"2022";"Wenum";"Apeldoorn                               ";"Buurt     ";"BU02001701          ";"    77.2";"    47.6";"    13.7";"    13.0";"    39.6";"    29.3";"    14.2";"    11.7";"     5.3";"     8.0"
"18 jaar of ouder";"Waarde";"2022";"Beemte";"Apeldoorn                               ";"Buurt     ";"BU02001702          ";"    76.8";"    46.4";"    14.2";"    15.0";"    37.0";"    27.5";"    14.0";"    12.4";"     6.0";"     7.8"
"18 jaar of ouder";"Waarde";"2022";"Bosgebied Wiesel";"Apeldoorn                               ";"Buurt     ";"BU02001703          ";"       .";"       .";"       .";"       .";"       .";"       .";"       .";"       .";"       .";"       ."
"18 jaar of ouder";"Waarde";"2022";"Agrarisch gebied Wiesel";"Apeldoorn                               ";"Buurt     ";"BU02001704          ";"    74.5";"    46.9";"    14.1";"    16.0";"    40.4";"    31.0";"    16.5";"    13.3";"     6.9";"     9.2"
"18 jaar of ouder";"Waarde";"2022";"Agrarisch gebied Wenum";"Apeldoorn                               ";"Buurt     ";"BU02001705          ";"    76.1";"    46.7";"    13.6";"    12.6";"    40.6";"    30.4";"    14.1";"    11.9";"     5.5";"     8.2"
"18 jaar of ouder";"Waarde";"2022";"Agrarisch gebied Beemte Broekland";"Apeldoorn                               ";"Buurt     ";"BU02001706          ";"    78.1";"    49.3";"    13.1";"    12.4";"    39.0";"    27.0";"    13.1";"    11.6";"     5.2";"     7.4"
